borrower_id,income_band,annual_income,employment_type,years_employed,credit_grade,credit_score,region,age
B000001,Upper-Middle,1416057,Salaried,0,E,516,North,51
B000002,Lower-Middle,373689,Business Owner,17,B,788,South,34
B000003,Upper-Middle,1534494,Unemployed,3,C,689,East,54
B000004,Middle,711639,Salaried,2,A,849,East,41
B000005,Low,171887,Freelancer,6,C,589,Central,59
B000006,High,2591993,Business Owner,22,E,507,South,42
B000007,Upper-Middle,1667912,Freelancer,19,F,459,East,49
B000008,Upper-Middle,1333013,Salaried,8,D,561,North,45
B000009,Low,294521,Salaried,28,C,669,North,63
B000010,Middle,614875,Salaried,28,E,534,East,59
B000011,Lower-Middle,305502,Business Owner,3,D,593,South,40
B000012,High,3771822,Freelancer,0,C,682,West,52
B000013,Middle,676834,Salaried,28,C,660,Central,30
B000014,Upper-Middle,1173172,Salaried,16,D,587,North,58
B000015,Lower-Middle,534559,Salaried,24,C,675,North,48
B000016,Lower-Middle,354228,Self-Employed,21,D,590,East,38
B000017,Middle,845720,Freelancer,25,A,821,North,60
B000018,Low,156709,Salaried,12,D,640,South,54
B000019,Upper-Middle,1700720,Self-Employed,13,D,580,West,28
B000020,Middle,828316,Self-Employed,28,C,645,North,63
B000021,Upper-Middle,1359217,Freelancer,19,C,652,West,33
B000022,Lower-Middle,408911,Business Owner,8,D,552,North,24
B000023,High,2487698,Salaried,13,D,574,West,36
B000024,Upper-Middle,1211300,Self-Employed,0,B,752,West,40
B000025,Upper-Middle,1780132,Business Owner,29,C,695,North,24
B000026,Lower-Middle,391539,Freelancer,20,A,818,East,47
B000027,Middle,695066,Self-Employed,15,C,635,East,40
B000028,Low,218680,Salaried,15,D,530,Central,46
B000029,Low,188613,Self-Employed,29,C,679,North,42
B000030,Middle,708613,Self-Employed,18,C,687,West,43
B000031,Upper-Middle,1212303,Salaried,5,C,585,East,27
B000032,High,2103254,Unemployed,16,C,680,Central,57
B000033,Lower-Middle,566064,Salaried,1,A,832,West,48
B000034,Lower-Middle,355254,Freelancer,21,G,336,South,30
B000035,Middle,608759,Salaried,21,D,628,North,25
B000036,Lower-Middle,533281,Salaried,14,D,537,East,63
B000037,Low,217733,Self-Employed,23,B,746,Central,44
B000038,Middle,741663,Self-Employed,2,F,426,East,56
B000039,Lower-Middle,459911,Freelancer,2,D,606,East,42
B000040,Middle,822700,Self-Employed,1,C,666,East,33
B000041,Lower-Middle,415466,Salaried,15,E,513,South,33
B000042,Upper-Middle,1681204,Freelancer,0,C,682,Central,22
B000043,Middle,937118,Self-Employed,7,F,425,North,45
B000044,Lower-Middle,409606,Salaried,28,B,786,East,52
B000045,Upper-Middle,1177682,Freelancer,5,E,487,Central,25
B000046,Upper-Middle,1389179,Salaried,28,G,331,South,22
B000047,Lower-Middle,346858,Salaried,23,D,577,East,28
B000048,Lower-Middle,384696,Self-Employed,11,F,422,West,42
B000049,Middle,753264,Self-Employed,21,A,831,North,43
B000050,Low,207425,Salaried,20,D,591,South,46
B000051,Lower-Middle,353825,Freelancer,18,C,681,West,57
B000052,Low,226423,Salaried,1,C,694,North,64
B000053,Upper-Middle,1491049,Unemployed,1,C,667,South,60
B000054,Middle,844670,Salaried,21,D,556,East,34
B000055,Middle,920906,Salaried,11,D,578,Central,40
B000056,Upper-Middle,1061732,Salaried,13,C,634,North,52
B000057,Middle,662756,Salaried,19,C,659,East,32
B000058,Middle,774787,Salaried,14,B,721,West,62
B000059,Low,222423,Freelancer,10,D,582,South,26
B000060,Low,180820,Business Owner,3,B,787,East,41
B000061,Middle,719740,Business Owner,29,C,694,East,54
B000062,Middle,663758,Salaried,11,G,300,Central,26
B000063,Middle,817094,Freelancer,23,G,316,West,64
B000064,Upper-Middle,1381730,Salaried,5,D,643,East,26
B000065,Middle,875175,Business Owner,9,B,746,North,32
B000066,Middle,852201,Business Owner,0,D,592,South,38
B000067,Middle,708356,Salaried,1,D,610,Central,49
B000068,Lower-Middle,528068,Salaried,12,A,813,East,35
B000069,Low,172774,Freelancer,9,G,319,South,46
B000070,Lower-Middle,489118,Salaried,3,C,694,West,34
B000071,Lower-Middle,486017,Self-Employed,6,C,662,Central,36
B000072,Lower-Middle,370622,Freelancer,5,D,543,North,42
B000073,Upper-Middle,1156302,Salaried,22,F,432,Central,34
B000074,Lower-Middle,332025,Salaried,9,E,446,South,44
B000075,Low,243056,Salaried,9,B,703,East,39
B000076,Lower-Middle,409192,Business Owner,13,E,454,South,32
B000077,Lower-Middle,599615,Salaried,5,F,390,North,38
B000078,Middle,853977,Salaried,7,E,451,South,40
B000079,Middle,603960,Salaried,6,B,730,Central,42
B000080,Upper-Middle,1299054,Unemployed,28,D,562,Central,49
B000081,Middle,605682,Freelancer,18,E,523,South,33
B000082,Lower-Middle,487964,Self-Employed,27,B,771,West,45
B000083,Upper-Middle,1734096,Freelancer,25,D,586,West,40
B000084,Low,261740,Self-Employed,7,D,621,East,54
B000085,Low,189801,Freelancer,1,D,623,Central,48
B000086,Low,176808,Salaried,13,B,736,North,33
B000087,Middle,950954,Salaried,10,C,645,Central,30
B000088,Middle,647736,Freelancer,18,D,564,East,37
B000089,Low,256476,Salaried,4,B,766,North,36
B000090,Middle,697739,Salaried,5,C,705,West,45
B000091,Low,195237,Business Owner,6,C,643,Central,31
B000092,Middle,618695,Self-Employed,18,A,848,South,60
B000093,Lower-Middle,350970,Salaried,5,D,577,East,57
B000094,Lower-Middle,311793,Salaried,12,G,347,Central,47
B000095,Lower-Middle,456147,Salaried,7,C,693,East,50
B000096,Middle,779958,Salaried,0,C,643,South,33
B000097,Lower-Middle,459727,Salaried,5,B,781,West,45
B000098,Low,159801,Self-Employed,7,D,573,North,22
B000099,Low,270915,Business Owner,24,C,677,South,27
B000100,High,2073137,Salaried,5,F,368,Central,43
B000101,Upper-Middle,1665520,Salaried,17,D,529,North,25
B000102,Middle,728844,Self-Employed,24,C,662,East,62
B000103,Lower-Middle,433183,Salaried,29,C,645,West,53
B000104,High,3235805,Salaried,14,D,575,East,50
B000105,Upper-Middle,1484322,Salaried,1,B,743,South,60
B000106,Middle,826324,Self-Employed,5,C,671,Central,39
B000107,Lower-Middle,420045,Salaried,16,C,676,Central,58
B000108,Lower-Middle,443954,Salaried,17,D,599,Central,24
B000109,Low,159829,Self-Employed,29,D,598,North,56
B000110,Upper-Middle,1129664,Business Owner,13,E,523,Central,26
B000111,Middle,893106,Business Owner,13,B,763,East,26
B000112,Lower-Middle,501678,Freelancer,12,F,368,West,53
B000113,Lower-Middle,401043,Self-Employed,8,D,605,South,51
B000114,Middle,916954,Salaried,6,E,497,East,34
B000115,Low,270924,Salaried,28,D,600,West,27
B000116,Upper-Middle,1422003,Salaried,19,E,511,East,33
B000117,Upper-Middle,1783879,Salaried,25,D,573,East,41
B000118,Middle,706616,Salaried,24,A,843,South,31
B000119,Lower-Middle,388421,Salaried,26,C,721,Central,62
B000120,Middle,603731,Self-Employed,14,F,367,North,60
B000121,Middle,659943,Self-Employed,8,C,658,South,38
B000122,Middle,927185,Salaried,4,E,512,Central,34
B000123,Low,244388,Salaried,24,F,395,East,29
B000124,Lower-Middle,357042,Salaried,7,C,656,North,28
B000125,Low,251594,Salaried,25,E,511,North,24
B000126,Middle,665423,Salaried,9,C,705,Central,37
B000127,Lower-Middle,422008,Salaried,4,A,854,Central,60
B000128,Low,299710,Salaried,26,D,541,South,52
B000129,Low,197445,Unemployed,10,E,493,South,23
B000130,Middle,871699,Self-Employed,18,C,680,South,39
B000131,Low,150910,Self-Employed,12,B,734,Central,35
B000132,High,2458925,Salaried,27,D,619,North,54
B000133,Middle,722246,Salaried,5,E,504,North,44
B000134,Lower-Middle,551390,Salaried,9,D,555,South,51
B000135,Middle,668182,Freelancer,23,C,684,Central,23
B000136,Low,198317,Salaried,26,C,684,North,36
B000137,High,2158668,Salaried,17,D,564,South,36
B000138,Middle,790568,Unemployed,23,B,728,North,59
B000139,Upper-Middle,1217573,Salaried,18,E,483,South,54
B000140,Low,176723,Salaried,28,B,744,West,24
B000141,Middle,772611,Self-Employed,28,D,587,North,28
B000142,Middle,789156,Salaried,7,E,483,East,53
B000143,High,2479903,Freelancer,10,D,593,North,36
B000144,Middle,986738,Salaried,28,E,496,North,43
B000145,Middle,658239,Business Owner,8,B,779,East,37
B000146,Lower-Middle,514163,Salaried,19,C,685,South,35
B000147,Lower-Middle,458203,Business Owner,29,E,516,West,26
B000148,Middle,753881,Business Owner,22,F,378,North,38
B000149,Lower-Middle,502238,Business Owner,19,D,607,North,56
B000150,Low,173058,Freelancer,5,B,810,Central,46
B000151,Upper-Middle,1744068,Self-Employed,6,B,791,East,28
B000152,Upper-Middle,1666519,Salaried,6,E,452,Central,33
B000153,Low,261596,Salaried,2,D,622,North,52
B000154,Middle,983310,Salaried,29,B,780,South,47
B000155,Low,291110,Salaried,25,D,606,West,64
B000156,Middle,680776,Salaried,23,B,740,South,44
B000157,Lower-Middle,565972,Business Owner,23,B,723,South,62
B000158,Middle,916497,Business Owner,26,F,438,North,54
B000159,Middle,773510,Unemployed,21,D,568,South,59
B000160,Upper-Middle,1425031,Salaried,7,B,739,West,28
B000161,Low,234312,Business Owner,7,F,360,South,38
B000162,High,2939635,Business Owner,14,G,300,North,36
B000163,Lower-Middle,427345,Unemployed,5,F,400,West,25
B000164,Low,243367,Business Owner,15,E,513,West,43
B000165,Middle,929416,Salaried,21,G,318,East,23
B000166,Lower-Middle,585984,Salaried,7,B,756,South,53
B000167,Upper-Middle,1532806,Freelancer,6,F,434,West,32
B000168,Upper-Middle,1757291,Self-Employed,4,C,708,West,35
B000169,Lower-Middle,588758,Business Owner,16,A,827,East,31
B000170,High,3230777,Business Owner,5,A,855,South,34
B000171,Lower-Middle,384948,Business Owner,27,B,763,East,41
B000172,Middle,807437,Business Owner,9,E,482,North,60
B000173,Lower-Middle,571240,Freelancer,23,F,412,North,26
B000174,High,2079461,Freelancer,12,B,797,South,25
B000175,Low,261370,Salaried,25,E,439,East,34
B000176,Low,291923,Salaried,0,E,496,West,52
B000177,Lower-Middle,515323,Salaried,6,A,854,South,54
B000178,High,3885978,Salaried,14,E,484,West,56
B000179,Upper-Middle,1577829,Business Owner,16,A,869,South,50
B000180,Upper-Middle,1789097,Business Owner,15,C,663,East,32
B000181,Upper-Middle,1768759,Salaried,20,D,562,North,49
B000182,Upper-Middle,1502018,Salaried,14,F,420,South,40
B000183,Middle,840033,Salaried,23,B,728,North,51
B000184,Lower-Middle,569060,Business Owner,17,C,653,West,43
B000185,Upper-Middle,1616283,Self-Employed,27,D,559,West,61
B000186,Middle,839150,Salaried,2,E,532,North,54
B000187,Lower-Middle,514186,Salaried,20,F,404,South,64
B000188,Low,160584,Self-Employed,26,C,635,West,59
B000189,Upper-Middle,1764172,Self-Employed,1,E,496,West,42
B000190,Lower-Middle,427511,Business Owner,7,D,552,West,38
B000191,High,1997270,Freelancer,7,B,767,West,33
B000192,Lower-Middle,413657,Salaried,13,D,547,North,36
B000193,Low,227092,Salaried,15,C,632,West,29
B000194,Upper-Middle,1797355,Salaried,25,E,508,Central,36
B000195,Low,240005,Salaried,11,C,654,East,59
B000196,Low,156797,Salaried,21,C,701,Central,29
B000197,Middle,628896,Salaried,25,F,345,Central,59
B000198,Upper-Middle,1326310,Salaried,21,F,414,Central,23
B000199,Lower-Middle,559292,Business Owner,27,C,658,Central,28
B000200,Lower-Middle,408061,Salaried,24,E,508,North,60
B000201,Upper-Middle,1787535,Business Owner,11,G,300,South,44
B000202,High,1831437,Salaried,29,A,865,Central,34
B000203,Middle,818926,Salaried,28,D,573,North,29
B000204,Low,296505,Salaried,1,B,762,North,21
B000205,Low,222508,Salaried,28,E,523,South,30
B000206,Lower-Middle,452342,Salaried,29,B,761,South,27
B000207,Low,197913,Business Owner,25,E,474,West,51
B000208,Middle,920105,Freelancer,28,B,736,East,62
B000209,Low,289540,Salaried,24,C,682,West,32
B000210,Middle,770843,Salaried,4,E,518,South,23
B000211,Middle,965128,Salaried,0,A,867,East,64
B000212,Middle,655846,Business Owner,8,F,444,South,51
B000213,Lower-Middle,502472,Salaried,1,B,767,Central,38
B000214,Upper-Middle,1245995,Salaried,19,D,566,Central,55
B000215,Middle,642381,Freelancer,25,E,524,Central,51
B000216,Upper-Middle,1493641,Freelancer,26,B,726,North,53
B000217,Low,231511,Self-Employed,2,D,560,North,28
B000218,Low,235093,Salaried,16,D,582,East,35
B000219,High,3422642,Salaried,15,D,554,West,43
B000220,Lower-Middle,442706,Salaried,15,D,594,Central,49
B000221,Lower-Middle,414280,Self-Employed,27,C,659,West,45
B000222,Middle,896487,Business Owner,3,C,696,South,33
B000223,Middle,889387,Salaried,2,B,772,South,37
B000224,High,2959301,Freelancer,21,F,447,Central,39
B000225,Lower-Middle,485972,Salaried,18,C,626,West,24
B000226,High,2918911,Business Owner,14,C,682,Central,57
B000227,Low,243904,Salaried,5,A,853,South,49
B000228,Middle,759822,Salaried,3,E,493,South,47
B000229,Middle,925545,Salaried,18,D,570,West,54
B000230,Low,256032,Self-Employed,27,B,768,East,41
B000231,Low,256946,Salaried,28,F,351,Central,46
B000232,Lower-Middle,594306,Salaried,7,F,350,North,51
B000233,High,2909794,Business Owner,17,F,379,West,49
B000234,Middle,980196,Business Owner,15,D,530,Central,53
B000235,High,2672064,Self-Employed,28,C,680,East,24
B000236,Upper-Middle,1727909,Self-Employed,25,B,735,North,61
B000237,Middle,826390,Self-Employed,3,C,668,North,44
B000238,Upper-Middle,1456081,Self-Employed,20,D,587,East,54
B000239,Low,281177,Salaried,24,B,756,West,22
B000240,Low,293169,Salaried,7,C,686,West,42
B000241,Upper-Middle,1159652,Salaried,10,D,568,North,40
B000242,Upper-Middle,1103889,Salaried,29,E,488,West,30
B000243,Lower-Middle,533131,Salaried,11,A,837,Central,60
B000244,Middle,743283,Salaried,2,F,423,West,41
B000245,Middle,655269,Salaried,29,C,636,South,60
B000246,Upper-Middle,1184697,Business Owner,24,D,589,North,40
B000247,Middle,739407,Self-Employed,1,F,438,East,47
B000248,Lower-Middle,531895,Self-Employed,13,B,771,West,47
B000249,Lower-Middle,322116,Freelancer,22,F,384,Central,48
B000250,Lower-Middle,451991,Salaried,2,E,498,West,48
B000251,Middle,607012,Salaried,13,G,300,East,56
B000252,Upper-Middle,1558924,Salaried,7,C,697,East,30
B000253,Middle,985332,Self-Employed,3,B,771,North,52
B000254,Lower-Middle,407054,Salaried,2,A,853,West,56
B000255,Lower-Middle,576899,Freelancer,16,E,525,West,57
B000256,Upper-Middle,1707783,Salaried,6,B,761,North,39
B000257,Upper-Middle,1278608,Salaried,21,C,633,South,39
B000258,Low,181241,Self-Employed,26,G,311,North,55
B000259,Low,199520,Salaried,15,C,662,Central,43
B000260,Middle,966210,Business Owner,8,B,759,North,21
B000261,Low,213838,Self-Employed,6,E,502,East,54
B000262,Upper-Middle,1398675,Business Owner,18,C,687,South,54
B000263,Lower-Middle,343919,Self-Employed,21,D,552,Central,43
B000264,Low,184230,Salaried,5,B,760,South,45
B000265,High,3837721,Salaried,10,C,664,Central,44
B000266,Low,287150,Self-Employed,7,B,765,North,39
B000267,Lower-Middle,388908,Salaried,23,E,500,North,51
B000268,Low,255029,Salaried,10,C,668,East,27
B000269,Low,253005,Salaried,18,C,639,East,33
B000270,Low,213265,Self-Employed,28,G,307,West,60
B000271,Low,257070,Salaried,7,E,518,East,56
B000272,Low,284284,Unemployed,6,D,551,East,23
B000273,Low,266175,Salaried,10,F,433,South,28
B000274,Middle,820242,Salaried,19,B,717,Central,26
B000275,Middle,854103,Salaried,11,D,584,East,63
B000276,Lower-Middle,551332,Salaried,11,F,384,South,58
B000277,Lower-Middle,524921,Salaried,25,D,579,North,46
B000278,Middle,975608,Self-Employed,4,C,687,East,51
B000279,Upper-Middle,1671703,Salaried,17,E,513,East,48
B000280,Upper-Middle,1045821,Salaried,16,B,791,North,58
B000281,Low,257484,Salaried,12,B,720,Central,61
B000282,Lower-Middle,340169,Salaried,11,E,467,West,63
B000283,Lower-Middle,550122,Freelancer,19,A,835,South,36
B000284,Lower-Middle,330021,Salaried,26,A,830,West,35
B000285,Middle,715044,Business Owner,2,C,680,North,26
B000286,Lower-Middle,394408,Salaried,27,C,689,North,56
B000287,Low,289925,Salaried,0,C,623,West,39
B000288,Lower-Middle,596448,Business Owner,17,E,462,North,22
B000289,Middle,815500,Salaried,11,D,575,Central,57
B000290,Low,228308,Freelancer,8,E,489,North,61
B000291,Upper-Middle,1432246,Salaried,24,A,889,West,58
B000292,Low,246018,Salaried,15,C,638,East,49
B000293,High,1951461,Freelancer,6,G,300,North,59
B000294,Low,194470,Salaried,26,C,702,North,60
B000295,Upper-Middle,1489474,Unemployed,10,B,746,North,44
B000296,Upper-Middle,1187780,Freelancer,20,G,327,West,45
B000297,High,3140479,Salaried,4,C,657,Central,35
B000298,Upper-Middle,1720566,Salaried,2,C,662,South,48
B000299,Upper-Middle,1614759,Business Owner,17,B,773,South,64
B000300,Middle,813460,Salaried,1,D,572,Central,61
B000301,Upper-Middle,1223107,Business Owner,28,B,740,East,58
B000302,Low,211742,Salaried,4,D,596,South,34
B000303,Middle,634376,Salaried,15,E,466,East,54
B000304,Middle,658027,Salaried,16,D,598,South,36
B000305,Upper-Middle,1798863,Business Owner,25,A,840,South,21
B000306,Middle,966723,Business Owner,5,A,826,Central,58
B000307,Lower-Middle,485263,Self-Employed,27,E,510,West,34
B000308,Middle,851662,Salaried,7,F,388,North,63
B000309,Lower-Middle,384186,Salaried,28,B,754,East,45
B000310,Low,208722,Salaried,15,C,619,Central,50
B000311,Middle,682031,Salaried,8,D,549,East,46
B000312,Lower-Middle,585103,Salaried,16,E,518,North,39
B000313,Lower-Middle,544546,Self-Employed,22,F,403,East,60
B000314,Lower-Middle,388110,Salaried,24,D,607,East,25
B000315,Lower-Middle,408768,Salaried,8,B,756,South,28
B000316,Lower-Middle,303320,Self-Employed,13,E,491,Central,47
B000317,Lower-Middle,380363,Salaried,15,E,530,North,63
B000318,Middle,706126,Unemployed,23,C,679,North,57
B000319,Lower-Middle,346104,Salaried,20,D,620,North,52
B000320,High,3813861,Salaried,2,B,747,North,25
B000321,High,1850954,Freelancer,1,C,663,South,23
B000322,Middle,824259,Self-Employed,16,F,380,South,33
B000323,Lower-Middle,425190,Business Owner,24,A,863,Central,52
B000324,Middle,760129,Salaried,12,E,466,South,25
B000325,Upper-Middle,1120432,Salaried,8,A,891,South,36
B000326,Middle,917260,Self-Employed,27,C,628,East,35
B000327,Upper-Middle,1259287,Salaried,7,D,579,North,27
B000328,Middle,873748,Self-Employed,21,A,834,West,46
B000329,Middle,726335,Salaried,4,D,585,Central,31
B000330,Lower-Middle,572543,Salaried,20,C,650,North,26
B000331,Upper-Middle,1181931,Salaried,13,E,495,West,40
B000332,Lower-Middle,549675,Business Owner,27,G,319,East,41
B000333,Middle,897409,Salaried,17,C,683,Central,30
B000334,Upper-Middle,1696085,Unemployed,7,A,893,West,21
B000335,Low,298012,Salaried,15,E,488,Central,24
B000336,Middle,831104,Salaried,22,C,662,Central,57
B000337,Low,259489,Salaried,12,B,754,West,57
B000338,Middle,828213,Self-Employed,25,F,363,Central,50
B000339,Low,284147,Business Owner,25,B,783,West,32
B000340,High,3157265,Salaried,29,D,555,Central,49
B000341,Low,276924,Salaried,15,B,786,East,61
B000342,High,2382089,Business Owner,12,E,467,North,58
B000343,Upper-Middle,1035988,Salaried,10,D,538,West,52
B000344,Middle,639532,Self-Employed,19,D,519,North,27
B000345,Upper-Middle,1522072,Business Owner,16,D,601,East,40
B000346,Upper-Middle,1668293,Salaried,5,B,791,West,63
B000347,High,2332868,Self-Employed,27,A,859,Central,55
B000348,Lower-Middle,477081,Business Owner,16,E,464,South,23
B000349,Middle,810119,Salaried,12,F,370,Central,59
B000350,Low,248838,Salaried,13,E,478,South,40
B000351,Middle,692193,Salaried,9,E,512,West,27
B000352,Low,183314,Business Owner,4,C,662,Central,21
B000353,Middle,911821,Self-Employed,2,D,542,West,38
B000354,Middle,619400,Salaried,27,D,557,East,61
B000355,Middle,877596,Salaried,22,A,854,East,47
B000356,Middle,628613,Salaried,27,C,700,South,42
B000357,Upper-Middle,1082537,Salaried,21,B,775,North,43
B000358,Upper-Middle,1194289,Salaried,28,C,648,East,33
B000359,Middle,736585,Salaried,27,E,489,North,21
B000360,Middle,994712,Salaried,5,C,695,South,40
B000361,High,2804074,Self-Employed,15,E,488,Central,29
B000362,Low,214346,Self-Employed,0,G,300,North,62
B000363,Low,265626,Salaried,0,F,382,North,32
B000364,Low,190457,Self-Employed,22,E,408,Central,31
B000365,Middle,838795,Salaried,14,E,497,West,40
B000366,Lower-Middle,509949,Salaried,8,C,702,South,36
B000367,Upper-Middle,1684931,Unemployed,13,E,526,North,47
B000368,Middle,648959,Self-Employed,18,D,578,East,21
B000369,Lower-Middle,496449,Salaried,24,G,300,Central,63
B000370,Upper-Middle,1003817,Salaried,16,D,574,North,30
B000371,Upper-Middle,1397437,Self-Employed,14,C,673,Central,50
B000372,Lower-Middle,408192,Salaried,17,E,521,North,59
B000373,Lower-Middle,544418,Freelancer,4,E,499,Central,23
B000374,Lower-Middle,518159,Salaried,14,B,718,North,42
B000375,Low,253726,Salaried,9,D,600,South,47
B000376,Low,175430,Self-Employed,0,D,532,North,25
B000377,High,2482260,Self-Employed,20,D,584,East,50
B000378,Lower-Middle,386294,Salaried,8,F,442,West,57
B000379,Lower-Middle,358204,Freelancer,19,D,539,North,26
B000380,Middle,768511,Freelancer,27,F,397,North,58
B000381,Middle,770077,Salaried,0,C,668,North,41
B000382,High,2569776,Salaried,12,A,850,East,64
B000383,Upper-Middle,1635269,Salaried,8,C,690,East,33
B000384,Middle,876231,Self-Employed,9,D,563,West,23
B000385,Lower-Middle,538483,Self-Employed,29,E,507,Central,49
B000386,High,3578161,Salaried,0,D,573,South,40
B000387,Middle,688282,Freelancer,16,C,673,East,48
B000388,High,3881718,Salaried,11,C,635,North,59
B000389,Low,247573,Business Owner,2,G,337,South,58
B000390,Upper-Middle,1638622,Business Owner,6,B,764,South,26
B000391,Middle,971339,Salaried,4,B,775,North,23
B000392,Low,272288,Salaried,15,D,608,North,36
B000393,Middle,823845,Salaried,6,E,483,North,26
B000394,Middle,791956,Freelancer,20,C,664,South,60
B000395,Low,232191,Salaried,5,A,805,North,45
B000396,Middle,949790,Business Owner,1,D,584,South,25
B000397,Upper-Middle,1052926,Salaried,21,B,794,North,45
B000398,Lower-Middle,416084,Salaried,21,A,849,South,52
B000399,Middle,713725,Freelancer,7,C,649,Central,55
B000400,Lower-Middle,433955,Salaried,0,B,782,South,62
B000401,Lower-Middle,480647,Business Owner,12,C,634,North,48
B000402,High,3499429,Salaried,20,E,475,South,47
B000403,Upper-Middle,1006794,Salaried,1,A,833,East,23
B000404,Low,214738,Salaried,4,D,602,West,59
B000405,High,2438709,Salaried,17,D,586,West,55
B000406,Upper-Middle,1588975,Business Owner,10,A,835,North,56
B000407,Lower-Middle,382330,Salaried,26,E,477,Central,63
B000408,Upper-Middle,1187323,Salaried,3,A,854,East,56
B000409,Low,175930,Salaried,22,F,405,South,39
B000410,High,2907023,Self-Employed,16,D,584,Central,48
B000411,Middle,620838,Business Owner,8,C,653,North,59
B000412,Middle,879090,Self-Employed,23,F,427,West,24
B000413,Low,282640,Unemployed,7,C,710,Central,27
B000414,Upper-Middle,1156732,Salaried,16,C,705,South,38
B000415,Low,224256,Salaried,13,C,701,East,50
B000416,Lower-Middle,564072,Salaried,27,D,639,East,57
B000417,Low,277874,Salaried,3,E,473,Central,34
B000418,Upper-Middle,1625563,Self-Employed,0,D,564,Central,29
B000419,Lower-Middle,355978,Business Owner,19,F,365,East,29
B000420,High,2761444,Salaried,10,G,304,West,34
B000421,Middle,993306,Freelancer,29,B,729,Central,23
B000422,Low,186308,Salaried,11,F,433,East,43
B000423,Low,170002,Self-Employed,14,B,766,West,58
B000424,Low,211980,Salaried,9,G,302,East,39
B000425,Middle,660466,Self-Employed,16,B,733,East,42
B000426,Upper-Middle,1376623,Salaried,12,C,638,Central,56
B000427,Lower-Middle,485745,Freelancer,1,C,657,South,21
B000428,Upper-Middle,1316066,Freelancer,17,B,801,North,63
B000429,Low,187919,Salaried,13,E,519,West,29
B000430,Upper-Middle,1368322,Salaried,5,B,779,East,25
B000431,High,3539689,Self-Employed,13,C,616,East,47
B000432,Upper-Middle,1654106,Self-Employed,6,F,398,South,21
B000433,Middle,602471,Self-Employed,2,D,574,West,40
B000434,Upper-Middle,1035979,Self-Employed,4,D,563,East,55
B000435,Low,287591,Freelancer,23,G,311,West,51
B000436,Lower-Middle,368337,Self-Employed,8,A,828,North,24
B000437,Low,210948,Salaried,14,C,657,Central,53
B000438,Middle,644970,Freelancer,19,B,738,West,31
B000439,Upper-Middle,1267622,Salaried,18,B,744,East,29
B000440,Middle,904482,Salaried,15,B,678,North,36
B000441,Upper-Middle,1042391,Unemployed,9,D,582,Central,40
B000442,Low,217256,Salaried,8,C,686,East,34
B000443,Upper-Middle,1492629,Salaried,13,D,560,East,44
B000444,Lower-Middle,385959,Self-Employed,28,E,518,Central,49
B000445,Lower-Middle,546363,Business Owner,11,C,648,Central,24
B000446,Middle,601467,Salaried,19,D,550,South,33
B000447,High,2739715,Salaried,9,B,786,West,34
B000448,Middle,940794,Salaried,8,E,477,South,47
B000449,Low,167498,Salaried,19,C,676,North,32
B000450,Middle,676800,Salaried,1,E,453,East,51
B000451,Low,248279,Salaried,9,D,576,South,52
B000452,Upper-Middle,1251594,Freelancer,7,D,572,East,21
B000453,Middle,698788,Self-Employed,3,C,661,East,48
B000454,Low,228312,Business Owner,14,C,661,South,37
B000455,Low,244813,Freelancer,5,C,675,East,33
B000456,Lower-Middle,514524,Freelancer,6,D,583,West,23
B000457,High,2640681,Business Owner,18,D,593,West,42
B000458,Middle,835659,Salaried,9,E,440,West,54
B000459,Upper-Middle,1734338,Business Owner,21,A,888,North,27
B000460,Middle,980187,Self-Employed,29,F,395,North,23
B000461,Middle,853006,Salaried,13,F,387,West,27
B000462,Low,230688,Salaried,28,B,769,East,58
B000463,High,3433324,Salaried,8,B,755,West,30
B000464,Lower-Middle,572561,Salaried,15,D,583,South,58
B000465,Middle,690013,Business Owner,14,A,841,North,29
B000466,Middle,749053,Salaried,25,B,774,South,43
B000467,Middle,608882,Salaried,8,D,540,West,40
B000468,High,3928026,Salaried,8,D,586,Central,62
B000469,Low,272640,Freelancer,14,B,747,East,33
B000470,Middle,630620,Salaried,22,F,355,East,37
B000471,Lower-Middle,560706,Salaried,27,B,788,South,40
B000472,Middle,882955,Business Owner,26,B,751,North,34
B000473,Low,279409,Business Owner,0,B,785,North,28
B000474,Low,277669,Salaried,24,F,418,South,26
B000475,Lower-Middle,374252,Self-Employed,8,F,382,West,47
B000476,Lower-Middle,387507,Salaried,18,A,879,East,53
B000477,Lower-Middle,401444,Freelancer,22,E,484,South,28
B000478,Middle,878179,Self-Employed,24,A,833,East,39
B000479,Middle,863968,Self-Employed,7,A,825,South,52
B000480,Lower-Middle,446413,Salaried,0,A,830,North,64
B000481,Lower-Middle,463281,Self-Employed,26,E,499,South,26
B000482,Lower-Middle,435268,Salaried,11,C,652,North,59
B000483,Middle,729968,Salaried,22,D,591,East,37
B000484,Lower-Middle,544223,Self-Employed,23,A,837,West,43
B000485,Low,235699,Business Owner,19,F,424,North,23
B000486,Lower-Middle,529690,Salaried,12,G,300,North,40
B000487,Middle,663659,Freelancer,3,B,755,North,33
B000488,Lower-Middle,373988,Salaried,5,D,577,South,31
B000489,Middle,762182,Self-Employed,19,D,585,North,59
B000490,Middle,689749,Salaried,23,G,311,Central,27
B000491,Middle,844101,Salaried,14,D,556,South,31
B000492,Middle,885755,Freelancer,18,B,808,West,31
B000493,Middle,690825,Salaried,13,C,686,West,55
B000494,Lower-Middle,303919,Freelancer,15,D,603,South,45
B000495,Upper-Middle,1485309,Salaried,27,C,699,North,41
B000496,Middle,992463,Self-Employed,10,A,845,North,27
B000497,Lower-Middle,398194,Salaried,26,E,511,Central,38
B000498,Middle,853728,Self-Employed,2,F,434,East,59
B000499,Lower-Middle,314385,Freelancer,0,C,706,North,42
B000500,Middle,827521,Self-Employed,25,D,603,West,63
B000501,Upper-Middle,1448007,Salaried,15,D,574,East,22
B000502,Upper-Middle,1453819,Business Owner,6,D,614,North,32
B000503,High,2868622,Self-Employed,0,B,728,North,27
B000504,Middle,780216,Salaried,19,C,654,West,49
B000505,Middle,945969,Self-Employed,12,C,612,South,25
B000506,Upper-Middle,1010611,Self-Employed,8,G,304,North,39
B000507,Lower-Middle,412411,Business Owner,29,A,840,West,22
B000508,Upper-Middle,1333350,Salaried,6,C,658,North,44
B000509,Middle,931533,Salaried,26,D,575,Central,29
B000510,Low,208448,Freelancer,13,E,463,East,54
B000511,Low,163392,Self-Employed,5,C,686,East,41
B000512,Upper-Middle,1098029,Salaried,21,C,664,West,47
B000513,Low,168050,Unemployed,25,D,572,South,29
B000514,Lower-Middle,481160,Salaried,6,C,636,West,50
B000515,Lower-Middle,459042,Salaried,17,D,554,North,22
B000516,Low,187398,Business Owner,2,D,557,South,27
B000517,Lower-Middle,356681,Self-Employed,19,D,592,East,56
B000518,Upper-Middle,1727639,Freelancer,14,D,649,South,31
B000519,Low,237892,Self-Employed,25,A,856,Central,53
B000520,Upper-Middle,1674671,Salaried,16,D,600,North,59
B000521,Upper-Middle,1211642,Salaried,7,G,331,North,26
B000522,Lower-Middle,442405,Salaried,19,D,539,North,63
B000523,Low,188549,Freelancer,11,E,519,Central,56
B000524,Middle,663829,Salaried,13,D,586,East,45
B000525,Low,208379,Self-Employed,18,E,517,Central,35
B000526,Lower-Middle,300933,Salaried,11,C,644,East,30
B000527,High,3757902,Salaried,6,G,317,Central,31
B000528,High,2789678,Salaried,4,B,777,Central,43
B000529,Upper-Middle,1098862,Self-Employed,28,B,758,North,27
B000530,Lower-Middle,440097,Salaried,9,A,821,Central,41
B000531,Middle,948209,Freelancer,24,D,536,East,43
B000532,Middle,982935,Freelancer,7,D,598,East,50
B000533,Lower-Middle,300523,Salaried,21,D,594,South,21
B000534,Middle,989885,Freelancer,3,B,743,Central,35
B000535,Low,198541,Salaried,7,D,600,North,26
B000536,Lower-Middle,512100,Salaried,28,B,746,North,59
B000537,Middle,901107,Salaried,27,E,465,South,57
B000538,Low,285970,Business Owner,5,C,681,Central,64
B000539,Low,211463,Self-Employed,14,C,626,Central,60
B000540,Upper-Middle,1613030,Salaried,17,C,675,South,61
B000541,High,3307531,Self-Employed,25,C,628,East,35
B000542,Middle,730160,Self-Employed,12,E,461,East,64
B000543,Upper-Middle,1660915,Business Owner,26,G,300,East,21
B000544,High,3761945,Self-Employed,16,D,597,North,27
B000545,Low,235030,Business Owner,8,C,619,East,34
B000546,Lower-Middle,545734,Self-Employed,17,C,688,East,32
B000547,Lower-Middle,487448,Salaried,2,D,609,North,55
B000548,Low,268369,Business Owner,15,C,676,West,54
B000549,Upper-Middle,1494523,Salaried,2,E,485,South,28
B000550,Lower-Middle,507897,Self-Employed,9,D,579,South,41
B000551,Middle,615031,Self-Employed,21,C,634,West,25
B000552,Low,164455,Salaried,10,G,309,Central,63
B000553,Lower-Middle,424039,Salaried,29,A,858,South,52
B000554,Upper-Middle,1631506,Self-Employed,5,D,672,Central,27
B000555,Low,159552,Business Owner,26,C,702,North,54
B000556,Lower-Middle,304099,Business Owner,12,B,756,East,34
B000557,Lower-Middle,365423,Self-Employed,19,A,825,West,31
B000558,Middle,944132,Salaried,10,D,588,South,49
B000559,Middle,954864,Salaried,14,B,758,South,30
B000560,Middle,717751,Business Owner,29,E,499,West,39
B000561,Low,252272,Salaried,5,C,644,South,59
B000562,Lower-Middle,511022,Business Owner,2,C,628,South,36
B000563,Upper-Middle,1000744,Salaried,16,D,590,West,27
B000564,Middle,749650,Salaried,17,B,748,North,45
B000565,Middle,660036,Self-Employed,26,A,849,East,27
B000566,Middle,738464,Self-Employed,29,C,643,South,56
B000567,Upper-Middle,1212174,Self-Employed,17,D,607,South,53
B000568,Low,161443,Salaried,27,C,638,East,40
B000569,Lower-Middle,595810,Business Owner,2,C,691,West,44
B000570,Middle,800459,Salaried,20,D,578,South,22
B000571,Lower-Middle,343506,Business Owner,15,E,484,West,49
B000572,Upper-Middle,1187520,Self-Employed,11,C,674,South,55
B000573,Middle,614718,Salaried,25,E,484,Central,60
B000574,Upper-Middle,1240055,Self-Employed,21,A,842,South,52
B000575,Upper-Middle,1051536,Self-Employed,2,D,579,East,33
B000576,Middle,699028,Salaried,28,C,657,West,43
B000577,Upper-Middle,1348279,Self-Employed,14,C,678,North,35
B000578,Middle,868669,Salaried,16,A,882,Central,47
B000579,Upper-Middle,1666018,Freelancer,5,B,823,South,59
B000580,Lower-Middle,316528,Salaried,10,C,695,Central,37
B000581,Middle,698650,Salaried,21,C,687,South,56
B000582,Middle,654256,Business Owner,0,C,618,North,25
B000583,Low,202215,Salaried,11,C,666,North,52
B000584,Lower-Middle,352897,Unemployed,15,B,743,Central,56
B000585,High,2317437,Salaried,27,D,542,North,55
B000586,Middle,966999,Salaried,2,C,696,West,38
B000587,Low,246213,Salaried,26,A,809,West,53
B000588,Lower-Middle,559950,Salaried,9,B,739,South,64
B000589,Lower-Middle,463052,Salaried,7,D,536,West,23
B000590,Low,272968,Salaried,18,D,576,South,63
B000591,High,2569313,Salaried,13,E,518,West,36
B000592,Lower-Middle,373337,Salaried,8,B,729,South,35
B000593,Lower-Middle,464640,Salaried,6,D,567,West,25
B000594,Middle,976857,Salaried,6,C,690,East,29
B000595,Low,275258,Salaried,6,E,521,East,43
B000596,Lower-Middle,372943,Salaried,17,E,490,Central,54
B000597,Middle,981889,Salaried,13,B,729,North,52
B000598,Middle,809996,Salaried,2,G,302,East,54
B000599,High,2726074,Salaried,7,C,659,North,53
B000600,Middle,715268,Salaried,27,G,300,North,22
B000601,Middle,850849,Freelancer,24,C,637,North,40
B000602,Upper-Middle,1463083,Salaried,29,C,688,West,44
B000603,Upper-Middle,1660012,Salaried,20,D,571,West,23
B000604,Middle,965908,Self-Employed,29,A,804,West,33
B000605,High,3442219,Salaried,20,E,504,Central,33
B000606,Upper-Middle,1147999,Salaried,0,B,802,East,23
B000607,Upper-Middle,1105968,Business Owner,16,B,767,North,40
B000608,Low,230410,Self-Employed,0,C,644,East,39
B000609,Upper-Middle,1122875,Unemployed,4,G,363,East,44
B000610,Lower-Middle,485132,Freelancer,3,G,309,West,26
B000611,Middle,664662,Self-Employed,1,D,599,East,63
B000612,Middle,692898,Self-Employed,27,D,570,North,33
B000613,High,1984177,Salaried,4,B,744,Central,48
B000614,High,3641613,Freelancer,26,C,688,East,45
B000615,Lower-Middle,476865,Self-Employed,9,G,300,North,21
B000616,Upper-Middle,1277182,Salaried,0,E,479,Central,31
B000617,Upper-Middle,1317345,Salaried,10,D,577,East,51
B000618,Lower-Middle,340401,Self-Employed,2,C,702,West,36
B000619,Low,277192,Self-Employed,9,E,455,West,35
B000620,Low,195763,Business Owner,9,G,337,South,52
B000621,Upper-Middle,1057005,Salaried,1,G,329,Central,56
B000622,Middle,743663,Business Owner,8,D,595,Central,56
B000623,High,2334698,Salaried,3,B,777,Central,40
B000624,Middle,763035,Self-Employed,0,G,300,South,41
B000625,High,3692625,Salaried,18,D,545,North,50
B000626,Lower-Middle,523471,Salaried,2,A,805,East,46
B000627,Upper-Middle,1194920,Salaried,20,A,840,South,37
B000628,Low,198208,Salaried,20,D,588,West,35
B000629,Middle,773234,Salaried,25,E,465,West,63
B000630,Upper-Middle,1129184,Business Owner,17,F,414,North,59
B000631,High,2427016,Salaried,12,F,396,West,34
B000632,Upper-Middle,1246752,Business Owner,10,D,580,North,24
B000633,Low,178331,Self-Employed,7,G,325,East,62
B000634,Lower-Middle,382022,Salaried,7,B,760,East,25
B000635,Low,213700,Freelancer,5,A,820,North,31
B000636,Low,277169,Business Owner,14,A,889,North,22
B000637,Middle,871993,Business Owner,19,E,503,East,55
B000638,Middle,626787,Business Owner,19,F,372,East,25
B000639,Upper-Middle,1406698,Self-Employed,21,E,484,East,34
B000640,Upper-Middle,1187869,Unemployed,9,F,404,West,48
B000641,Upper-Middle,1001016,Salaried,28,D,550,West,23
B000642,Upper-Middle,1452375,Salaried,3,E,509,West,64
B000643,Low,179867,Self-Employed,21,C,642,West,55
B000644,Lower-Middle,494093,Salaried,27,E,532,Central,47
B000645,Middle,704282,Self-Employed,25,E,513,South,45
B000646,Upper-Middle,1193670,Salaried,3,C,653,Central,32
B000647,Low,238623,Salaried,20,A,823,East,46
B000648,Middle,836263,Freelancer,25,C,673,Central,56
B000649,Middle,939502,Salaried,10,F,365,West,43
B000650,Low,179748,Salaried,16,D,575,South,36
B000651,Lower-Middle,596083,Self-Employed,14,C,669,North,33
B000652,Upper-Middle,1295412,Business Owner,14,F,409,North,47
B000653,Middle,987992,Business Owner,19,C,694,West,60
B000654,Lower-Middle,346616,Salaried,7,C,691,West,40
B000655,Upper-Middle,1762171,Freelancer,9,E,514,North,50
B000656,Lower-Middle,589228,Self-Employed,20,C,679,Central,43
B000657,Upper-Middle,1232330,Business Owner,3,C,674,South,42
B000658,Lower-Middle,360948,Salaried,14,E,473,West,25
B000659,Middle,841197,Salaried,22,C,620,West,35
B000660,Lower-Middle,341192,Self-Employed,3,C,673,West,61
B000661,Lower-Middle,388537,Self-Employed,7,A,819,Central,59
B000662,Upper-Middle,1786343,Salaried,24,F,403,Central,34
B000663,Lower-Middle,529485,Self-Employed,15,D,523,North,46
B000664,Low,269400,Self-Employed,20,E,459,East,47
B000665,Lower-Middle,562035,Salaried,25,D,561,East,59
B000666,Middle,875751,Salaried,23,B,839,East,21
B000667,Upper-Middle,1573309,Salaried,10,C,651,East,34
B000668,High,3411578,Freelancer,6,C,659,North,41
B000669,Lower-Middle,417434,Self-Employed,19,E,491,Central,43
B000670,Lower-Middle,330045,Self-Employed,9,D,600,West,54
B000671,Low,241501,Freelancer,8,D,562,Central,36
B000672,Middle,919960,Self-Employed,9,E,441,South,47
B000673,High,2315776,Salaried,14,C,631,West,58
B000674,Middle,672945,Self-Employed,4,F,391,South,35
B000675,Middle,982801,Freelancer,6,C,708,East,43
B000676,Lower-Middle,341533,Salaried,26,D,555,South,49
B000677,High,3007299,Self-Employed,26,B,779,Central,56
B000678,Middle,896455,Salaried,10,B,747,East,56
B000679,Low,164253,Business Owner,1,E,485,East,38
B000680,Lower-Middle,468175,Self-Employed,9,C,641,East,27
B000681,Low,252027,Freelancer,12,F,409,South,26
B000682,Lower-Middle,313108,Self-Employed,14,D,594,Central,23
B000683,Low,212974,Salaried,11,D,538,South,42
B000684,Middle,789717,Salaried,28,C,649,Central,41
B000685,Middle,822359,Freelancer,23,F,397,Central,31
B000686,Lower-Middle,311909,Salaried,10,F,413,South,40
B000687,Lower-Middle,568052,Salaried,29,B,819,East,51
B000688,High,3693187,Self-Employed,27,D,563,South,23
B000689,Upper-Middle,1682613,Salaried,10,F,333,North,32
B000690,Middle,807859,Salaried,27,B,745,South,50
B000691,Lower-Middle,536428,Salaried,27,C,679,Central,31
B000692,Upper-Middle,1640989,Salaried,9,G,322,South,46
B000693,Lower-Middle,588945,Self-Employed,9,D,575,Central,55
B000694,Lower-Middle,544868,Salaried,17,G,300,West,34
B000695,Upper-Middle,1095522,Salaried,24,C,679,East,25
B000696,Middle,657072,Business Owner,19,D,582,West,33
B000697,Upper-Middle,1406851,Salaried,18,C,676,Central,49
B000698,Middle,883777,Self-Employed,8,C,652,North,33
B000699,Middle,934129,Salaried,21,F,421,Central,61
B000700,Lower-Middle,303553,Salaried,29,D,585,East,25
B000701,Lower-Middle,430082,Self-Employed,24,F,397,Central,41
B000702,Lower-Middle,427048,Self-Employed,17,C,696,Central,61
B000703,Low,254173,Freelancer,2,G,301,Central,53
B000704,Upper-Middle,1443412,Salaried,21,E,512,North,23
B000705,Lower-Middle,540824,Salaried,16,B,746,East,33
B000706,Middle,880026,Salaried,20,C,641,Central,22
B000707,Upper-Middle,1384460,Self-Employed,20,B,759,South,63
B000708,Upper-Middle,1190222,Salaried,6,B,709,South,55
B000709,Lower-Middle,493284,Freelancer,16,F,409,West,31
B000710,Middle,690750,Business Owner,17,G,336,South,41
B000711,High,3224608,Salaried,15,A,900,East,40
B000712,Middle,660494,Salaried,25,B,786,South,56
B000713,Upper-Middle,1169615,Salaried,18,C,715,East,25
B000714,Upper-Middle,1343720,Self-Employed,22,E,497,North,43
B000715,Upper-Middle,1415025,Self-Employed,20,D,615,Central,53
B000716,Lower-Middle,586108,Freelancer,13,D,585,North,60
B000717,Middle,843025,Salaried,19,D,615,North,36
B000718,Low,213710,Salaried,16,G,300,South,36
B000719,Middle,931220,Salaried,17,C,642,South,49
B000720,High,2106402,Salaried,19,B,751,North,46
B000721,Middle,605909,Freelancer,17,D,602,Central,61
B000722,Lower-Middle,376681,Business Owner,11,G,328,East,30
B000723,Low,229921,Business Owner,20,E,466,East,38
B000724,High,3200078,Business Owner,9,F,365,North,40
B000725,Low,270230,Salaried,16,F,397,West,43
B000726,Low,240494,Self-Employed,13,B,748,North,26
B000727,Lower-Middle,334841,Self-Employed,16,D,570,South,27
B000728,Low,268723,Salaried,29,F,393,East,42
B000729,Middle,604986,Salaried,18,B,754,Central,24
B000730,Middle,882148,Self-Employed,20,D,604,East,41
B000731,Lower-Middle,456409,Freelancer,11,C,692,East,28
B000732,Low,224273,Salaried,3,E,479,West,22
B000733,Low,261782,Freelancer,28,B,750,West,39
B000734,Lower-Middle,313238,Freelancer,3,C,690,East,24
B000735,Low,211597,Freelancer,19,D,587,South,49
B000736,Middle,976602,Salaried,4,D,603,Central,45
B000737,Lower-Middle,304131,Salaried,21,B,773,South,27
B000738,Lower-Middle,563212,Self-Employed,26,B,759,North,52
B000739,Lower-Middle,494566,Salaried,0,F,405,South,33
B000740,Lower-Middle,572425,Salaried,4,G,300,West,50
B000741,Low,156889,Business Owner,14,D,564,North,62
B000742,Low,271097,Salaried,13,A,887,East,52
B000743,Upper-Middle,1425100,Salaried,3,E,516,North,34
B000744,Low,187271,Freelancer,19,D,574,Central,42
B000745,Middle,788410,Salaried,7,C,642,South,34
B000746,Middle,969244,Freelancer,24,B,776,South,35
B000747,Lower-Middle,431820,Salaried,8,B,712,West,59
B000748,Lower-Middle,341059,Salaried,9,A,862,Central,51
B000749,Upper-Middle,1052406,Salaried,20,D,581,North,44
B000750,Upper-Middle,1011465,Salaried,6,C,663,Central,32
B000751,Lower-Middle,363369,Salaried,8,D,606,South,43
B000752,Lower-Middle,464806,Business Owner,3,D,603,North,48
B000753,Lower-Middle,405091,Freelancer,6,D,599,North,52
B000754,Middle,950015,Salaried,2,D,619,East,25
B000755,Middle,914413,Salaried,3,D,566,South,59
B000756,Lower-Middle,439437,Self-Employed,4,B,747,South,44
B000757,Lower-Middle,369099,Salaried,17,A,852,North,36
B000758,High,2712431,Salaried,20,D,625,North,52
B000759,Low,245687,Salaried,15,C,629,West,45
B000760,Middle,609288,Salaried,2,C,657,South,34
B000761,Middle,955691,Self-Employed,29,C,655,Central,61
B000762,Low,248211,Salaried,19,B,772,East,61
B000763,Low,294383,Business Owner,25,B,731,North,61
B000764,Low,249632,Salaried,25,D,582,East,24
B000765,High,2597963,Salaried,10,D,623,North,61
B000766,Low,215708,Self-Employed,15,D,549,South,32
B000767,Lower-Middle,302088,Salaried,2,B,738,Central,36
B000768,Low,158584,Freelancer,28,E,493,South,50
B000769,Low,165448,Self-Employed,29,C,693,South,41
B000770,Middle,757400,Freelancer,13,D,585,North,57
B000771,Lower-Middle,386074,Salaried,21,C,694,North,50
B000772,Middle,760287,Salaried,14,C,694,South,25
B000773,Middle,762440,Salaried,6,E,462,Central,27
B000774,Upper-Middle,1280739,Self-Employed,4,B,756,East,25
B000775,Low,227068,Self-Employed,27,A,800,West,35
B000776,Upper-Middle,1748474,Salaried,19,B,773,North,41
B000777,Middle,809126,Salaried,6,G,363,West,59
B000778,Low,273031,Salaried,22,F,385,Central,36
B000779,Upper-Middle,1623594,Salaried,28,E,482,West,25
B000780,Upper-Middle,1333960,Salaried,6,C,652,West,45
B000781,Lower-Middle,371895,Self-Employed,7,A,887,West,39
B000782,High,1869679,Freelancer,18,E,506,Central,58
B000783,Middle,622273,Salaried,5,B,753,South,22
B000784,Middle,687626,Salaried,12,C,636,South,33
B000785,High,3729751,Salaried,19,E,483,North,51
B000786,Lower-Middle,331626,Salaried,29,B,733,North,21
B000787,Upper-Middle,1660328,Self-Employed,27,E,487,East,45
B000788,Lower-Middle,437167,Salaried,2,E,494,North,50
B000789,Upper-Middle,1516445,Unemployed,17,E,468,West,22
B000790,Middle,657528,Freelancer,11,D,570,South,45
B000791,Lower-Middle,538206,Salaried,7,C,695,South,61
B000792,Lower-Middle,326918,Freelancer,12,D,564,Central,43
B000793,Lower-Middle,456903,Self-Employed,29,E,530,North,28
B000794,Low,165460,Unemployed,14,E,503,East,55
B000795,Low,278262,Salaried,17,F,409,East,23
B000796,Lower-Middle,476523,Unemployed,9,G,322,Central,58
B000797,Low,231848,Salaried,27,D,524,East,62
B000798,Low,190902,Salaried,8,F,423,Central,27
B000799,Middle,804413,Freelancer,6,C,699,West,33
B000800,Middle,608261,Salaried,10,G,324,South,57
B000801,Upper-Middle,1384680,Salaried,8,F,365,East,53
B000802,Lower-Middle,364306,Salaried,4,A,861,East,44
B000803,Upper-Middle,1713673,Salaried,20,D,554,West,50
B000804,Middle,708930,Salaried,3,D,598,South,59
B000805,Low,226692,Salaried,5,E,505,South,52
B000806,Low,150471,Self-Employed,26,B,751,West,45
B000807,Middle,897149,Business Owner,3,D,586,Central,38
B000808,Low,174104,Salaried,15,D,588,East,60
B000809,Middle,999511,Business Owner,27,C,702,South,46
B000810,High,2444207,Self-Employed,23,G,322,North,57
B000811,Low,249816,Business Owner,26,D,556,Central,58
B000812,Low,293992,Business Owner,10,C,626,Central,35
B000813,High,3463882,Freelancer,29,E,525,South,53
B000814,Middle,739890,Salaried,27,B,727,West,49
B000815,Low,288117,Self-Employed,11,C,641,West,31
B000816,Upper-Middle,1170141,Freelancer,24,C,659,Central,45
B000817,Upper-Middle,1507579,Self-Employed,2,F,389,East,62
B000818,Middle,898015,Salaried,28,F,361,South,44
B000819,Middle,742760,Self-Employed,9,D,582,South,51
B000820,Lower-Middle,549381,Business Owner,23,C,639,West,25
B000821,Low,220880,Salaried,7,C,680,South,38
B000822,Middle,944608,Self-Employed,21,D,592,West,22
B000823,Lower-Middle,364370,Business Owner,23,D,608,Central,37
B000824,Middle,958257,Self-Employed,17,B,771,North,36
B000825,Upper-Middle,1426449,Salaried,0,B,776,East,29
B000826,Low,214305,Self-Employed,23,F,363,South,42
B000827,Middle,694144,Self-Employed,28,D,559,East,43
B000828,Lower-Middle,330925,Salaried,9,B,756,North,45
B000829,Upper-Middle,1232969,Self-Employed,29,G,331,South,38
B000830,Lower-Middle,419296,Salaried,2,C,669,North,43
B000831,Middle,839649,Freelancer,11,E,483,South,46
B000832,Middle,889330,Business Owner,10,B,775,West,27
B000833,Lower-Middle,312828,Business Owner,19,F,352,South,42
B000834,Middle,980576,Self-Employed,23,A,824,Central,56
B000835,Middle,699454,Salaried,24,G,314,West,52
B000836,Middle,871445,Business Owner,3,E,491,Central,52
B000837,Upper-Middle,1645355,Salaried,26,B,772,West,33
B000838,High,2718088,Salaried,26,B,767,South,58
B000839,Lower-Middle,431315,Salaried,10,E,500,East,42
B000840,Middle,619127,Self-Employed,16,A,835,West,59
B000841,Low,211221,Self-Employed,17,B,793,East,27
B000842,Upper-Middle,1749711,Salaried,23,D,554,North,57
B000843,Middle,747690,Salaried,10,A,844,North,34
B000844,Lower-Middle,569189,Salaried,15,D,581,South,50
B000845,Low,255134,Salaried,20,D,596,East,21
B000846,Upper-Middle,1707899,Salaried,25,A,827,Central,40
B000847,Lower-Middle,358761,Freelancer,9,C,668,North,55
B000848,Middle,867490,Freelancer,29,A,876,Central,48
B000849,Low,164916,Freelancer,25,G,310,East,34
B000850,High,2872266,Salaried,24,B,764,Central,31
B000851,Low,258639,Salaried,18,D,570,West,31
B000852,Lower-Middle,348523,Salaried,26,D,580,East,61
B000853,Upper-Middle,1767006,Self-Employed,23,E,489,North,34
B000854,High,2833604,Self-Employed,24,C,680,West,48
B000855,Lower-Middle,434265,Business Owner,2,B,729,West,21
B000856,Middle,954391,Salaried,13,D,577,South,47
B000857,Upper-Middle,1688157,Self-Employed,25,D,583,Central,49
B000858,Upper-Middle,1733418,Freelancer,10,E,510,West,46
B000859,Lower-Middle,500940,Salaried,11,A,867,South,57
B000860,Middle,864791,Business Owner,16,E,525,North,51
B000861,Upper-Middle,1183783,Self-Employed,22,B,761,West,30
B000862,Upper-Middle,1593815,Salaried,6,D,547,North,51
B000863,Upper-Middle,1497213,Freelancer,19,D,578,East,31
B000864,Middle,737229,Freelancer,13,B,720,Central,22
B000865,Low,294988,Business Owner,28,G,300,West,61
B000866,Upper-Middle,1388964,Salaried,3,D,564,South,39
B000867,Upper-Middle,1578694,Salaried,1,B,766,Central,40
B000868,Upper-Middle,1532773,Self-Employed,9,A,823,Central,63
B000869,Low,151580,Salaried,28,E,523,East,47
B000870,Lower-Middle,437020,Salaried,21,E,496,North,54
B000871,Upper-Middle,1485585,Salaried,12,A,881,Central,59
B000872,Low,299987,Salaried,2,B,803,Central,29
B000873,High,2139535,Business Owner,18,D,605,Central,27
B000874,Lower-Middle,504585,Self-Employed,27,C,658,Central,39
B000875,Middle,774646,Salaried,22,C,644,East,24
B000876,Upper-Middle,1376412,Self-Employed,1,C,646,North,41
B000877,Lower-Middle,347503,Salaried,25,D,583,South,44
B000878,Lower-Middle,459037,Salaried,7,B,749,South,64
B000879,Middle,618338,Salaried,23,C,644,South,28
B000880,Middle,765642,Salaried,28,A,865,Central,62
B000881,Lower-Middle,421656,Salaried,10,A,863,Central,31
B000882,Middle,669408,Self-Employed,26,G,300,North,24
B000883,High,3994833,Salaried,18,A,836,Central,58
B000884,Middle,884969,Self-Employed,2,A,813,South,32
B000885,Lower-Middle,586695,Salaried,11,F,402,North,34
B000886,Lower-Middle,522747,Self-Employed,26,G,300,South,24
B000887,Lower-Middle,448175,Self-Employed,12,E,514,North,44
B000888,Low,241912,Salaried,25,B,759,North,29
B000889,Low,175186,Self-Employed,13,D,561,South,47
B000890,Middle,661172,Business Owner,14,D,580,North,40
B000891,Lower-Middle,445902,Salaried,29,E,482,North,32
B000892,High,2246724,Self-Employed,26,B,741,South,47
B000893,Lower-Middle,531005,Business Owner,25,C,666,West,27
B000894,Low,194543,Salaried,14,C,636,North,56
B000895,Upper-Middle,1069876,Freelancer,18,D,583,Central,51
B000896,Upper-Middle,1468323,Salaried,4,C,675,Central,24
B000897,Lower-Middle,466635,Business Owner,26,D,606,South,64
B000898,Lower-Middle,378346,Freelancer,6,D,583,North,33
B000899,Lower-Middle,338628,Unemployed,0,F,374,South,63
B000900,Middle,851419,Self-Employed,9,F,323,North,47
B000901,Middle,896141,Self-Employed,9,D,552,North,61
B000902,Lower-Middle,356725,Salaried,10,B,767,Central,41
B000903,Low,261885,Salaried,5,F,430,North,54
B000904,Middle,862214,Freelancer,22,B,762,West,34
B000905,High,3503943,Salaried,4,A,829,West,51
B000906,Middle,625561,Business Owner,6,C,675,East,28
B000907,Middle,986421,Salaried,23,D,519,South,27
B000908,Low,248933,Salaried,22,B,761,South,52
B000909,Lower-Middle,377631,Salaried,29,C,685,South,22
B000910,Lower-Middle,563146,Self-Employed,16,A,830,South,31
B000911,Upper-Middle,1464594,Salaried,7,D,604,South,42
B000912,Upper-Middle,1128429,Salaried,17,E,525,Central,51
B000913,Upper-Middle,1682068,Unemployed,2,D,594,Central,46
B000914,High,3388803,Business Owner,21,C,679,Central,61
B000915,High,2416727,Business Owner,12,E,403,Central,52
B000916,High,2996317,Salaried,23,C,677,South,30
B000917,Low,209878,Salaried,8,C,694,Central,51
B000918,Low,151022,Self-Employed,11,D,577,East,52
B000919,Lower-Middle,443322,Salaried,10,E,510,North,58
B000920,Middle,694244,Salaried,20,E,493,West,56
B000921,Low,173163,Freelancer,19,A,851,Central,48
B000922,Upper-Middle,1074115,Salaried,1,E,502,Central,48
B000923,Middle,689371,Freelancer,26,C,665,North,41
B000924,Middle,903802,Salaried,23,F,381,North,35
B000925,Low,203812,Salaried,24,D,574,North,63
B000926,Lower-Middle,341719,Salaried,22,C,661,Central,31
B000927,Low,175436,Freelancer,11,B,770,East,57
B000928,Upper-Middle,1521861,Self-Employed,29,C,648,Central,55
B000929,Middle,761359,Business Owner,22,D,609,North,48
B000930,Upper-Middle,1497592,Salaried,5,F,408,East,35
B000931,Lower-Middle,315658,Freelancer,8,F,430,South,52
B000932,Lower-Middle,518542,Self-Employed,3,D,574,East,56
B000933,Lower-Middle,588820,Self-Employed,22,F,367,West,47
B000934,Upper-Middle,1629227,Business Owner,27,E,459,East,57
B000935,Upper-Middle,1577386,Business Owner,22,F,384,North,43
B000936,Lower-Middle,359585,Self-Employed,10,C,644,Central,59
B000937,High,2692357,Salaried,26,B,721,Central,38
B000938,Low,173354,Freelancer,18,F,405,East,56
B000939,Upper-Middle,1609666,Salaried,11,D,588,North,24
B000940,Low,261329,Unemployed,28,C,664,Central,60
B000941,Lower-Middle,336959,Salaried,15,C,705,East,50
B000942,Upper-Middle,1596177,Salaried,20,A,849,Central,61
B000943,Low,235667,Salaried,17,B,752,West,61
B000944,Lower-Middle,594218,Self-Employed,7,C,663,West,42
B000945,Lower-Middle,596878,Salaried,21,D,599,West,49
B000946,Lower-Middle,324223,Business Owner,3,D,546,North,33
B000947,Middle,934728,Self-Employed,13,D,534,South,63
B000948,Upper-Middle,1128419,Salaried,10,A,855,East,29
B000949,Upper-Middle,1439896,Self-Employed,25,A,855,West,29
B000950,Lower-Middle,451540,Business Owner,20,C,685,South,38
B000951,Middle,709551,Freelancer,11,B,759,East,40
B000952,Lower-Middle,516633,Salaried,28,F,444,North,32
B000953,Lower-Middle,460755,Freelancer,26,C,691,West,63
B000954,Low,243315,Salaried,1,C,612,West,58
B000955,High,3320482,Self-Employed,18,D,546,East,29
B000956,Upper-Middle,1323583,Business Owner,13,D,533,East,58
B000957,Upper-Middle,1033161,Salaried,1,A,852,Central,34
B000958,Middle,703080,Salaried,24,E,495,North,40
B000959,Middle,670249,Self-Employed,9,B,803,West,64
B000960,Middle,901338,Salaried,26,C,652,West,56
B000961,Middle,699852,Salaried,12,C,648,East,36
B000962,Lower-Middle,409570,Salaried,25,D,586,North,49
B000963,Low,216914,Business Owner,20,D,554,Central,56
B000964,Low,275289,Salaried,23,E,484,Central,46
B000965,High,3657866,Salaried,18,D,603,South,31
B000966,Middle,687966,Unemployed,5,B,779,West,56
B000967,High,2698369,Business Owner,14,D,607,North,36
B000968,Low,186666,Self-Employed,10,C,637,North,56
B000969,Middle,990411,Self-Employed,5,D,594,Central,44
B000970,Lower-Middle,459943,Salaried,17,C,670,Central,56
B000971,Lower-Middle,300241,Salaried,19,C,729,North,57
B000972,Low,163594,Salaried,4,E,508,North,45
B000973,Low,278399,Salaried,27,D,580,North,35
B000974,High,2675733,Salaried,11,F,426,North,35
B000975,Lower-Middle,571604,Self-Employed,14,E,505,South,22
B000976,Middle,865298,Salaried,6,C,689,South,38
B000977,Middle,813297,Salaried,6,B,773,West,30
B000978,Lower-Middle,544488,Freelancer,8,A,841,North,50
B000979,Middle,892143,Salaried,5,B,750,Central,50
B000980,Lower-Middle,474551,Self-Employed,23,C,688,Central,61
B000981,High,1986935,Salaried,6,B,745,West,28
B000982,Upper-Middle,1641983,Self-Employed,20,D,585,Central,52
B000983,Upper-Middle,1665070,Salaried,7,C,683,North,31
B000984,Middle,957502,Salaried,0,A,836,West,55
B000985,Low,165249,Business Owner,13,C,681,East,56
B000986,High,3938730,Salaried,28,E,491,South,33
B000987,Lower-Middle,431251,Salaried,4,C,661,West,63
B000988,Low,182677,Salaried,15,F,420,South,40
B000989,Lower-Middle,513230,Salaried,15,E,459,North,48
B000990,Upper-Middle,1619607,Salaried,19,F,369,South,53
B000991,Middle,600218,Self-Employed,13,D,581,West,47
B000992,Upper-Middle,1260065,Self-Employed,18,E,462,North,59
B000993,Upper-Middle,1374690,Self-Employed,4,C,702,Central,23
B000994,Lower-Middle,554724,Business Owner,2,D,572,Central,43
B000995,High,1843827,Salaried,5,B,725,East,55
B000996,Lower-Middle,525514,Freelancer,26,B,756,South,21
B000997,Middle,972557,Salaried,10,F,445,Central,41
B000998,Low,291239,Salaried,20,D,558,South,59
B000999,High,2295358,Self-Employed,27,A,835,South,35
B001000,Lower-Middle,485232,Self-Employed,7,B,774,West,25
B001001,Low,221506,Salaried,4,C,705,South,37
B001002,Middle,846468,Unemployed,2,E,465,West,44
B001003,Low,231970,Freelancer,21,F,381,South,24
B001004,Low,285695,Salaried,29,B,721,Central,42
B001005,Middle,893063,Self-Employed,14,A,850,South,50
B001006,Lower-Middle,463808,Business Owner,28,B,766,Central,63
B001007,High,3994189,Freelancer,15,D,603,West,50
B001008,Lower-Middle,581622,Self-Employed,21,D,591,East,26
B001009,Middle,659888,Salaried,7,E,493,West,62
B001010,Middle,854315,Self-Employed,16,D,587,Central,50
B001011,Middle,974336,Salaried,3,A,865,West,58
B001012,Middle,938012,Self-Employed,17,B,731,Central,34
B001013,Middle,957616,Self-Employed,7,C,677,Central,22
B001014,High,3156759,Self-Employed,14,E,449,Central,40
B001015,Lower-Middle,323429,Salaried,8,D,609,Central,36
B001016,Low,152553,Salaried,25,F,445,Central,39
B001017,Middle,720652,Self-Employed,23,B,746,North,62
B001018,Upper-Middle,1493057,Salaried,22,F,408,East,36
B001019,Low,288821,Salaried,21,B,780,West,32
B001020,Lower-Middle,418267,Salaried,2,C,709,North,59
B001021,Upper-Middle,1501453,Freelancer,11,A,847,West,60
B001022,Upper-Middle,1426889,Salaried,9,C,653,Central,52
B001023,High,2319212,Self-Employed,4,B,772,West,26
B001024,Middle,725464,Salaried,21,B,793,South,60
B001025,Middle,749268,Business Owner,20,D,582,East,22
B001026,Lower-Middle,529367,Salaried,29,E,524,Central,56
B001027,High,3270809,Salaried,28,E,515,South,53
B001028,Lower-Middle,442333,Salaried,22,E,509,East,39
B001029,Upper-Middle,1793070,Salaried,25,E,489,Central,29
B001030,Lower-Middle,389540,Business Owner,14,G,304,East,23
B001031,Middle,893270,Self-Employed,5,A,893,North,22
B001032,Middle,644251,Business Owner,23,G,300,Central,34
B001033,Middle,780669,Self-Employed,11,C,683,South,41
B001034,Upper-Middle,1622540,Business Owner,21,C,681,South,36
B001035,Lower-Middle,443446,Unemployed,21,D,589,Central,47
B001036,Middle,834330,Self-Employed,21,A,823,North,25
B001037,Lower-Middle,443337,Salaried,9,B,762,West,51
B001038,Lower-Middle,367718,Salaried,28,C,657,West,27
B001039,Lower-Middle,561340,Self-Employed,27,E,513,Central,40
B001040,Low,249574,Business Owner,18,F,406,South,22
B001041,Low,261484,Self-Employed,29,B,797,North,61
B001042,Middle,979646,Salaried,15,C,706,Central,40
B001043,Middle,876965,Self-Employed,29,D,570,North,37
B001044,Middle,625989,Salaried,22,C,706,Central,28
B001045,Low,244408,Salaried,12,C,655,West,31
B001046,Lower-Middle,451520,Business Owner,26,C,703,South,32
B001047,Lower-Middle,366454,Self-Employed,28,E,461,South,25
B001048,Upper-Middle,1474617,Salaried,18,B,797,West,42
B001049,Upper-Middle,1538430,Salaried,8,A,832,Central,27
B001050,Lower-Middle,467743,Self-Employed,0,A,842,North,28
B001051,Middle,661291,Salaried,5,D,576,North,24
B001052,Low,245257,Salaried,2,B,745,West,23
B001053,Lower-Middle,307449,Self-Employed,25,D,614,East,57
B001054,Low,173915,Self-Employed,24,F,357,East,54
B001055,Lower-Middle,539463,Salaried,15,C,683,North,50
B001056,Middle,795937,Self-Employed,15,B,775,South,59
B001057,High,3099238,Self-Employed,22,A,824,West,40
B001058,Lower-Middle,401760,Salaried,29,G,300,Central,35
B001059,Middle,826434,Salaried,17,D,555,North,39
B001060,Middle,615153,Salaried,6,E,482,East,41
B001061,High,1852529,Salaried,15,E,513,West,25
B001062,Middle,961554,Business Owner,21,G,301,Central,33
B001063,Lower-Middle,385897,Salaried,21,E,497,East,41
B001064,Middle,921440,Unemployed,12,C,667,East,41
B001065,Lower-Middle,454891,Salaried,4,D,630,Central,38
B001066,High,1965575,Self-Employed,0,G,313,Central,24
B001067,Lower-Middle,318823,Self-Employed,20,D,559,West,33
B001068,Middle,624813,Business Owner,10,E,496,West,41
B001069,Low,225363,Freelancer,29,F,417,West,30
B001070,Lower-Middle,400091,Salaried,5,D,567,West,41
B001071,Upper-Middle,1782377,Salaried,14,D,612,East,35
B001072,Middle,643003,Freelancer,16,D,540,North,34
B001073,Lower-Middle,419030,Freelancer,0,C,659,Central,61
B001074,High,1830630,Unemployed,26,B,761,West,59
B001075,Upper-Middle,1491071,Salaried,9,D,604,South,51
B001076,Lower-Middle,328349,Salaried,29,G,345,East,39
B001077,Middle,872294,Salaried,6,F,435,North,56
B001078,Middle,887514,Business Owner,16,B,764,West,27
B001079,Middle,994424,Salaried,24,E,518,East,29
B001080,Lower-Middle,366349,Salaried,27,A,867,Central,54
B001081,Lower-Middle,496949,Self-Employed,4,D,583,South,60
B001082,High,2472713,Salaried,26,F,388,West,27
B001083,High,2469747,Business Owner,19,G,316,South,42
B001084,Upper-Middle,1685297,Salaried,5,D,612,East,24
B001085,High,3758908,Business Owner,12,D,582,South,63
B001086,Upper-Middle,1215185,Salaried,0,C,661,Central,37
B001087,Upper-Middle,1478639,Self-Employed,28,E,519,South,56
B001088,Upper-Middle,1592155,Self-Employed,25,B,749,West,56
B001089,Middle,735731,Salaried,7,A,864,North,28
B001090,Middle,661591,Salaried,17,E,500,West,62
B001091,Lower-Middle,544920,Business Owner,18,A,873,East,63
B001092,Middle,809183,Self-Employed,23,D,600,Central,49
B001093,Lower-Middle,383341,Salaried,13,C,687,East,63
B001094,Lower-Middle,308274,Self-Employed,19,A,842,North,60
B001095,Middle,943130,Salaried,17,B,747,West,45
B001096,Lower-Middle,433451,Salaried,6,B,768,East,46
B001097,Lower-Middle,466397,Salaried,23,B,766,North,64
B001098,Upper-Middle,1107315,Salaried,13,D,642,North,29
B001099,Upper-Middle,1066159,Salaried,7,D,589,East,41
B001100,Low,203399,Salaried,10,C,672,West,45
B001101,Low,184369,Salaried,23,E,476,Central,25
B001102,Lower-Middle,310296,Salaried,20,E,465,East,53
B001103,Upper-Middle,1140899,Self-Employed,28,D,542,Central,48
B001104,Upper-Middle,1523020,Self-Employed,1,D,553,West,24
B001105,Low,187636,Salaried,13,D,573,East,58
B001106,Upper-Middle,1772666,Salaried,13,B,784,North,39
B001107,Low,285129,Self-Employed,16,B,771,Central,25
B001108,Lower-Middle,403717,Self-Employed,7,C,646,West,24
B001109,High,3540900,Business Owner,18,E,475,West,33
B001110,Lower-Middle,353916,Salaried,21,C,667,North,38
B001111,Low,219787,Salaried,1,G,301,Central,38
B001112,Lower-Middle,428733,Salaried,13,A,829,South,45
B001113,Middle,949182,Self-Employed,26,C,609,East,49
B001114,High,2691199,Salaried,21,B,733,East,52
B001115,High,2157716,Salaried,13,E,465,North,40
B001116,Low,254812,Salaried,23,C,699,West,36
B001117,Low,246064,Self-Employed,25,D,615,South,53
B001118,Upper-Middle,1257618,Salaried,23,D,533,East,26
B001119,Lower-Middle,522535,Self-Employed,29,A,869,East,60
B001120,Upper-Middle,1512172,Salaried,27,E,521,West,42
B001121,Middle,661828,Salaried,5,E,471,Central,48
B001122,Low,180315,Salaried,2,D,539,North,26
B001123,Upper-Middle,1529815,Unemployed,6,C,711,Central,24
B001124,Low,240027,Salaried,2,E,485,West,25
B001125,Lower-Middle,310455,Salaried,18,E,522,Central,38
B001126,Middle,702296,Business Owner,6,F,402,South,53
B001127,Middle,637089,Salaried,17,B,797,East,63
B001128,Middle,989617,Salaried,13,F,412,North,47
B001129,Middle,793259,Salaried,7,F,391,South,39
B001130,High,2915066,Self-Employed,14,C,658,Central,44
B001131,High,2122249,Salaried,21,E,476,West,28
B001132,Middle,787414,Business Owner,26,C,665,Central,28
B001133,Low,294547,Business Owner,23,B,758,Central,58
B001134,Middle,945961,Self-Employed,29,D,589,South,61
B001135,High,2859685,Salaried,12,A,840,South,57
B001136,Lower-Middle,564202,Business Owner,10,A,894,North,58
B001137,Middle,768676,Freelancer,21,D,620,East,52
B001138,Lower-Middle,483745,Business Owner,28,G,317,West,58
B001139,Low,207354,Salaried,3,A,896,Central,23
B001140,Middle,872277,Self-Employed,7,A,887,Central,23
B001141,Lower-Middle,510578,Self-Employed,1,A,843,South,60
B001142,Upper-Middle,1083079,Freelancer,5,A,862,East,24
B001143,Upper-Middle,1718853,Salaried,10,F,399,East,32
B001144,Upper-Middle,1200508,Business Owner,20,C,706,West,41
B001145,Lower-Middle,528588,Self-Employed,19,D,559,Central,44
B001146,Lower-Middle,582649,Freelancer,11,C,635,North,33
B001147,Upper-Middle,1234574,Self-Employed,10,G,310,South,60
B001148,Upper-Middle,1780111,Freelancer,23,C,649,South,35
B001149,Middle,909713,Salaried,24,F,380,South,55
B001150,Upper-Middle,1586764,Salaried,27,D,576,North,52
B001151,Low,165898,Salaried,16,F,389,East,23
B001152,Upper-Middle,1370719,Business Owner,17,D,573,West,62
B001153,Low,221015,Salaried,6,F,395,East,30
B001154,Low,284259,Self-Employed,26,C,677,East,47
B001155,Middle,796142,Unemployed,27,D,564,West,47
B001156,Low,207859,Freelancer,9,D,566,West,22
B001157,Low,213656,Self-Employed,8,D,602,Central,63
B001158,Low,294556,Business Owner,1,D,610,North,22
B001159,Lower-Middle,484153,Salaried,22,B,805,Central,40
B001160,Upper-Middle,1398447,Salaried,16,F,401,North,31
B001161,Low,264583,Self-Employed,9,C,699,North,30
B001162,Middle,712350,Business Owner,28,B,753,East,21
B001163,Upper-Middle,1684337,Salaried,6,E,502,East,26
B001164,Low,243471,Salaried,18,E,493,East,27
B001165,Low,189648,Self-Employed,3,A,894,Central,50
B001166,Upper-Middle,1078036,Salaried,21,C,655,East,23
B001167,Upper-Middle,1401998,Business Owner,0,D,560,Central,44
B001168,Middle,905011,Salaried,27,E,491,West,33
B001169,Upper-Middle,1261910,Business Owner,13,C,622,North,22
B001170,Low,294460,Salaried,23,C,672,East,23
B001171,Lower-Middle,460721,Business Owner,5,E,429,North,57
B001172,Upper-Middle,1680534,Business Owner,18,B,738,Central,61
B001173,Lower-Middle,337136,Salaried,3,F,400,South,48
B001174,Upper-Middle,1436306,Salaried,24,E,449,West,44
B001175,Middle,991197,Freelancer,0,F,406,North,31
B001176,Upper-Middle,1347627,Salaried,10,C,615,South,58
B001177,Middle,911290,Self-Employed,28,B,758,Central,42
B001178,Lower-Middle,511531,Salaried,17,D,598,Central,50
B001179,Lower-Middle,402246,Business Owner,11,B,789,North,55
B001180,Lower-Middle,549065,Salaried,26,C,708,East,41
B001181,Upper-Middle,1354091,Self-Employed,3,C,648,Central,35
B001182,Low,207688,Self-Employed,12,C,660,East,41
B001183,Low,249512,Salaried,22,C,653,South,60
B001184,Low,182068,Salaried,24,C,691,West,52
B001185,Low,286116,Freelancer,20,B,765,West,51
B001186,Upper-Middle,1053422,Self-Employed,21,D,580,Central,35
B001187,Lower-Middle,569221,Unemployed,3,C,668,Central,35
B001188,High,2990808,Business Owner,9,D,594,North,44
B001189,Low,250349,Self-Employed,22,E,469,Central,22
B001190,Middle,982875,Self-Employed,19,E,510,North,26
B001191,Lower-Middle,588278,Freelancer,28,F,408,Central,45
B001192,Lower-Middle,555790,Self-Employed,13,G,336,Central,55
B001193,Upper-Middle,1611033,Salaried,29,B,751,South,37
B001194,High,3051987,Business Owner,10,C,671,East,35
B001195,Upper-Middle,1180588,Freelancer,5,E,517,West,51
B001196,Lower-Middle,432063,Salaried,20,E,461,Central,28
B001197,Lower-Middle,473596,Salaried,26,A,880,Central,25
B001198,Middle,697367,Self-Employed,4,G,304,South,53
B001199,Lower-Middle,480776,Business Owner,26,E,510,North,42
B001200,Upper-Middle,1450272,Salaried,19,F,420,Central,25
B001201,Middle,887200,Business Owner,13,B,756,Central,49
B001202,Middle,852348,Self-Employed,4,D,581,South,62
B001203,Upper-Middle,1691801,Salaried,6,C,636,East,36
B001204,Middle,767841,Self-Employed,14,C,625,Central,51
B001205,Low,236491,Salaried,10,B,763,South,51
B001206,Low,240766,Business Owner,22,B,789,West,53
B001207,Middle,739134,Salaried,9,F,396,East,41
B001208,Middle,864759,Business Owner,19,D,528,Central,24
B001209,Lower-Middle,399110,Salaried,14,D,568,East,26
B001210,Lower-Middle,533386,Freelancer,11,C,658,North,45
B001211,Upper-Middle,1726276,Business Owner,24,F,391,Central,43
B001212,Upper-Middle,1202007,Salaried,13,F,374,South,22
B001213,Middle,834092,Unemployed,13,D,562,South,31
B001214,Lower-Middle,558324,Salaried,7,C,633,North,35
B001215,Lower-Middle,475227,Self-Employed,19,B,811,East,56
B001216,Middle,768260,Freelancer,12,D,622,Central,52
B001217,Lower-Middle,508150,Freelancer,0,E,466,South,58
B001218,Middle,760934,Self-Employed,27,G,311,South,30
B001219,Middle,791353,Unemployed,13,A,835,East,59
B001220,Low,298912,Salaried,25,C,666,East,51
B001221,Low,206925,Salaried,1,C,680,Central,23
B001222,Lower-Middle,572228,Salaried,2,C,675,North,45
B001223,Upper-Middle,1593658,Salaried,11,D,605,South,32
B001224,Middle,768136,Self-Employed,5,D,567,West,61
B001225,Low,285323,Salaried,0,F,400,East,40
B001226,Upper-Middle,1120487,Self-Employed,1,B,698,West,42
B001227,Middle,981427,Salaried,20,C,674,East,62
B001228,Middle,882615,Salaried,12,D,528,North,34
B001229,High,3002475,Business Owner,4,E,458,Central,48
B001230,Low,217140,Salaried,24,E,522,West,59
B001231,Lower-Middle,578983,Self-Employed,11,E,522,North,46
B001232,Middle,923922,Business Owner,17,D,555,North,42
B001233,Lower-Middle,464856,Self-Employed,8,B,803,South,34
B001234,Middle,926106,Freelancer,7,E,508,Central,33
B001235,Lower-Middle,467600,Freelancer,29,G,322,South,57
B001236,Low,259149,Salaried,11,C,641,Central,39
B001237,Lower-Middle,491103,Self-Employed,25,B,806,East,35
B001238,Lower-Middle,358446,Salaried,2,A,868,South,40
B001239,Low,182621,Salaried,7,D,560,North,23
B001240,Low,258293,Self-Employed,11,D,522,South,30
B001241,Upper-Middle,1224206,Self-Employed,11,B,731,South,60
B001242,Lower-Middle,568018,Business Owner,11,B,764,East,56
B001243,Lower-Middle,459709,Self-Employed,13,D,575,Central,60
B001244,Low,170795,Business Owner,8,C,707,Central,57
B001245,Lower-Middle,529871,Self-Employed,20,B,733,South,22
B001246,Lower-Middle,524758,Salaried,6,D,588,Central,40
B001247,Middle,860323,Salaried,21,A,876,Central,26
B001248,Lower-Middle,572687,Self-Employed,6,A,817,East,21
B001249,Upper-Middle,1596883,Self-Employed,17,C,685,East,31
B001250,High,3498654,Salaried,4,C,670,East,25
B001251,Low,225658,Salaried,18,B,746,East,60
B001252,Low,264645,Salaried,4,B,705,North,43
B001253,Low,214084,Self-Employed,9,B,771,Central,62
B001254,Middle,779697,Salaried,29,E,473,South,32
B001255,Low,240105,Salaried,5,E,480,North,43
B001256,Upper-Middle,1605550,Salaried,19,B,795,Central,35
B001257,Upper-Middle,1073124,Salaried,29,D,579,North,43
B001258,Upper-Middle,1387513,Salaried,19,B,766,Central,44
B001259,Middle,605358,Freelancer,13,F,449,North,22
B001260,High,2903877,Salaried,11,C,674,East,50
B001261,Low,214955,Salaried,11,B,740,East,30
B001262,Lower-Middle,318561,Self-Employed,5,C,702,South,29
B001263,Lower-Middle,406360,Self-Employed,12,B,762,East,64
B001264,High,2420447,Salaried,14,B,747,East,51
B001265,Middle,957218,Salaried,12,C,648,Central,25
B001266,Upper-Middle,1350446,Freelancer,11,D,573,East,25
B001267,Low,163128,Freelancer,29,B,784,Central,24
B001268,High,2680478,Salaried,7,C,656,West,45
B001269,Middle,856880,Self-Employed,24,E,494,Central,50
B001270,Middle,966556,Salaried,22,C,649,West,50
B001271,High,3719879,Salaried,22,B,796,North,21
B001272,Lower-Middle,431776,Salaried,7,D,546,West,33
B001273,Lower-Middle,489920,Business Owner,28,A,825,West,29
B001274,Middle,986972,Salaried,21,E,474,South,57
B001275,Low,172347,Salaried,0,B,726,West,27
B001276,Lower-Middle,564951,Salaried,3,B,773,West,55
B001277,Lower-Middle,553961,Salaried,19,E,507,West,31
B001278,Low,287197,Salaried,14,E,506,West,59
B001279,Upper-Middle,1773479,Self-Employed,16,E,507,West,35
B001280,Middle,665887,Self-Employed,20,B,723,West,36
B001281,Lower-Middle,468183,Salaried,16,D,586,South,44
B001282,Lower-Middle,349660,Salaried,20,G,344,West,62
B001283,Lower-Middle,381151,Business Owner,4,C,661,North,40
B001284,Middle,917749,Salaried,29,F,427,Central,42
B001285,High,3734312,Salaried,14,D,576,West,37
B001286,High,2805931,Freelancer,13,E,487,South,34
B001287,Lower-Middle,524314,Self-Employed,28,B,730,North,64
B001288,Lower-Middle,361354,Salaried,11,F,388,North,48
B001289,Middle,781013,Salaried,19,E,522,West,63
B001290,Middle,601662,Salaried,22,E,474,North,59
B001291,Middle,911485,Salaried,16,F,447,North,39
B001292,Middle,706594,Freelancer,1,E,486,West,60
B001293,Middle,613682,Self-Employed,7,D,614,East,26
B001294,Lower-Middle,405497,Salaried,14,D,580,South,31
B001295,Lower-Middle,407360,Salaried,20,E,432,South,41
B001296,Lower-Middle,515863,Salaried,26,E,472,East,27
B001297,Low,204951,Salaried,4,D,562,South,21
B001298,Low,195142,Self-Employed,7,D,563,North,40
B001299,Middle,603254,Salaried,16,F,369,East,23
B001300,Lower-Middle,534498,Freelancer,15,A,825,Central,62
B001301,Lower-Middle,321946,Self-Employed,2,E,505,East,44
B001302,Middle,737075,Freelancer,4,D,646,East,63
B001303,Upper-Middle,1197062,Freelancer,14,E,495,South,49
B001304,Lower-Middle,586521,Freelancer,28,B,751,North,33
B001305,Upper-Middle,1485032,Unemployed,2,D,518,West,50
B001306,High,1864008,Salaried,25,B,809,East,23
B001307,Middle,870210,Salaried,24,D,607,North,43
B001308,Middle,953107,Salaried,22,E,479,South,52
B001309,Low,250223,Self-Employed,4,D,588,North,40
B001310,High,2951927,Self-Employed,4,D,568,Central,31
B001311,Lower-Middle,398015,Salaried,10,C,641,Central,61
B001312,High,3162129,Business Owner,15,D,570,Central,30
B001313,Middle,616486,Business Owner,20,F,421,Central,33
B001314,Low,183730,Self-Employed,6,E,499,West,53
B001315,Low,288062,Salaried,24,A,845,East,32
B001316,Middle,884283,Salaried,27,D,596,South,29
B001317,Middle,637870,Salaried,26,E,482,North,27
B001318,Low,250576,Salaried,27,D,611,Central,55
B001319,Upper-Middle,1719691,Self-Employed,29,D,554,North,26
B001320,Upper-Middle,1536590,Salaried,21,F,391,South,61
B001321,Middle,836291,Salaried,2,F,420,East,27
B001322,Middle,797891,Salaried,19,A,868,West,27
B001323,Low,238660,Self-Employed,21,D,563,Central,63
B001324,Upper-Middle,1696879,Salaried,7,D,558,East,45
B001325,Lower-Middle,394786,Freelancer,0,E,503,Central,52
B001326,Upper-Middle,1617829,Salaried,2,C,706,East,51
B001327,Lower-Middle,492316,Freelancer,23,B,783,Central,33
B001328,Middle,652264,Salaried,25,D,550,North,44
B001329,Lower-Middle,371604,Salaried,2,C,653,East,41
B001330,Low,282551,Unemployed,7,B,733,South,61
B001331,Upper-Middle,1259423,Business Owner,17,F,435,South,58
B001332,Middle,763699,Self-Employed,8,C,668,Central,23
B001333,Middle,733093,Business Owner,16,A,842,West,49
B001334,High,3023194,Salaried,7,A,857,West,64
B001335,High,1945346,Business Owner,16,B,772,North,40
B001336,Upper-Middle,1353307,Salaried,10,B,750,Central,45
B001337,Lower-Middle,449932,Business Owner,1,C,677,Central,54
B001338,Middle,925688,Freelancer,9,A,853,West,30
B001339,Upper-Middle,1170146,Freelancer,21,D,621,East,33
B001340,Lower-Middle,416432,Business Owner,7,C,671,North,48
B001341,Low,229024,Self-Employed,8,D,590,East,63
B001342,Upper-Middle,1647730,Self-Employed,3,G,300,North,50
B001343,Middle,880771,Salaried,3,G,300,West,55
B001344,Middle,618015,Freelancer,23,C,682,West,21
B001345,High,2568363,Self-Employed,0,C,647,North,25
B001346,Middle,686977,Salaried,28,D,588,South,57
B001347,Lower-Middle,336852,Business Owner,29,C,664,West,55
B001348,Lower-Middle,382629,Salaried,4,E,505,South,24
B001349,Lower-Middle,471432,Business Owner,22,D,531,Central,38
B001350,Low,272538,Business Owner,17,B,796,East,30
B001351,Upper-Middle,1708016,Salaried,25,C,629,West,47
B001352,Upper-Middle,1268429,Salaried,13,F,445,West,47
B001353,Lower-Middle,369135,Self-Employed,2,D,582,West,21
B001354,Lower-Middle,472136,Salaried,13,E,503,West,55
B001355,Upper-Middle,1533141,Unemployed,1,E,489,East,28
B001356,Low,232915,Salaried,22,D,582,North,49
B001357,Middle,931984,Salaried,10,C,646,South,57
B001358,Middle,758321,Salaried,22,D,596,Central,48
B001359,Middle,732688,Business Owner,21,B,771,South,64
B001360,Low,235015,Self-Employed,1,D,591,Central,42
B001361,Middle,863973,Business Owner,17,B,797,East,33
B001362,Lower-Middle,400316,Freelancer,26,F,365,West,43
B001363,Middle,701481,Self-Employed,21,E,492,South,53
B001364,Low,295005,Salaried,0,B,723,North,39
B001365,Middle,883124,Salaried,14,E,519,South,25
B001366,Middle,845231,Freelancer,13,E,508,West,33
B001367,Lower-Middle,385438,Salaried,1,E,484,West,43
B001368,Low,288227,Freelancer,2,C,692,East,36
B001369,Lower-Middle,458607,Freelancer,19,D,593,North,61
B001370,Lower-Middle,381016,Self-Employed,19,D,543,North,59
B001371,Low,204222,Self-Employed,16,C,686,North,49
B001372,High,2618831,Freelancer,12,D,559,West,37
B001373,Lower-Middle,310242,Business Owner,7,B,764,Central,28
B001374,Upper-Middle,1327236,Self-Employed,4,F,424,Central,54
B001375,High,2373591,Salaried,22,G,311,West,62
B001376,Low,217843,Salaried,10,C,668,East,47
B001377,Middle,824260,Salaried,20,C,706,West,21
B001378,Upper-Middle,1268510,Freelancer,7,B,764,North,30
B001379,Middle,612212,Self-Employed,13,F,394,South,45
B001380,Lower-Middle,578260,Business Owner,19,B,720,South,27
B001381,Lower-Middle,335273,Salaried,21,E,491,Central,46
B001382,Low,202594,Freelancer,20,E,507,East,26
B001383,Middle,890890,Salaried,19,C,707,Central,40
B001384,High,3734711,Business Owner,16,E,451,West,42
B001385,High,3221555,Salaried,26,C,681,West,49
B001386,Low,186059,Freelancer,23,C,687,North,29
B001387,Middle,865391,Self-Employed,0,F,389,North,47
B001388,Lower-Middle,420730,Salaried,0,C,711,South,32
B001389,Upper-Middle,1595838,Salaried,23,A,829,Central,39
B001390,Low,209320,Salaried,19,D,626,Central,57
B001391,High,1993162,Salaried,4,D,583,West,23
B001392,Upper-Middle,1421347,Salaried,19,D,599,Central,42
B001393,Low,156336,Salaried,6,C,660,North,62
B001394,Low,243505,Salaried,13,D,542,Central,35
B001395,Upper-Middle,1253867,Salaried,3,C,667,North,39
B001396,Low,282321,Self-Employed,25,C,686,North,29
B001397,Middle,800359,Salaried,0,B,746,Central,28
B001398,High,1874868,Salaried,2,D,573,Central,40
B001399,Middle,855407,Freelancer,29,E,492,North,46
B001400,Lower-Middle,549330,Salaried,22,A,812,South,32
B001401,Lower-Middle,313462,Self-Employed,8,A,843,Central,45
B001402,Low,261736,Freelancer,9,E,495,East,22
B001403,High,3475320,Business Owner,3,C,657,East,44
B001404,Lower-Middle,504179,Self-Employed,0,C,701,East,59
B001405,Lower-Middle,447033,Self-Employed,1,D,586,South,52
B001406,Lower-Middle,494233,Business Owner,0,D,527,Central,46
B001407,High,2877094,Business Owner,24,B,747,East,63
B001408,Low,206447,Salaried,7,E,473,South,57
B001409,Upper-Middle,1039758,Self-Employed,13,B,739,Central,23
B001410,Middle,798520,Freelancer,17,E,528,Central,53
B001411,Upper-Middle,1626412,Business Owner,20,E,506,North,52
B001412,High,1912019,Salaried,18,B,750,Central,21
B001413,Upper-Middle,1029795,Salaried,14,E,478,Central,38
B001414,High,2172552,Salaried,3,D,572,Central,49
B001415,Low,194274,Salaried,13,G,300,North,50
B001416,Upper-Middle,1400024,Self-Employed,8,E,473,South,27
B001417,Middle,931462,Salaried,8,C,683,Central,31
B001418,Middle,611864,Salaried,3,D,528,South,24
B001419,Upper-Middle,1625509,Salaried,6,D,593,East,43
B001420,High,3371733,Freelancer,25,E,452,South,22
B001421,Middle,799693,Freelancer,16,C,683,East,48
B001422,Middle,676942,Business Owner,25,E,517,East,58
B001423,Middle,634016,Freelancer,23,C,644,East,55
B001424,Lower-Middle,347455,Freelancer,6,G,300,South,46
B001425,Lower-Middle,399851,Salaried,29,C,694,North,50
B001426,Lower-Middle,459251,Salaried,26,A,842,West,55
B001427,Low,202412,Business Owner,20,B,740,North,54
B001428,Low,233816,Self-Employed,2,F,382,Central,49
B001429,Upper-Middle,1705143,Salaried,22,E,550,North,64
B001430,Lower-Middle,338927,Unemployed,16,C,658,Central,27
B001431,High,3767724,Salaried,27,F,413,East,42
B001432,Middle,677727,Freelancer,21,B,776,East,47
B001433,Low,223877,Self-Employed,0,B,799,Central,57
B001434,Low,260046,Salaried,12,B,808,East,25
B001435,Lower-Middle,509056,Freelancer,2,C,623,North,34
B001436,High,3467942,Business Owner,2,D,616,East,23
B001437,Lower-Middle,514092,Self-Employed,0,B,764,East,34
B001438,Middle,606402,Self-Employed,22,B,734,Central,35
B001439,High,2891143,Salaried,7,C,694,East,35
B001440,High,2634119,Salaried,23,B,737,North,25
B001441,Lower-Middle,578383,Salaried,22,D,612,South,46
B001442,Low,293205,Salaried,9,D,570,South,52
B001443,Low,188440,Salaried,19,B,787,South,29
B001444,Low,256807,Self-Employed,0,A,869,North,47
B001445,Lower-Middle,371139,Salaried,6,D,550,North,37
B001446,Middle,899433,Self-Employed,27,E,455,West,51
B001447,High,2458045,Salaried,1,D,584,South,41
B001448,Middle,892240,Salaried,2,D,568,South,60
B001449,Middle,610845,Freelancer,19,G,327,East,53
B001450,Lower-Middle,510822,Unemployed,7,E,484,Central,36
B001451,Upper-Middle,1336608,Business Owner,8,C,648,West,42
B001452,Middle,895443,Salaried,13,E,499,Central,45
B001453,Upper-Middle,1073267,Business Owner,28,D,528,East,26
B001454,High,3709645,Salaried,13,D,547,Central,37
B001455,Lower-Middle,499635,Self-Employed,11,D,554,Central,33
B001456,Low,205627,Freelancer,15,C,610,East,27
B001457,Lower-Middle,402463,Salaried,16,F,409,East,31
B001458,Lower-Middle,388639,Freelancer,6,B,739,Central,58
B001459,High,3095253,Self-Employed,2,C,676,West,56
B001460,Lower-Middle,311810,Salaried,11,A,869,South,46
B001461,Upper-Middle,1569563,Salaried,15,E,522,South,48
B001462,Middle,914685,Business Owner,27,C,690,South,48
B001463,Lower-Middle,376001,Salaried,8,C,630,South,51
B001464,Lower-Middle,341987,Salaried,26,F,377,East,32
B001465,Middle,988598,Salaried,12,B,717,West,45
B001466,Middle,853594,Freelancer,2,A,827,West,57
B001467,Lower-Middle,508179,Salaried,1,D,617,North,22
B001468,Lower-Middle,489712,Freelancer,23,C,677,North,43
B001469,Middle,699698,Self-Employed,15,A,875,West,25
B001470,Low,270250,Salaried,16,C,637,East,24
B001471,High,2859149,Salaried,23,B,755,North,48
B001472,Lower-Middle,379026,Business Owner,1,C,685,Central,35
B001473,Low,239024,Salaried,2,E,465,Central,43
B001474,Middle,953452,Salaried,23,C,664,North,40
B001475,Middle,910498,Salaried,12,D,604,North,45
B001476,Middle,884651,Freelancer,4,C,695,North,35
B001477,Lower-Middle,380230,Self-Employed,21,G,323,West,43
B001478,High,2413773,Salaried,7,E,489,Central,26
B001479,Middle,932374,Salaried,15,C,673,East,31
B001480,Middle,919890,Salaried,2,E,462,Central,35
B001481,Lower-Middle,558361,Business Owner,8,C,717,South,44
B001482,Low,292299,Salaried,22,A,818,North,21
B001483,Middle,746189,Unemployed,0,C,702,East,60
B001484,Lower-Middle,479969,Freelancer,21,D,532,East,30
B001485,Middle,825728,Salaried,1,C,663,Central,57
B001486,Low,195540,Freelancer,25,C,679,South,49
B001487,High,3001410,Self-Employed,26,E,472,East,34
B001488,Middle,993699,Self-Employed,15,F,362,North,44
B001489,Upper-Middle,1748496,Salaried,24,F,379,East,33
B001490,Middle,807710,Freelancer,12,D,574,North,37
B001491,Low,186720,Salaried,20,D,584,South,56
B001492,Upper-Middle,1668069,Business Owner,16,D,577,South,63
B001493,Middle,942751,Salaried,16,C,673,South,41
B001494,Upper-Middle,1450357,Salaried,0,E,498,West,23
B001495,Lower-Middle,440383,Freelancer,18,B,777,West,40
B001496,Middle,672770,Salaried,23,F,388,South,49
B001497,Upper-Middle,1263864,Salaried,29,C,678,Central,43
B001498,Middle,605818,Business Owner,24,B,731,South,48
B001499,Lower-Middle,431554,Salaried,11,C,630,North,27
B001500,Middle,651249,Freelancer,1,E,478,South,43
B001501,Middle,806968,Freelancer,1,C,748,South,39
B001502,High,2346026,Salaried,27,D,580,North,32
B001503,Lower-Middle,566014,Self-Employed,21,C,691,West,63
B001504,Lower-Middle,336975,Unemployed,12,D,610,East,43
B001505,Upper-Middle,1351692,Freelancer,2,D,572,South,36
B001506,Middle,655537,Self-Employed,7,G,347,West,41
B001507,Upper-Middle,1455754,Self-Employed,6,C,682,South,49
B001508,Middle,726094,Self-Employed,1,C,697,Central,27
B001509,Lower-Middle,331361,Salaried,7,B,765,South,64
B001510,Upper-Middle,1480369,Self-Employed,29,C,676,South,31
B001511,Low,230720,Salaried,27,E,526,West,25
B001512,Lower-Middle,363087,Salaried,19,B,748,North,40
B001513,Middle,986716,Salaried,8,G,318,Central,63
B001514,Upper-Middle,1630667,Freelancer,18,A,852,West,37
B001515,Upper-Middle,1493813,Salaried,6,E,493,South,46
B001516,Lower-Middle,583035,Salaried,4,D,598,South,26
B001517,Low,262030,Salaried,7,F,408,Central,42
B001518,High,2862050,Salaried,24,D,579,East,31
B001519,Low,294475,Unemployed,24,D,622,East,21
B001520,Lower-Middle,492605,Salaried,17,A,860,West,47
B001521,Lower-Middle,340938,Salaried,26,C,654,South,44
B001522,Middle,639422,Freelancer,10,E,491,East,51
B001523,Upper-Middle,1073806,Salaried,1,B,761,East,64
B001524,Upper-Middle,1284353,Salaried,18,E,477,South,54
B001525,Middle,603348,Business Owner,22,C,659,South,58
B001526,Low,233824,Business Owner,4,C,668,East,44
B001527,Lower-Middle,430919,Salaried,3,D,593,West,62
B001528,Middle,745562,Self-Employed,12,A,822,East,23
B001529,Low,214430,Self-Employed,19,D,595,North,55
B001530,Lower-Middle,427326,Self-Employed,4,F,395,North,31
B001531,Lower-Middle,596462,Salaried,19,A,823,North,63
B001532,Low,212801,Business Owner,3,B,773,North,53
B001533,Middle,968825,Self-Employed,9,A,858,West,29
B001534,Middle,941488,Business Owner,29,D,595,West,33
B001535,Low,214164,Freelancer,1,E,518,South,24
B001536,Middle,616917,Freelancer,8,F,446,North,50
B001537,Upper-Middle,1678591,Business Owner,9,C,672,South,30
B001538,Upper-Middle,1169829,Salaried,0,B,754,South,49
B001539,Upper-Middle,1046785,Salaried,19,A,847,East,23
B001540,Lower-Middle,561320,Self-Employed,6,C,662,East,43
B001541,Upper-Middle,1526673,Salaried,11,D,567,North,30
B001542,Lower-Middle,353427,Self-Employed,10,F,401,East,34
B001543,Lower-Middle,386695,Business Owner,24,B,722,North,39
B001544,Low,261854,Self-Employed,0,E,511,North,24
B001545,Middle,649361,Salaried,12,D,589,Central,37
B001546,Lower-Middle,516794,Freelancer,18,F,438,Central,53
B001547,Lower-Middle,437532,Self-Employed,25,F,379,Central,36
B001548,Upper-Middle,1669725,Salaried,15,E,526,North,31
B001549,Lower-Middle,492910,Self-Employed,4,C,694,West,42
B001550,Lower-Middle,594621,Salaried,10,C,647,Central,33
B001551,Low,278563,Business Owner,8,B,733,East,60
B001552,Lower-Middle,403112,Salaried,26,B,769,Central,26
B001553,Lower-Middle,444474,Self-Employed,20,D,595,Central,42
B001554,Lower-Middle,581848,Salaried,7,G,330,North,53
B001555,Lower-Middle,345642,Salaried,20,D,565,Central,38
B001556,Upper-Middle,1333732,Salaried,2,C,730,North,63
B001557,High,3067900,Salaried,23,B,732,North,64
B001558,Middle,740477,Freelancer,3,D,610,North,42
B001559,Middle,637664,Business Owner,1,B,717,Central,52
B001560,Upper-Middle,1165128,Salaried,23,A,831,Central,36
B001561,High,2752572,Salaried,16,A,873,South,63
B001562,Middle,948887,Business Owner,10,E,534,Central,43
B001563,Upper-Middle,1457620,Salaried,6,C,699,North,47
B001564,Upper-Middle,1238788,Salaried,27,F,396,East,38
B001565,Upper-Middle,1134414,Salaried,19,D,552,Central,39
B001566,Middle,847331,Self-Employed,2,D,612,Central,34
B001567,Low,177099,Unemployed,6,E,486,South,32
B001568,Low,160611,Salaried,16,F,437,West,63
B001569,Middle,613210,Freelancer,18,B,789,West,35
B001570,Middle,879078,Freelancer,8,B,774,East,62
B001571,Lower-Middle,565912,Unemployed,2,B,740,Central,21
B001572,Middle,812058,Business Owner,28,C,652,Central,48
B001573,Middle,711657,Freelancer,26,B,776,North,56
B001574,Upper-Middle,1163481,Self-Employed,14,D,585,East,21
B001575,Low,191451,Freelancer,8,C,718,South,23
B001576,Lower-Middle,391552,Salaried,8,G,326,East,37
B001577,Upper-Middle,1483135,Business Owner,5,E,504,South,34
B001578,Upper-Middle,1738784,Self-Employed,0,E,530,West,29
B001579,High,2293042,Salaried,29,D,565,West,43
B001580,Upper-Middle,1287434,Salaried,14,A,864,West,46
B001581,Upper-Middle,1475632,Salaried,6,A,830,West,58
B001582,Lower-Middle,432929,Salaried,4,C,694,South,38
B001583,Lower-Middle,334989,Salaried,14,F,441,West,56
B001584,Lower-Middle,346970,Salaried,2,A,856,East,39
B001585,Middle,831406,Salaried,24,C,629,East,54
B001586,High,3138827,Self-Employed,4,E,517,South,61
B001587,Lower-Middle,476570,Salaried,28,C,709,South,39
B001588,Middle,926078,Salaried,15,F,383,North,60
B001589,Lower-Middle,357729,Salaried,13,F,385,North,45
B001590,Low,217637,Salaried,7,A,876,South,32
B001591,Lower-Middle,439652,Salaried,18,D,558,North,58
B001592,Low,182277,Unemployed,12,B,734,East,48
B001593,High,3361071,Salaried,8,C,649,West,45
B001594,Lower-Middle,393681,Salaried,15,F,390,North,59
B001595,Upper-Middle,1495229,Self-Employed,1,A,870,South,49
B001596,Middle,768505,Freelancer,1,F,405,North,63
B001597,Lower-Middle,372007,Salaried,29,G,335,Central,21
B001598,Low,181033,Salaried,16,D,596,North,53
B001599,Upper-Middle,1393518,Self-Employed,26,C,705,Central,42
B001600,Lower-Middle,372150,Salaried,13,B,788,Central,25
B001601,High,3283024,Salaried,26,C,644,South,36
B001602,Low,242562,Unemployed,16,B,753,West,50
B001603,Middle,915982,Unemployed,18,A,883,North,23
B001604,Upper-Middle,1106562,Self-Employed,20,A,862,North,42
B001605,Lower-Middle,564654,Salaried,7,D,568,West,50
B001606,Lower-Middle,456949,Self-Employed,21,A,842,West,33
B001607,High,3232748,Freelancer,1,C,693,South,59
B001608,Lower-Middle,593732,Freelancer,20,D,572,East,60
B001609,Lower-Middle,455739,Salaried,14,B,790,East,49
B001610,Lower-Middle,563973,Salaried,2,C,666,East,49
B001611,Lower-Middle,397451,Salaried,7,A,888,South,33
B001612,Upper-Middle,1664049,Business Owner,27,B,790,Central,61
B001613,Upper-Middle,1748445,Salaried,13,B,747,West,42
B001614,Lower-Middle,356234,Salaried,24,B,780,East,23
B001615,Upper-Middle,1398721,Salaried,22,C,637,East,36
B001616,Lower-Middle,568559,Salaried,26,B,762,South,55
B001617,Low,203456,Freelancer,22,C,670,South,46
B001618,Middle,878416,Salaried,5,E,448,West,46
B001619,High,2023732,Salaried,18,D,536,North,51
B001620,Low,195126,Self-Employed,17,C,700,North,34
B001621,Lower-Middle,497833,Self-Employed,29,F,399,North,32
B001622,Middle,776739,Self-Employed,27,E,494,Central,59
B001623,Upper-Middle,1526769,Business Owner,16,D,573,Central,42
B001624,Low,232902,Salaried,27,C,702,Central,56
B001625,Lower-Middle,578810,Salaried,28,A,813,South,48
B001626,Upper-Middle,1096132,Salaried,11,C,691,South,46
B001627,Lower-Middle,487063,Self-Employed,9,D,629,South,43
B001628,Lower-Middle,436819,Freelancer,25,G,300,West,63
B001629,Lower-Middle,578027,Salaried,19,G,300,West,46
B001630,Lower-Middle,556952,Business Owner,13,B,770,Central,56
B001631,Middle,726663,Business Owner,27,G,326,South,31
B001632,Upper-Middle,1667147,Unemployed,2,E,458,Central,41
B001633,Middle,830115,Salaried,18,D,571,Central,44
B001634,Middle,716251,Salaried,29,F,438,North,23
B001635,High,2001236,Business Owner,25,C,718,South,64
B001636,Lower-Middle,350038,Business Owner,9,C,666,North,47
B001637,Lower-Middle,488686,Self-Employed,25,F,403,Central,25
B001638,High,2895273,Freelancer,8,B,768,East,40
B001639,Lower-Middle,340149,Salaried,0,E,420,North,64
B001640,Middle,957411,Self-Employed,26,E,471,East,46
B001641,Upper-Middle,1462589,Salaried,26,F,399,North,30
B001642,Low,294829,Salaried,22,B,819,South,23
B001643,Middle,710119,Salaried,26,D,591,East,38
B001644,Lower-Middle,355156,Salaried,10,A,886,North,57
B001645,Lower-Middle,561644,Salaried,4,F,395,Central,32
B001646,Middle,900361,Self-Employed,23,D,591,East,56
B001647,Lower-Middle,363584,Freelancer,11,D,556,West,45
B001648,Upper-Middle,1281057,Salaried,0,E,453,South,54
B001649,Upper-Middle,1254588,Salaried,10,D,552,West,60
B001650,Upper-Middle,1564020,Salaried,17,D,569,East,55
B001651,Lower-Middle,364610,Salaried,18,C,667,East,51
B001652,Lower-Middle,323088,Salaried,8,D,564,South,28
B001653,Lower-Middle,545467,Self-Employed,10,E,431,North,53
B001654,Low,151732,Freelancer,16,E,506,East,43
B001655,High,3138020,Salaried,24,A,827,South,30
B001656,Lower-Middle,392567,Self-Employed,9,C,669,East,54
B001657,Lower-Middle,426965,Self-Employed,12,C,649,East,61
B001658,Upper-Middle,1053889,Salaried,21,A,873,South,48
B001659,Lower-Middle,349670,Salaried,4,E,444,North,59
B001660,Low,225187,Salaried,19,D,600,South,43
B001661,Low,207504,Salaried,4,A,836,South,60
B001662,Middle,780211,Freelancer,21,D,569,South,36
B001663,Upper-Middle,1004178,Salaried,28,C,668,West,22
B001664,Lower-Middle,578414,Salaried,21,E,485,South,50
B001665,High,2943745,Salaried,17,B,792,West,36
B001666,Upper-Middle,1348131,Salaried,22,A,863,North,22
B001667,Upper-Middle,1694242,Freelancer,17,A,880,West,44
B001668,Lower-Middle,318778,Salaried,29,C,679,West,22
B001669,Low,216999,Business Owner,3,E,483,West,43
B001670,Upper-Middle,1460989,Salaried,13,D,574,West,40
B001671,Lower-Middle,383235,Salaried,17,A,807,South,33
B001672,Middle,703831,Salaried,22,D,624,South,45
B001673,Upper-Middle,1129244,Freelancer,9,D,573,Central,38
B001674,Low,255902,Salaried,6,E,442,Central,35
B001675,Upper-Middle,1534806,Business Owner,8,B,731,East,24
B001676,High,2700414,Salaried,28,E,447,West,51
B001677,Middle,640040,Self-Employed,19,D,558,Central,24
B001678,Lower-Middle,355634,Self-Employed,25,D,590,Central,61
B001679,Upper-Middle,1322788,Self-Employed,20,C,615,North,58
B001680,Middle,699281,Salaried,2,A,879,East,26
B001681,Upper-Middle,1589263,Salaried,21,B,741,West,36
B001682,Upper-Middle,1063445,Freelancer,24,E,481,East,41
B001683,Upper-Middle,1312545,Self-Employed,27,D,575,East,46
B001684,Lower-Middle,566281,Salaried,17,D,549,West,62
B001685,Low,200714,Salaried,9,D,594,South,22
B001686,Lower-Middle,528435,Salaried,12,A,811,East,63
B001687,Middle,720198,Salaried,21,C,705,West,49
B001688,Middle,858293,Salaried,3,D,550,West,42
B001689,Middle,823206,Salaried,24,B,755,East,35
B001690,Lower-Middle,456599,Salaried,18,F,379,East,54
B001691,Upper-Middle,1118159,Self-Employed,13,A,874,South,22
B001692,High,1912656,Freelancer,15,D,548,North,29
B001693,Lower-Middle,339962,Self-Employed,0,C,702,West,58
B001694,Upper-Middle,1603731,Salaried,25,F,450,Central,56
B001695,Middle,999166,Business Owner,28,E,452,Central,41
B001696,Middle,703854,Salaried,11,C,619,South,63
B001697,Lower-Middle,379368,Self-Employed,20,C,660,South,38
B001698,Upper-Middle,1307386,Salaried,15,G,310,West,35
B001699,High,2593065,Salaried,4,D,571,West,26
B001700,Middle,855102,Self-Employed,12,A,840,South,31
B001701,High,2784398,Salaried,23,E,504,South,31
B001702,High,3175049,Self-Employed,2,C,676,East,26
B001703,Lower-Middle,329204,Self-Employed,16,C,627,East,63
B001704,Middle,896718,Salaried,13,E,468,West,40
B001705,Middle,908356,Salaried,14,G,340,West,64
B001706,High,3890034,Self-Employed,28,A,851,East,35
B001707,Low,248216,Self-Employed,12,C,666,West,60
B001708,Lower-Middle,472770,Business Owner,0,C,635,North,42
B001709,Upper-Middle,1465024,Salaried,16,F,416,South,31
B001710,Lower-Middle,327526,Business Owner,22,F,397,South,43
B001711,Upper-Middle,1263642,Salaried,24,F,397,West,30
B001712,Lower-Middle,567147,Salaried,12,A,872,North,58
B001713,High,3745181,Self-Employed,10,A,821,Central,34
B001714,Upper-Middle,1763650,Salaried,5,D,607,East,59
B001715,Lower-Middle,501410,Salaried,7,B,765,North,53
B001716,Upper-Middle,1178621,Salaried,20,B,786,South,40
B001717,Lower-Middle,549241,Business Owner,17,C,660,North,41
B001718,Middle,831529,Freelancer,11,E,519,South,54
B001719,Middle,638466,Freelancer,27,D,507,West,22
B001720,Upper-Middle,1046948,Salaried,29,E,453,North,45
B001721,Low,243526,Salaried,20,A,824,East,51
B001722,Lower-Middle,497612,Business Owner,15,E,468,West,52
B001723,Middle,723545,Salaried,21,D,605,South,60
B001724,Middle,974436,Salaried,12,C,619,North,51
B001725,Middle,670625,Salaried,6,D,600,West,40
B001726,Low,173199,Self-Employed,28,E,487,South,57
B001727,Lower-Middle,410838,Self-Employed,25,B,729,East,28
B001728,Upper-Middle,1398689,Salaried,8,E,531,East,28
B001729,Low,219890,Salaried,1,D,544,East,21
B001730,Lower-Middle,507506,Business Owner,29,D,600,East,56
B001731,High,2237552,Self-Employed,29,F,430,South,34
B001732,Low,227862,Salaried,23,E,441,North,30
B001733,Upper-Middle,1401868,Salaried,17,D,551,Central,29
B001734,Lower-Middle,571507,Freelancer,16,C,701,West,51
B001735,Upper-Middle,1644157,Self-Employed,2,D,582,West,41
B001736,Upper-Middle,1703614,Self-Employed,11,E,504,South,63
B001737,Upper-Middle,1700266,Self-Employed,9,G,309,North,51
B001738,Lower-Middle,330167,Freelancer,2,E,507,West,46
B001739,Middle,801757,Salaried,2,E,457,Central,28
B001740,Upper-Middle,1696728,Salaried,28,D,596,South,59
B001741,Lower-Middle,547551,Salaried,2,E,483,North,34
B001742,Lower-Middle,574649,Business Owner,19,B,752,East,56
B001743,Low,156356,Salaried,28,C,634,Central,21
B001744,High,2723969,Salaried,15,D,539,East,51
B001745,Middle,646335,Salaried,7,D,574,South,55
B001746,Middle,649009,Self-Employed,19,D,608,Central,24
B001747,Upper-Middle,1446873,Self-Employed,4,G,313,South,52
B001748,Middle,994318,Salaried,26,E,463,South,22
B001749,Middle,902431,Salaried,8,E,483,South,44
B001750,Lower-Middle,461266,Business Owner,8,E,481,North,60
B001751,Middle,934456,Salaried,17,E,467,Central,38
B001752,Lower-Middle,489376,Business Owner,15,D,588,South,51
B001753,Upper-Middle,1068303,Salaried,27,B,733,West,29
B001754,Upper-Middle,1501499,Freelancer,24,E,471,East,45
B001755,Lower-Middle,323224,Salaried,7,C,640,West,41
B001756,Middle,749134,Self-Employed,26,E,469,North,21
B001757,Low,205106,Salaried,7,B,796,East,57
B001758,High,3969481,Salaried,21,D,560,Central,26
B001759,Upper-Middle,1101948,Self-Employed,24,C,656,Central,23
B001760,High,3664381,Self-Employed,17,E,508,North,51
B001761,Lower-Middle,391083,Business Owner,7,E,514,West,57
B001762,Low,222073,Self-Employed,11,A,835,Central,31
B001763,Lower-Middle,566072,Self-Employed,26,B,789,West,50
B001764,Low,213056,Freelancer,7,F,373,East,36
B001765,Low,251481,Salaried,4,B,775,North,54
B001766,Low,282581,Freelancer,19,E,486,East,57
B001767,High,2237437,Salaried,25,E,499,North,46
B001768,Low,199556,Salaried,21,E,503,West,35
B001769,Low,241149,Business Owner,9,A,846,East,37
B001770,Upper-Middle,1298495,Salaried,14,E,501,North,43
B001771,Middle,776893,Salaried,11,G,328,West,29
B001772,Upper-Middle,1571728,Salaried,28,C,627,East,24
B001773,Middle,947149,Salaried,17,E,466,East,50
B001774,Upper-Middle,1301553,Self-Employed,4,C,691,South,42
B001775,Middle,706458,Salaried,1,G,300,East,43
B001776,Middle,892771,Salaried,15,B,730,North,52
B001777,Middle,838799,Salaried,13,C,707,North,41
B001778,Lower-Middle,522882,Salaried,20,B,749,West,31
B001779,Lower-Middle,582015,Salaried,15,G,313,Central,21
B001780,Middle,691755,Salaried,28,D,588,North,46
B001781,Low,263762,Business Owner,22,B,769,North,47
B001782,Upper-Middle,1217484,Self-Employed,7,B,745,East,46
B001783,Lower-Middle,373730,Salaried,25,F,389,East,24
B001784,Low,258010,Salaried,7,A,900,South,56
B001785,Lower-Middle,385956,Salaried,21,D,545,Central,60
B001786,Upper-Middle,1010230,Salaried,14,D,561,Central,36
B001787,Lower-Middle,426573,Salaried,13,E,459,West,22
B001788,Middle,744734,Freelancer,21,D,573,Central,60
B001789,Upper-Middle,1019253,Business Owner,9,E,465,East,49
B001790,Low,202416,Salaried,9,A,880,North,41
B001791,Upper-Middle,1289010,Salaried,0,C,708,North,29
B001792,Lower-Middle,459555,Self-Employed,15,A,847,Central,22
B001793,Lower-Middle,447684,Freelancer,29,C,643,North,30
B001794,Middle,665602,Salaried,3,D,624,North,24
B001795,Upper-Middle,1557529,Business Owner,22,D,559,West,28
B001796,Lower-Middle,574021,Salaried,27,F,404,East,61
B001797,Middle,917851,Self-Employed,20,F,407,South,51
B001798,Lower-Middle,347596,Salaried,5,C,644,Central,24
B001799,Middle,821053,Self-Employed,8,D,568,West,55
B001800,Middle,675450,Salaried,7,E,534,South,55
B001801,Middle,759572,Self-Employed,0,G,315,South,29
B001802,Middle,950780,Self-Employed,12,A,860,West,64
B001803,Low,167541,Self-Employed,16,D,598,South,26
B001804,Middle,976357,Self-Employed,4,C,679,South,57
B001805,Middle,734860,Salaried,26,C,693,Central,34
B001806,Middle,847633,Self-Employed,28,D,592,Central,38
B001807,Low,224063,Salaried,2,C,665,Central,40
B001808,Lower-Middle,466038,Self-Employed,19,A,900,East,31
B001809,Lower-Middle,488109,Salaried,21,E,473,West,58
B001810,Low,163327,Salaried,19,A,839,North,28
B001811,Lower-Middle,360066,Salaried,21,C,703,Central,48
B001812,Lower-Middle,525947,Freelancer,6,D,598,North,37
B001813,Upper-Middle,1600159,Self-Employed,2,D,568,Central,63
B001814,Lower-Middle,466564,Salaried,10,D,566,West,42
B001815,Upper-Middle,1756758,Self-Employed,23,G,308,Central,59
B001816,Middle,617561,Salaried,5,C,676,West,41
B001817,Upper-Middle,1721884,Salaried,19,B,759,North,52
B001818,Middle,773320,Salaried,2,B,746,West,48
B001819,Middle,964941,Business Owner,2,D,596,West,37
B001820,Middle,786461,Freelancer,12,C,670,East,55
B001821,High,3494456,Freelancer,8,F,421,East,35
B001822,Middle,993591,Salaried,13,D,583,East,28
B001823,Middle,949647,Salaried,6,C,631,South,50
B001824,Middle,635730,Business Owner,20,F,411,West,35
B001825,Upper-Middle,1627845,Salaried,2,E,513,East,52
B001826,Low,219476,Self-Employed,13,E,499,North,53
B001827,Middle,715642,Unemployed,18,D,540,West,52
B001828,Middle,884857,Salaried,29,B,766,South,60
B001829,High,2754698,Salaried,21,D,568,North,55
B001830,Middle,835187,Freelancer,14,B,761,South,57
B001831,Middle,912937,Self-Employed,22,D,592,Central,62
B001832,High,3609722,Freelancer,13,E,483,West,63
B001833,Middle,786869,Self-Employed,3,D,595,East,22
B001834,Lower-Middle,432133,Salaried,7,A,861,East,56
B001835,Lower-Middle,423936,Business Owner,3,A,858,East,59
B001836,Low,251511,Business Owner,18,F,390,North,63
B001837,Low,292149,Freelancer,3,B,784,South,30
B001838,Lower-Middle,380393,Salaried,24,D,616,Central,62
B001839,Upper-Middle,1228629,Salaried,1,E,489,West,64
B001840,Upper-Middle,1518308,Salaried,28,B,748,South,49
B001841,Low,217193,Salaried,25,E,480,Central,38
B001842,Middle,618886,Unemployed,4,A,870,North,52
B001843,Low,160866,Unemployed,11,E,492,Central,26
B001844,High,3129958,Self-Employed,0,A,844,East,34
B001845,Low,206671,Freelancer,25,C,651,East,45
B001846,Middle,849715,Salaried,29,B,770,Central,60
B001847,Lower-Middle,525840,Business Owner,16,F,415,Central,40
B001848,Middle,736614,Self-Employed,12,D,578,Central,51
B001849,Lower-Middle,474496,Self-Employed,20,E,497,East,45
B001850,Upper-Middle,1338007,Self-Employed,20,D,592,East,60
B001851,Lower-Middle,576826,Self-Employed,12,E,513,Central,59
B001852,Upper-Middle,1772058,Freelancer,28,D,558,West,30
B001853,Middle,870277,Salaried,28,C,652,South,41
B001854,Upper-Middle,1305225,Business Owner,0,D,570,East,37
B001855,Upper-Middle,1759298,Salaried,24,C,671,Central,50
B001856,High,2538092,Salaried,5,F,388,Central,24
B001857,Lower-Middle,458857,Self-Employed,28,F,393,South,31
B001858,Lower-Middle,582106,Business Owner,23,A,868,Central,62
B001859,Lower-Middle,482526,Freelancer,12,F,364,East,56
B001860,Lower-Middle,420296,Salaried,20,B,740,South,56
B001861,Middle,612843,Salaried,9,D,563,East,49
B001862,High,3538738,Salaried,13,E,521,East,54
B001863,High,1990461,Freelancer,9,B,762,North,42
B001864,Middle,636062,Unemployed,28,B,765,South,40
B001865,Middle,690923,Freelancer,28,E,469,North,39
B001866,Upper-Middle,1504460,Salaried,19,C,657,West,21
B001867,High,3765208,Freelancer,9,D,515,East,35
B001868,Lower-Middle,302496,Salaried,0,E,491,North,63
B001869,Middle,871203,Freelancer,5,B,743,East,54
B001870,Upper-Middle,1417270,Self-Employed,3,A,809,East,37
B001871,Lower-Middle,486336,Salaried,8,G,317,West,27
B001872,Lower-Middle,507025,Self-Employed,26,D,556,Central,31
B001873,High,3249877,Business Owner,19,D,582,Central,47
B001874,High,3627187,Salaried,28,C,677,East,58
B001875,Upper-Middle,1087233,Salaried,8,G,379,North,35
B001876,Upper-Middle,1178714,Business Owner,7,B,750,North,30
B001877,Lower-Middle,553367,Freelancer,14,B,764,North,38
B001878,Lower-Middle,321350,Self-Employed,6,C,668,North,28
B001879,Middle,992213,Salaried,26,E,470,West,41
B001880,Middle,781871,Self-Employed,1,B,765,Central,41
B001881,Middle,741379,Salaried,19,C,689,West,34
B001882,Middle,777460,Salaried,3,D,593,West,41
B001883,Lower-Middle,385564,Salaried,20,D,597,South,46
B001884,Upper-Middle,1660588,Salaried,7,B,740,West,59
B001885,Lower-Middle,484826,Salaried,22,D,581,East,54
B001886,Lower-Middle,386412,Salaried,27,C,630,South,64
B001887,Low,266983,Salaried,7,C,626,North,46
B001888,Lower-Middle,512586,Self-Employed,4,A,892,East,32
B001889,Upper-Middle,1469709,Salaried,14,G,312,East,24
B001890,Lower-Middle,433060,Salaried,2,D,595,East,29
B001891,Lower-Middle,554298,Self-Employed,24,A,865,East,36
B001892,Upper-Middle,1165987,Business Owner,29,C,669,West,41
B001893,Middle,962573,Business Owner,29,A,883,Central,46
B001894,Low,239475,Salaried,3,D,576,East,40
B001895,Lower-Middle,583452,Self-Employed,29,E,436,South,35
B001896,Low,290323,Business Owner,5,A,854,South,57
B001897,Middle,633435,Self-Employed,4,F,423,Central,47
B001898,Lower-Middle,400346,Self-Employed,15,C,634,East,25
B001899,Low,248290,Salaried,16,B,752,Central,44
B001900,Low,169340,Salaried,8,B,787,West,28
B001901,Middle,818777,Salaried,20,B,782,East,55
B001902,Low,201206,Salaried,12,E,486,North,29
B001903,Upper-Middle,1799540,Freelancer,24,D,560,West,44
B001904,Low,180058,Salaried,12,E,489,East,24
B001905,Middle,644257,Self-Employed,18,B,766,North,62
B001906,Lower-Middle,436663,Unemployed,17,C,688,South,23
B001907,Lower-Middle,373171,Self-Employed,24,C,666,East,48
B001908,Low,271338,Salaried,0,C,708,Central,43
B001909,Upper-Middle,1013905,Freelancer,4,A,855,West,23
B001910,Upper-Middle,1521821,Salaried,24,A,841,South,60
B001911,Low,211134,Salaried,6,G,300,Central,39
B001912,Low,289740,Salaried,10,D,558,West,57
B001913,Upper-Middle,1730927,Salaried,15,A,875,Central,41
B001914,Middle,920269,Business Owner,29,E,484,East,29
B001915,Low,214442,Salaried,26,C,598,Central,33
B001916,Lower-Middle,427902,Business Owner,25,E,480,Central,27
B001917,Middle,608503,Salaried,17,F,430,West,38
B001918,Middle,971060,Freelancer,0,A,838,Central,47
B001919,Middle,990892,Salaried,5,G,300,East,45
B001920,High,2263764,Freelancer,25,B,747,North,35
B001921,Middle,789137,Salaried,10,C,684,South,36
B001922,Lower-Middle,473544,Freelancer,6,D,573,North,43
B001923,Middle,815917,Business Owner,5,E,466,South,33
B001924,Lower-Middle,443893,Self-Employed,0,B,774,West,52
B001925,Lower-Middle,481887,Salaried,13,B,788,North,35
B001926,Low,268410,Self-Employed,1,C,706,West,60
B001927,Lower-Middle,424252,Self-Employed,6,C,674,West,31
B001928,Middle,629814,Self-Employed,25,C,665,East,29
B001929,Low,191358,Self-Employed,17,B,770,West,62
B001930,Lower-Middle,335838,Freelancer,10,G,341,East,24
B001931,Middle,841594,Unemployed,16,E,515,West,21
B001932,Middle,803624,Self-Employed,9,G,307,West,31
B001933,Upper-Middle,1119849,Salaried,22,B,736,East,28
B001934,Upper-Middle,1271841,Salaried,24,A,855,West,45
B001935,Middle,965186,Business Owner,15,D,579,West,58
B001936,Low,280742,Unemployed,29,D,591,East,24
B001937,Middle,834695,Salaried,1,D,552,Central,43
B001938,Middle,606839,Salaried,26,A,833,South,35
B001939,Lower-Middle,536686,Salaried,17,E,511,North,55
B001940,Low,157752,Salaried,28,D,584,Central,34
B001941,Lower-Middle,574629,Unemployed,15,C,640,Central,34
B001942,Middle,832984,Self-Employed,2,D,612,East,25
B001943,Lower-Middle,376322,Salaried,19,A,842,South,21
B001944,Low,164301,Salaried,12,B,769,South,64
B001945,Upper-Middle,1589509,Salaried,27,G,300,East,39
B001946,High,2092827,Self-Employed,7,D,586,Central,58
B001947,Lower-Middle,439737,Self-Employed,1,A,882,South,63
B001948,High,1847243,Salaried,18,C,702,West,47
B001949,Low,287013,Salaried,14,B,798,South,45
B001950,High,3499518,Freelancer,29,F,388,East,59
B001951,High,2147664,Business Owner,17,E,506,West,53
B001952,Low,245794,Self-Employed,28,D,538,West,33
B001953,Upper-Middle,1382008,Salaried,25,G,318,West,64
B001954,High,1990875,Unemployed,19,C,716,South,58
B001955,Upper-Middle,1372694,Business Owner,25,F,369,North,21
B001956,High,2615558,Freelancer,23,C,649,East,50
B001957,Middle,692271,Salaried,17,E,486,East,22
B001958,Low,290413,Salaried,26,F,393,South,31
B001959,Upper-Middle,1181684,Salaried,11,C,690,North,48
B001960,Middle,866091,Freelancer,13,B,778,Central,50
B001961,Middle,989350,Self-Employed,8,B,709,North,30
B001962,Lower-Middle,306120,Salaried,16,C,643,North,43
B001963,Middle,655888,Unemployed,17,B,756,South,25
B001964,Low,255298,Freelancer,26,C,655,South,42
B001965,Upper-Middle,1439318,Salaried,0,D,589,North,32
B001966,Low,272200,Self-Employed,11,A,860,South,61
B001967,Middle,791580,Self-Employed,8,F,344,South,55
B001968,Upper-Middle,1732618,Salaried,11,A,842,East,38
B001969,Middle,684785,Self-Employed,16,B,738,East,39
B001970,Middle,794684,Salaried,25,A,853,North,61
B001971,Lower-Middle,557704,Freelancer,8,G,327,Central,59
B001972,High,2098724,Business Owner,26,C,665,East,57
B001973,Upper-Middle,1462648,Freelancer,28,B,728,East,45
B001974,Lower-Middle,422197,Business Owner,22,B,793,West,39
B001975,Low,238390,Salaried,0,C,650,Central,47
B001976,Lower-Middle,345715,Salaried,14,G,300,North,55
B001977,Middle,831554,Self-Employed,14,D,532,East,25
B001978,High,3088991,Salaried,12,C,683,Central,26
B001979,Upper-Middle,1469639,Self-Employed,26,C,670,South,40
B001980,Lower-Middle,353492,Salaried,3,B,772,Central,43
B001981,Upper-Middle,1312007,Salaried,3,D,560,East,29
B001982,Lower-Middle,436204,Salaried,9,C,686,North,23
B001983,Upper-Middle,1525547,Self-Employed,6,E,525,Central,43
B001984,Lower-Middle,584755,Salaried,6,B,703,North,29
B001985,Middle,632808,Self-Employed,26,B,771,West,27
B001986,High,3886515,Salaried,5,D,543,East,36
B001987,Lower-Middle,557607,Business Owner,1,E,501,West,61
B001988,Middle,755536,Self-Employed,22,D,607,South,25
B001989,High,3031166,Self-Employed,20,E,464,North,41
B001990,Low,189505,Salaried,19,E,470,East,60
B001991,Low,224345,Self-Employed,18,F,403,West,21
B001992,Middle,926508,Salaried,2,C,670,East,59
B001993,Lower-Middle,302238,Self-Employed,29,F,366,North,55
B001994,Low,283726,Salaried,4,E,476,West,21
B001995,Middle,812497,Freelancer,4,D,561,East,39
B001996,Upper-Middle,1490937,Business Owner,10,D,574,West,25
B001997,Lower-Middle,442831,Self-Employed,5,A,894,Central,37
B001998,Lower-Middle,373067,Business Owner,13,D,584,Central,62
B001999,Upper-Middle,1302247,Self-Employed,11,E,463,Central,57
B002000,Middle,800917,Salaried,25,G,317,West,21
B002001,Upper-Middle,1341646,Business Owner,0,C,664,West,57
B002002,Lower-Middle,475424,Unemployed,1,G,346,North,63
B002003,High,1869232,Salaried,14,B,749,North,49
B002004,Middle,885409,Salaried,6,G,302,North,46
B002005,Low,232113,Self-Employed,19,D,608,West,50
B002006,Upper-Middle,1730032,Salaried,26,D,559,West,45
B002007,Middle,797608,Self-Employed,5,D,550,Central,31
B002008,Low,155530,Self-Employed,11,G,317,West,22
B002009,Low,271813,Business Owner,3,A,854,Central,23
B002010,Middle,976637,Salaried,6,C,637,West,36
B002011,Low,242035,Salaried,27,F,350,West,53
B002012,Lower-Middle,414708,Freelancer,17,B,768,East,57
B002013,Low,232318,Salaried,1,D,588,North,30
B002014,Lower-Middle,560536,Salaried,28,D,594,West,35
B002015,Lower-Middle,325210,Salaried,21,E,515,East,21
B002016,Middle,622317,Salaried,28,F,402,Central,60
B002017,Lower-Middle,550081,Salaried,14,B,756,Central,28
B002018,Low,175211,Salaried,15,D,598,South,43
B002019,Middle,881661,Self-Employed,0,D,583,North,23
B002020,Lower-Middle,574293,Self-Employed,3,D,543,South,57
B002021,Middle,696347,Freelancer,11,B,766,East,59
B002022,Low,290407,Freelancer,4,C,686,Central,55
B002023,Low,271422,Salaried,2,D,557,Central,28
B002024,Lower-Middle,505387,Salaried,9,A,893,Central,41
B002025,Middle,813362,Freelancer,19,E,482,South,62
B002026,Lower-Middle,366822,Salaried,25,B,787,North,57
B002027,Upper-Middle,1466002,Salaried,6,F,375,West,27
B002028,Lower-Middle,313769,Salaried,23,F,421,East,58
B002029,Middle,764413,Self-Employed,0,D,614,East,42
B002030,Middle,856851,Salaried,29,F,380,West,63
B002031,Low,283237,Salaried,14,G,317,Central,39
B002032,Middle,677991,Salaried,15,E,484,North,24
B002033,Lower-Middle,312537,Business Owner,5,D,554,West,42
B002034,Lower-Middle,301073,Salaried,17,C,673,North,56
B002035,Low,272339,Business Owner,22,E,482,East,57
B002036,Upper-Middle,1289437,Salaried,9,E,483,North,50
B002037,High,2055982,Salaried,0,C,641,Central,59
B002038,Low,270642,Salaried,15,D,601,East,51
B002039,Middle,639905,Salaried,24,B,750,South,46
B002040,Upper-Middle,1446011,Salaried,21,E,483,South,61
B002041,Lower-Middle,494172,Freelancer,17,F,374,West,32
B002042,Upper-Middle,1721349,Salaried,1,A,877,South,22
B002043,Middle,773297,Freelancer,6,B,727,South,62
B002044,High,3293975,Salaried,26,G,300,North,54
B002045,High,1832176,Salaried,25,B,764,South,55
B002046,Low,227998,Self-Employed,18,E,478,West,37
B002047,Lower-Middle,433081,Business Owner,29,D,596,North,43
B002048,Middle,718874,Salaried,9,D,619,Central,47
B002049,Low,287956,Salaried,26,B,792,South,49
B002050,Lower-Middle,497758,Self-Employed,9,B,784,West,31
B002051,High,3043929,Salaried,0,D,557,North,38
B002052,Low,169671,Self-Employed,29,C,696,North,33
B002053,Middle,872281,Business Owner,16,E,479,Central,40
B002054,Upper-Middle,1365834,Salaried,8,G,300,Central,48
B002055,Lower-Middle,510144,Business Owner,16,E,504,South,32
B002056,Middle,894542,Salaried,16,C,659,Central,37
B002057,High,3611736,Freelancer,26,D,576,Central,36
B002058,Middle,778110,Unemployed,10,B,777,South,34
B002059,Low,281526,Self-Employed,24,D,599,Central,56
B002060,Low,204808,Unemployed,16,C,662,Central,22
B002061,High,3259347,Business Owner,25,E,493,South,47
B002062,Lower-Middle,407495,Salaried,12,D,603,East,27
B002063,Middle,957006,Salaried,1,B,742,South,42
B002064,Low,213601,Salaried,14,C,630,North,47
B002065,Lower-Middle,362993,Salaried,9,D,568,Central,41
B002066,High,3964342,Self-Employed,2,E,482,East,38
B002067,Middle,720404,Salaried,15,C,667,North,47
B002068,High,3799375,Self-Employed,1,D,637,East,22
B002069,Lower-Middle,551788,Salaried,15,B,742,West,60
B002070,Middle,815039,Salaried,25,F,396,Central,36
B002071,Upper-Middle,1227732,Salaried,19,D,558,West,22
B002072,Lower-Middle,320831,Unemployed,25,E,496,South,37
B002073,Lower-Middle,375953,Salaried,29,C,683,Central,36
B002074,Upper-Middle,1709825,Salaried,29,F,419,West,31
B002075,Lower-Middle,385020,Salaried,24,E,496,East,47
B002076,Middle,693312,Unemployed,18,B,762,West,28
B002077,High,1925412,Salaried,19,D,519,Central,36
B002078,Lower-Middle,455248,Self-Employed,9,C,688,North,21
B002079,Lower-Middle,463444,Salaried,25,E,524,West,31
B002080,Low,253174,Salaried,26,E,470,West,48
B002081,Lower-Middle,560157,Self-Employed,17,D,558,Central,33
B002082,Lower-Middle,331506,Self-Employed,28,C,643,East,54
B002083,Middle,749103,Self-Employed,28,E,505,South,43
B002084,Lower-Middle,484565,Salaried,8,E,462,South,31
B002085,Middle,676463,Unemployed,21,D,577,East,32
B002086,Lower-Middle,381292,Self-Employed,12,E,453,East,35
B002087,Lower-Middle,538565,Freelancer,25,C,680,Central,44
B002088,Lower-Middle,310306,Salaried,15,C,659,Central,60
B002089,Middle,957361,Salaried,25,F,405,East,31
B002090,Middle,913798,Salaried,12,E,469,West,63
B002091,Lower-Middle,397394,Business Owner,17,A,832,West,49
B002092,Upper-Middle,1277540,Business Owner,17,C,656,West,45
B002093,Middle,697351,Salaried,19,C,649,West,34
B002094,Lower-Middle,302217,Salaried,27,B,738,North,38
B002095,Upper-Middle,1565288,Salaried,17,G,300,East,54
B002096,Lower-Middle,538695,Salaried,27,B,772,West,64
B002097,Low,177505,Business Owner,3,C,678,East,43
B002098,Middle,759379,Salaried,3,E,479,West,23
B002099,Low,218154,Salaried,18,B,779,South,45
B002100,Lower-Middle,326805,Salaried,21,C,707,Central,34
B002101,Upper-Middle,1231978,Salaried,14,D,562,North,54
B002102,Low,193430,Unemployed,3,C,675,West,44
B002103,Upper-Middle,1685556,Salaried,26,C,675,West,27
B002104,High,2033647,Freelancer,9,D,564,North,31
B002105,Middle,694633,Self-Employed,13,G,300,South,61
B002106,Middle,781677,Self-Employed,11,F,461,Central,61
B002107,Middle,655438,Salaried,6,B,769,West,37
B002108,High,2245206,Self-Employed,27,D,581,West,44
B002109,Lower-Middle,586441,Self-Employed,5,D,588,Central,35
B002110,Low,280269,Salaried,10,C,731,North,60
B002111,Middle,651118,Freelancer,23,C,665,Central,58
B002112,Middle,708768,Salaried,18,D,581,West,35
B002113,Low,280521,Salaried,0,C,671,South,31
B002114,Middle,740396,Salaried,19,F,427,South,28
B002115,Low,216264,Self-Employed,23,B,767,South,54
B002116,High,2201542,Salaried,10,A,811,West,61
B002117,Lower-Middle,464078,Salaried,23,F,356,South,44
B002118,Low,171778,Salaried,20,F,426,South,42
B002119,Low,228563,Salaried,15,C,676,East,37
B002120,Lower-Middle,575621,Salaried,15,E,482,West,55
B002121,Lower-Middle,443163,Freelancer,18,E,470,East,23
B002122,Low,273200,Salaried,9,B,804,North,34
B002123,Lower-Middle,472231,Freelancer,5,D,586,North,47
B002124,Lower-Middle,410170,Self-Employed,13,E,503,Central,25
B002125,Lower-Middle,582629,Business Owner,0,C,690,East,36
B002126,Lower-Middle,599057,Freelancer,6,F,411,North,48
B002127,Lower-Middle,397580,Salaried,12,G,300,South,36
B002128,Lower-Middle,596630,Self-Employed,1,D,575,North,32
B002129,Low,297616,Salaried,25,A,866,South,52
B002130,Low,197821,Salaried,10,F,422,North,61
B002131,Lower-Middle,436721,Salaried,11,D,606,Central,30
B002132,Upper-Middle,1032715,Self-Employed,27,B,740,South,33
B002133,High,1835304,Business Owner,23,E,495,North,30
B002134,High,2147992,Salaried,11,D,560,West,33
B002135,Middle,707369,Business Owner,7,B,757,Central,61
B002136,Middle,956692,Salaried,26,C,664,East,54
B002137,Lower-Middle,398214,Salaried,11,F,400,North,56
B002138,Upper-Middle,1573627,Salaried,2,G,333,East,37
B002139,Upper-Middle,1757378,Self-Employed,13,C,649,West,26
B002140,Upper-Middle,1421042,Salaried,14,B,809,Central,27
B002141,Upper-Middle,1671501,Salaried,18,C,701,North,61
B002142,Lower-Middle,424707,Salaried,8,D,540,East,31
B002143,Upper-Middle,1204167,Self-Employed,24,C,678,North,25
B002144,Upper-Middle,1617915,Business Owner,12,D,551,East,50
B002145,Lower-Middle,493037,Salaried,15,A,859,North,35
B002146,High,3254637,Business Owner,20,E,454,East,26
B002147,Low,199505,Self-Employed,23,E,519,East,35
B002148,High,2892095,Salaried,9,E,520,Central,51
B002149,Upper-Middle,1311919,Salaried,0,C,658,North,35
B002150,Low,285524,Freelancer,4,D,584,South,62
B002151,Middle,972599,Salaried,16,C,638,East,40
B002152,Low,166973,Salaried,1,C,656,North,27
B002153,Upper-Middle,1566718,Freelancer,13,E,486,North,60
B002154,Upper-Middle,1210035,Business Owner,9,E,450,East,33
B002155,Middle,886009,Business Owner,9,E,530,South,36
B002156,Upper-Middle,1204567,Business Owner,21,B,763,West,35
B002157,Low,216755,Salaried,18,D,611,North,42
B002158,Lower-Middle,423016,Business Owner,14,C,665,North,46
B002159,Lower-Middle,545004,Salaried,0,D,562,South,45
B002160,Low,202818,Freelancer,29,C,672,Central,49
B002161,Lower-Middle,574006,Salaried,29,E,513,East,33
B002162,Lower-Middle,331179,Salaried,6,F,383,South,63
B002163,Lower-Middle,370441,Salaried,19,C,676,East,41
B002164,Lower-Middle,370868,Business Owner,27,F,385,West,64
B002165,Upper-Middle,1204593,Salaried,17,E,436,East,24
B002166,Lower-Middle,479448,Business Owner,24,D,570,North,35
B002167,Upper-Middle,1311629,Salaried,7,D,583,South,57
B002168,Lower-Middle,437318,Salaried,23,C,669,Central,30
B002169,Lower-Middle,596628,Self-Employed,12,B,752,West,49
B002170,Middle,930052,Salaried,20,A,852,South,31
B002171,Lower-Middle,429770,Self-Employed,7,E,473,Central,57
B002172,Lower-Middle,524493,Freelancer,0,B,772,North,47
B002173,Middle,651693,Self-Employed,2,D,568,North,42
B002174,Low,198350,Salaried,23,F,420,North,32
B002175,Lower-Middle,579863,Self-Employed,28,D,545,North,61
B002176,Middle,991586,Freelancer,6,B,761,South,56
B002177,Lower-Middle,558144,Self-Employed,0,E,501,North,41
B002178,Upper-Middle,1515609,Business Owner,9,B,790,South,41
B002179,Lower-Middle,543504,Salaried,25,E,476,North,54
B002180,High,2112806,Business Owner,6,A,878,North,21
B002181,Upper-Middle,1322220,Salaried,12,B,770,East,55
B002182,High,3113527,Business Owner,12,F,442,East,55
B002183,Upper-Middle,1475875,Freelancer,27,C,632,West,53
B002184,Low,190860,Freelancer,6,B,765,East,39
B002185,Middle,852547,Salaried,26,B,758,Central,41
B002186,Low,192620,Business Owner,25,C,673,East,64
B002187,Upper-Middle,1602197,Salaried,2,E,511,South,51
B002188,Middle,791516,Salaried,20,B,794,North,54
B002189,Lower-Middle,462187,Self-Employed,4,A,857,East,41
B002190,High,3877155,Salaried,19,F,359,South,45
B002191,Low,296453,Salaried,1,C,660,East,37
B002192,Middle,922308,Self-Employed,22,A,900,Central,26
B002193,Middle,773882,Self-Employed,1,A,825,North,56
B002194,Low,217628,Self-Employed,9,F,403,South,43
B002195,Middle,806533,Self-Employed,21,D,597,North,44
B002196,Upper-Middle,1615020,Self-Employed,16,D,604,West,48
B002197,Low,259581,Salaried,4,D,564,East,51
B002198,Middle,711273,Salaried,19,D,615,North,58
B002199,Lower-Middle,436324,Self-Employed,27,E,519,West,53
B002200,Middle,870854,Business Owner,16,F,410,North,56
B002201,Low,161247,Salaried,1,D,556,West,52
B002202,High,2035581,Salaried,17,E,475,Central,62
B002203,Upper-Middle,1659381,Freelancer,1,A,832,East,26
B002204,Lower-Middle,578824,Freelancer,1,D,573,West,52
B002205,Lower-Middle,353672,Self-Employed,5,D,613,North,26
B002206,Middle,966697,Business Owner,13,B,766,West,42
B002207,Middle,942201,Freelancer,2,B,774,North,22
B002208,Lower-Middle,344032,Self-Employed,17,B,763,East,39
B002209,Low,171955,Salaried,6,C,707,East,37
B002210,Low,223629,Self-Employed,3,E,450,West,41
B002211,High,3531468,Freelancer,19,A,754,West,58
B002212,Middle,796519,Self-Employed,5,D,578,Central,34
B002213,Upper-Middle,1657555,Salaried,4,A,848,West,25
B002214,Middle,653105,Freelancer,17,D,577,North,27
B002215,High,2344139,Business Owner,17,B,741,West,56
B002216,Low,259283,Salaried,5,B,726,North,32
B002217,Low,226363,Unemployed,14,C,666,Central,37
B002218,High,2701411,Business Owner,15,B,749,Central,51
B002219,High,3638607,Business Owner,7,C,674,South,59
B002220,Lower-Middle,341973,Freelancer,6,D,596,North,24
B002221,Lower-Middle,422452,Salaried,28,F,428,Central,54
B002222,Middle,961335,Business Owner,5,D,599,South,38
B002223,Lower-Middle,573088,Salaried,29,D,578,Central,43
B002224,Lower-Middle,410119,Freelancer,23,D,590,North,28
B002225,Upper-Middle,1341311,Freelancer,1,C,639,South,26
B002226,Lower-Middle,322860,Business Owner,24,D,558,East,51
B002227,Middle,685621,Business Owner,11,D,621,North,48
B002228,Low,152650,Business Owner,9,D,605,East,35
B002229,Low,230013,Salaried,17,E,452,Central,36
B002230,Middle,995307,Salaried,9,C,651,North,44
B002231,Lower-Middle,343934,Salaried,15,B,805,East,40
B002232,Middle,980021,Business Owner,12,D,560,North,57
B002233,Low,211069,Self-Employed,16,E,443,West,30
B002234,High,1910686,Self-Employed,5,E,476,East,44
B002235,Upper-Middle,1128265,Salaried,26,B,747,East,49
B002236,Upper-Middle,1362510,Self-Employed,16,D,608,East,34
B002237,Low,180719,Salaried,23,G,331,West,29
B002238,Lower-Middle,500588,Unemployed,29,B,747,West,47
B002239,Lower-Middle,370966,Freelancer,20,D,578,Central,38
B002240,Middle,909954,Self-Employed,22,C,677,West,63
B002241,Lower-Middle,362841,Business Owner,27,E,508,Central,30
B002242,Low,238099,Salaried,8,C,661,North,46
B002243,Lower-Middle,456764,Salaried,23,E,497,North,39
B002244,Lower-Middle,541048,Self-Employed,10,B,796,East,36
B002245,Lower-Middle,482423,Business Owner,3,A,846,North,46
B002246,Lower-Middle,454537,Salaried,5,B,763,Central,54
B002247,Lower-Middle,571637,Salaried,23,C,685,Central,34
B002248,Middle,952529,Self-Employed,20,E,476,East,48
B002249,Lower-Middle,564697,Salaried,23,B,738,East,57
B002250,Lower-Middle,371057,Salaried,10,A,860,Central,63
B002251,Middle,887386,Salaried,25,E,505,East,48
B002252,Upper-Middle,1512129,Freelancer,26,C,668,Central,27
B002253,Lower-Middle,554709,Salaried,0,D,564,Central,57
B002254,Middle,852754,Salaried,21,A,838,South,64
B002255,High,2222333,Salaried,29,F,407,West,62
B002256,Middle,714881,Salaried,10,D,551,North,51
B002257,Upper-Middle,1387818,Business Owner,22,A,876,North,26
B002258,Upper-Middle,1442841,Salaried,11,D,619,North,48
B002259,Low,214040,Salaried,25,C,632,Central,29
B002260,Lower-Middle,558539,Freelancer,4,C,684,North,54
B002261,Middle,940891,Business Owner,22,C,690,South,23
B002262,High,3448154,Salaried,14,D,602,West,27
B002263,Middle,778151,Salaried,28,D,539,North,51
B002264,Low,264347,Business Owner,27,B,752,North,32
B002265,Middle,943525,Self-Employed,23,E,476,West,24
B002266,Low,240895,Freelancer,19,A,844,Central,26
B002267,Upper-Middle,1484639,Salaried,9,D,549,North,34
B002268,Middle,693880,Business Owner,14,B,803,West,42
B002269,Middle,742035,Salaried,19,C,681,East,52
B002270,Upper-Middle,1548145,Salaried,12,D,555,Central,43
B002271,Middle,960824,Business Owner,27,D,566,Central,39
B002272,Middle,874967,Self-Employed,18,E,525,East,60
B002273,Upper-Middle,1273657,Salaried,14,D,577,Central,55
B002274,Upper-Middle,1629235,Salaried,27,F,432,South,40
B002275,Upper-Middle,1384709,Business Owner,4,G,327,East,64
B002276,Low,203996,Salaried,11,G,300,North,52
B002277,Middle,740777,Salaried,1,C,645,North,37
B002278,Lower-Middle,539925,Salaried,18,A,821,West,38
B002279,Upper-Middle,1684580,Salaried,29,E,502,East,24
B002280,Middle,730760,Business Owner,29,B,808,North,56
B002281,Lower-Middle,361608,Salaried,23,E,494,Central,47
B002282,Lower-Middle,460956,Self-Employed,17,A,847,Central,26
B002283,Lower-Middle,553096,Self-Employed,0,E,503,South,27
B002284,Middle,642463,Salaried,20,A,848,North,25
B002285,Lower-Middle,446295,Self-Employed,12,F,392,South,28
B002286,Low,150068,Salaried,26,D,585,West,35
B002287,Upper-Middle,1473825,Business Owner,27,B,779,North,54
B002288,Upper-Middle,1207073,Business Owner,13,D,567,South,64
B002289,Lower-Middle,411698,Business Owner,29,D,555,South,39
B002290,Lower-Middle,396341,Salaried,1,F,424,West,44
B002291,High,2881740,Business Owner,22,D,525,South,44
B002292,Middle,872209,Self-Employed,13,D,547,West,49
B002293,Middle,639900,Salaried,17,C,670,South,51
B002294,Lower-Middle,496283,Salaried,3,E,512,North,25
B002295,Lower-Middle,383575,Salaried,12,A,855,South,46
B002296,Low,262509,Salaried,26,G,300,Central,38
B002297,Middle,642655,Salaried,25,D,600,West,56
B002298,Low,269480,Freelancer,23,E,470,East,61
B002299,Low,253648,Unemployed,10,E,507,South,36
B002300,Middle,639243,Salaried,22,B,749,South,46
B002301,High,3752281,Freelancer,5,C,640,East,32
B002302,Upper-Middle,1060103,Self-Employed,12,C,688,Central,23
B002303,Middle,654765,Salaried,9,B,799,South,27
B002304,Middle,674952,Freelancer,22,A,840,Central,58
B002305,Lower-Middle,357298,Self-Employed,14,E,515,South,35
B002306,Lower-Middle,574688,Self-Employed,17,D,530,North,25
B002307,Middle,763814,Salaried,3,D,546,West,31
B002308,Lower-Middle,348378,Salaried,3,D,555,North,48
B002309,Middle,819213,Freelancer,28,B,756,West,39
B002310,Upper-Middle,1594678,Salaried,4,C,682,Central,27
B002311,High,3952581,Salaried,2,C,639,North,41
B002312,Low,239720,Salaried,24,F,376,East,59
B002313,Lower-Middle,335529,Salaried,9,E,510,North,41
B002314,Lower-Middle,337907,Salaried,26,B,738,East,63
B002315,Lower-Middle,577801,Freelancer,10,E,524,East,37
B002316,Lower-Middle,529818,Salaried,19,D,561,North,32
B002317,Low,172178,Freelancer,9,A,878,North,46
B002318,Upper-Middle,1633508,Self-Employed,7,A,869,East,58
B002319,Middle,638951,Self-Employed,23,B,761,Central,56
B002320,High,2623822,Salaried,27,E,495,South,60
B002321,Low,153160,Salaried,1,E,492,Central,23
B002322,Low,296238,Freelancer,26,D,607,North,54
B002323,Lower-Middle,401972,Business Owner,7,A,795,North,22
B002324,Low,168703,Salaried,21,C,661,South,55
B002325,Lower-Middle,543420,Freelancer,18,C,674,North,32
B002326,High,2718094,Business Owner,22,C,699,North,51
B002327,Lower-Middle,486185,Salaried,7,D,565,South,38
B002328,Lower-Middle,558597,Self-Employed,3,A,797,East,24
B002329,Middle,704263,Business Owner,10,A,786,Central,51
B002330,Middle,815321,Business Owner,22,D,581,West,36
B002331,Middle,666359,Salaried,2,C,636,West,27
B002332,Lower-Middle,555280,Salaried,26,D,573,West,34
B002333,Upper-Middle,1256352,Salaried,1,E,457,East,29
B002334,Low,223059,Salaried,20,D,570,North,30
B002335,Lower-Middle,517234,Salaried,23,G,358,South,40
B002336,Middle,961476,Self-Employed,27,D,611,North,41
B002337,Upper-Middle,1278356,Salaried,21,E,489,East,35
B002338,Lower-Middle,325478,Salaried,2,D,572,West,32
B002339,Middle,809496,Self-Employed,3,E,467,East,57
B002340,Low,151980,Salaried,4,C,683,East,44
B002341,Low,208885,Salaried,11,C,660,West,31
B002342,Low,211229,Business Owner,29,C,703,North,42
B002343,Middle,786390,Freelancer,10,D,582,West,64
B002344,Lower-Middle,422506,Salaried,26,C,673,West,21
B002345,Middle,895242,Freelancer,2,G,300,Central,61
B002346,Low,185541,Freelancer,7,D,565,East,26
B002347,Upper-Middle,1415482,Self-Employed,25,C,716,Central,32
B002348,Upper-Middle,1259969,Unemployed,27,D,541,South,46
B002349,Low,243190,Salaried,21,E,483,East,30
B002350,Low,213294,Salaried,1,E,483,West,64
B002351,Low,180942,Business Owner,15,D,585,East,53
B002352,Upper-Middle,1475030,Salaried,13,A,859,South,46
B002353,Lower-Middle,374326,Salaried,25,F,385,East,38
B002354,Middle,758586,Salaried,5,F,421,East,61
B002355,Lower-Middle,424728,Salaried,29,F,383,North,36
B002356,Upper-Middle,1718708,Salaried,27,D,593,Central,64
B002357,Middle,895740,Salaried,26,A,810,West,64
B002358,Middle,851738,Unemployed,29,G,300,North,51
B002359,High,2047267,Salaried,20,A,811,South,51
B002360,Low,196366,Business Owner,3,B,765,East,46
B002361,Upper-Middle,1039809,Salaried,4,D,586,East,62
B002362,Low,230861,Salaried,26,C,658,North,46
B002363,Middle,647128,Freelancer,25,E,495,South,62
B002364,Upper-Middle,1023240,Salaried,1,D,549,Central,29
B002365,Middle,742701,Salaried,17,A,879,South,39
B002366,Middle,897639,Business Owner,28,D,601,South,28
B002367,Lower-Middle,427731,Salaried,12,E,465,Central,21
B002368,Lower-Middle,325984,Salaried,27,E,459,Central,34
B002369,Lower-Middle,461998,Freelancer,8,B,746,North,62
B002370,Middle,779799,Salaried,24,C,674,South,35
B002371,Middle,984380,Self-Employed,12,B,762,Central,57
B002372,Lower-Middle,341171,Salaried,0,E,462,Central,33
B002373,Lower-Middle,504840,Salaried,9,D,568,East,51
B002374,Lower-Middle,516169,Salaried,8,D,587,West,29
B002375,Lower-Middle,554546,Self-Employed,15,C,659,South,42
B002376,Low,276993,Salaried,16,E,491,South,54
B002377,Upper-Middle,1323400,Freelancer,28,E,513,Central,59
B002378,Middle,898999,Business Owner,13,D,563,West,37
B002379,Low,208745,Self-Employed,1,B,781,West,46
B002380,Middle,957881,Salaried,13,C,668,South,46
B002381,Upper-Middle,1563956,Self-Employed,24,F,396,North,40
B002382,Lower-Middle,312696,Business Owner,20,D,545,North,38
B002383,Low,178271,Salaried,27,E,508,West,62
B002384,Low,285623,Freelancer,4,C,718,South,40
B002385,Low,234502,Salaried,29,C,643,East,53
B002386,Upper-Middle,1621676,Freelancer,18,B,736,West,39
B002387,High,3672161,Freelancer,17,C,708,West,44
B002388,Low,157173,Salaried,4,B,776,North,46
B002389,Upper-Middle,1087314,Salaried,3,D,563,East,29
B002390,Low,290639,Self-Employed,7,C,712,West,31
B002391,Middle,843466,Self-Employed,22,E,478,East,50
B002392,Upper-Middle,1575522,Business Owner,17,C,671,West,64
B002393,Lower-Middle,418388,Salaried,18,B,768,South,50
B002394,Low,186287,Self-Employed,20,A,869,South,47
B002395,Middle,639952,Freelancer,21,B,771,South,64
B002396,High,2271021,Unemployed,6,D,632,North,51
B002397,Lower-Middle,330806,Salaried,24,D,614,North,59
B002398,Lower-Middle,578282,Unemployed,9,D,619,East,36
B002399,Low,280690,Salaried,27,E,473,Central,56
B002400,Middle,901878,Self-Employed,22,B,768,North,58
B002401,Middle,608841,Salaried,2,C,712,South,57
B002402,Upper-Middle,1417229,Self-Employed,17,B,750,North,37
B002403,Upper-Middle,1191776,Salaried,17,B,750,South,53
B002404,Upper-Middle,1060334,Salaried,9,C,693,North,57
B002405,Upper-Middle,1016744,Salaried,16,E,502,Central,47
B002406,Lower-Middle,515031,Freelancer,16,E,490,South,30
B002407,Middle,751599,Self-Employed,20,C,677,Central,29
B002408,Lower-Middle,476631,Self-Employed,3,C,624,West,57
B002409,Lower-Middle,532334,Self-Employed,9,F,392,South,28
B002410,High,2786247,Salaried,12,E,469,South,62
B002411,Middle,651688,Salaried,14,D,620,North,47
B002412,High,3875374,Salaried,23,C,666,Central,29
B002413,Lower-Middle,494044,Salaried,23,C,672,Central,30
B002414,Middle,679604,Freelancer,26,E,518,West,22
B002415,Middle,873104,Salaried,7,A,889,North,47
B002416,Low,214251,Self-Employed,0,D,587,Central,57
B002417,Lower-Middle,537745,Business Owner,10,A,829,South,53
B002418,Middle,888010,Freelancer,21,D,566,West,46
B002419,Low,189169,Salaried,22,D,587,East,46
B002420,High,3429244,Freelancer,0,A,858,North,31
B002421,Low,232569,Self-Employed,23,C,650,South,57
B002422,Lower-Middle,501839,Salaried,22,B,708,North,44
B002423,Upper-Middle,1316187,Business Owner,24,E,449,North,57
B002424,Low,165531,Salaried,25,F,370,South,64
B002425,Upper-Middle,1028765,Business Owner,19,C,665,North,59
B002426,Middle,916733,Self-Employed,27,A,842,West,62
B002427,Low,192156,Business Owner,3,F,358,West,54
B002428,Middle,835686,Freelancer,2,E,484,West,34
B002429,Middle,936407,Self-Employed,13,E,532,East,33
B002430,Upper-Middle,1760170,Salaried,0,C,679,South,51
B002431,Upper-Middle,1775921,Salaried,17,A,900,West,31
B002432,Middle,922239,Freelancer,11,G,310,West,43
B002433,Middle,808801,Self-Employed,10,D,579,South,51
B002434,Lower-Middle,379870,Freelancer,7,C,677,South,33
B002435,Middle,606966,Salaried,29,E,536,Central,25
B002436,High,2296407,Salaried,12,D,619,West,27
B002437,Middle,694595,Freelancer,25,A,869,East,51
B002438,Middle,810475,Business Owner,4,G,321,South,26
B002439,Lower-Middle,488227,Salaried,3,D,559,South,55
B002440,Upper-Middle,1784110,Salaried,23,B,726,South,22
B002441,High,2659526,Freelancer,23,A,839,Central,54
B002442,Low,290770,Business Owner,19,D,618,East,49
B002443,Lower-Middle,542173,Salaried,10,D,625,East,32
B002444,Middle,882790,Self-Employed,11,A,810,Central,32
B002445,Middle,669990,Salaried,0,D,614,West,44
B002446,Middle,847183,Salaried,21,C,716,West,46
B002447,Low,238930,Salaried,26,C,701,South,57
B002448,Lower-Middle,537131,Salaried,10,G,300,South,54
B002449,Middle,831682,Business Owner,20,C,691,North,43
B002450,Middle,985388,Salaried,17,F,361,East,21
B002451,Middle,679623,Business Owner,6,C,635,South,61
B002452,Middle,666201,Salaried,13,B,823,East,40
B002453,Middle,890631,Salaried,5,B,749,East,58
B002454,Upper-Middle,1796600,Salaried,9,F,372,North,32
B002455,Middle,695182,Salaried,9,A,841,East,37
B002456,Middle,621536,Self-Employed,1,B,807,West,48
B002457,Middle,862930,Freelancer,21,C,699,Central,53
B002458,Low,262093,Business Owner,9,D,563,South,27
B002459,Lower-Middle,453124,Business Owner,16,C,668,South,55
B002460,Middle,691151,Freelancer,13,A,863,East,46
B002461,Upper-Middle,1396994,Business Owner,12,D,597,Central,56
B002462,Middle,723066,Self-Employed,9,F,413,North,46
B002463,Low,182650,Self-Employed,24,F,377,East,45
B002464,Middle,800466,Salaried,29,G,305,West,49
B002465,Lower-Middle,314318,Salaried,5,C,643,North,43
B002466,Upper-Middle,1573472,Self-Employed,5,B,784,North,25
B002467,Upper-Middle,1612485,Business Owner,27,A,848,North,35
B002468,Middle,994105,Salaried,11,F,409,South,64
B002469,Middle,951495,Freelancer,23,E,474,North,32
B002470,Lower-Middle,388406,Salaried,20,D,596,South,40
B002471,Lower-Middle,391260,Business Owner,28,D,597,South,30
B002472,Upper-Middle,1355073,Freelancer,8,C,635,West,41
B002473,Middle,889688,Salaried,21,D,600,South,55
B002474,Middle,616390,Freelancer,15,C,642,Central,52
B002475,Lower-Middle,588522,Business Owner,17,C,653,North,25
B002476,Low,255398,Business Owner,21,B,783,North,61
B002477,Low,277597,Freelancer,23,B,744,Central,48
B002478,Lower-Middle,507023,Self-Employed,28,B,763,North,51
B002479,Lower-Middle,576250,Salaried,6,G,308,South,54
B002480,High,3597479,Self-Employed,16,G,300,West,50
B002481,Middle,774383,Salaried,12,E,526,Central,59
B002482,Lower-Middle,512662,Salaried,21,E,526,South,51
B002483,Low,291318,Salaried,22,B,772,South,64
B002484,Lower-Middle,583505,Salaried,24,B,753,North,50
B002485,Upper-Middle,1720171,Business Owner,20,A,853,East,57
B002486,Lower-Middle,525031,Freelancer,10,A,884,South,44
B002487,Upper-Middle,1507765,Unemployed,12,E,478,South,35
B002488,Upper-Middle,1439876,Salaried,13,A,840,South,43
B002489,Low,178516,Self-Employed,14,F,395,Central,27
B002490,Middle,783462,Self-Employed,25,D,526,East,41
B002491,High,2096433,Salaried,10,B,778,East,53
B002492,Lower-Middle,346075,Self-Employed,19,E,496,East,54
B002493,Low,173660,Salaried,17,E,511,East,38
B002494,High,2840100,Freelancer,0,D,569,South,41
B002495,Upper-Middle,1069590,Salaried,8,A,815,North,46
B002496,Middle,943659,Business Owner,26,C,674,South,27
B002497,Middle,962605,Freelancer,15,D,552,South,48
B002498,Lower-Middle,502784,Business Owner,12,E,505,South,42
B002499,Upper-Middle,1414580,Salaried,13,C,687,North,53
B002500,Middle,981514,Salaried,21,F,454,Central,49
B002501,Low,198266,Unemployed,17,B,796,East,28
B002502,Middle,841628,Salaried,10,G,318,East,45
B002503,High,3555931,Salaried,16,B,754,Central,35
B002504,Upper-Middle,1589052,Unemployed,15,E,513,Central,48
B002505,Lower-Middle,553172,Business Owner,3,B,768,South,48
B002506,Low,184953,Business Owner,14,E,479,Central,37
B002507,High,3563845,Salaried,6,F,349,East,48
B002508,High,1877941,Salaried,2,C,728,East,28
B002509,Middle,820559,Business Owner,27,B,788,Central,37
B002510,Middle,603859,Salaried,11,G,327,Central,52
B002511,Middle,739723,Salaried,24,G,312,Central,43
B002512,Lower-Middle,473796,Salaried,7,E,538,North,22
B002513,Low,256559,Self-Employed,4,C,693,North,40
B002514,Low,224710,Salaried,17,B,726,South,32
B002515,Lower-Middle,584442,Freelancer,6,C,664,South,60
B002516,Upper-Middle,1409109,Salaried,28,E,510,West,62
B002517,Low,160755,Salaried,6,B,791,North,24
B002518,Lower-Middle,354474,Freelancer,23,A,844,South,37
B002519,Middle,938133,Freelancer,6,F,439,West,46
B002520,Lower-Middle,583559,Self-Employed,27,D,548,East,35
B002521,Low,250359,Freelancer,20,D,574,West,53
B002522,Middle,897642,Salaried,14,F,395,Central,26
B002523,Lower-Middle,485680,Salaried,8,D,605,Central,58
B002524,Middle,855450,Salaried,1,C,703,Central,32
B002525,High,3812161,Salaried,15,F,433,West,31
B002526,Low,215358,Business Owner,7,G,300,East,35
B002527,High,3267447,Business Owner,12,A,854,West,62
B002528,Upper-Middle,1538944,Salaried,14,C,632,West,33
B002529,Upper-Middle,1316974,Salaried,4,C,672,Central,32
B002530,Middle,779476,Unemployed,10,B,802,West,31
B002531,Middle,728112,Self-Employed,5,B,811,East,27
B002532,Middle,981517,Salaried,13,A,863,East,61
B002533,Middle,652671,Salaried,17,D,588,Central,49
B002534,Low,188052,Salaried,26,B,756,South,45
B002535,High,3499811,Salaried,6,F,400,South,26
B002536,Middle,737088,Salaried,0,D,617,West,23
B002537,Upper-Middle,1554339,Salaried,18,C,649,West,34
B002538,Lower-Middle,518065,Salaried,6,E,484,South,61
B002539,Low,232927,Salaried,15,D,581,North,44
B002540,Middle,763406,Salaried,29,E,473,West,56
B002541,Middle,880467,Salaried,11,F,413,North,34
B002542,Lower-Middle,303077,Salaried,18,E,529,North,25
B002543,Lower-Middle,512534,Freelancer,26,E,506,North,31
B002544,Lower-Middle,472865,Business Owner,11,E,473,West,31
B002545,Middle,937427,Salaried,4,C,652,West,47
B002546,Lower-Middle,522270,Salaried,6,D,549,East,29
B002547,High,3036185,Self-Employed,0,D,577,North,64
B002548,Low,267136,Salaried,12,G,300,North,51
B002549,Lower-Middle,350959,Self-Employed,24,D,586,East,38
B002550,Lower-Middle,418922,Unemployed,24,B,743,Central,47
B002551,Middle,812667,Salaried,6,C,635,West,52
B002552,Middle,908596,Salaried,29,C,622,East,54
B002553,Middle,679076,Salaried,13,C,686,East,21
B002554,High,3352491,Self-Employed,7,D,545,West,43
B002555,Lower-Middle,382818,Salaried,3,F,412,South,38
B002556,Middle,679427,Self-Employed,24,C,654,North,34
B002557,Low,209856,Salaried,26,G,317,South,49
B002558,Lower-Middle,359028,Business Owner,1,E,489,North,31
B002559,Middle,774540,Self-Employed,18,B,764,South,32
B002560,Low,231341,Salaried,22,C,694,Central,50
B002561,Middle,748553,Unemployed,29,F,382,East,23
B002562,Middle,976196,Business Owner,25,E,527,East,37
B002563,Upper-Middle,1539234,Self-Employed,14,B,779,West,54
B002564,Middle,761482,Unemployed,9,D,572,South,38
B002565,Middle,978696,Business Owner,29,C,664,West,33
B002566,Lower-Middle,395311,Salaried,21,D,583,East,30
B002567,Low,245901,Self-Employed,7,B,749,East,42
B002568,Low,220546,Self-Employed,28,C,626,South,55
B002569,Middle,949048,Self-Employed,13,C,645,Central,24
B002570,High,2764775,Freelancer,19,D,555,Central,47
B002571,Low,155932,Salaried,14,B,755,North,55
B002572,Middle,723140,Salaried,17,E,459,North,30
B002573,Upper-Middle,1252628,Salaried,14,E,511,West,51
B002574,Upper-Middle,1315943,Business Owner,2,D,583,East,39
B002575,Middle,892292,Salaried,17,F,390,West,21
B002576,Middle,883250,Salaried,6,E,469,South,52
B002577,Middle,643354,Salaried,1,A,850,West,52
B002578,Upper-Middle,1045218,Self-Employed,8,A,873,North,51
B002579,Low,178422,Salaried,25,D,533,Central,24
B002580,High,2788736,Salaried,4,E,452,West,40
B002581,Low,236323,Salaried,21,G,300,West,28
B002582,Upper-Middle,1367844,Salaried,2,A,817,North,49
B002583,Low,271803,Salaried,17,B,724,Central,40
B002584,Lower-Middle,452348,Salaried,26,E,490,South,48
B002585,Low,260981,Self-Employed,11,F,399,North,59
B002586,Lower-Middle,596573,Salaried,5,C,660,East,24
B002587,Lower-Middle,496983,Salaried,9,D,585,Central,31
B002588,Low,242751,Self-Employed,25,E,488,East,46
B002589,Middle,905816,Salaried,27,C,651,North,61
B002590,Lower-Middle,451394,Salaried,28,E,479,Central,23
B002591,Upper-Middle,1733934,Salaried,5,F,405,West,57
B002592,Upper-Middle,1506361,Salaried,12,C,640,West,56
B002593,Middle,960377,Self-Employed,10,C,677,East,29
B002594,Low,223074,Unemployed,8,F,320,North,57
B002595,Lower-Middle,369087,Salaried,7,C,669,West,46
B002596,High,3651912,Self-Employed,23,A,858,North,23
B002597,Low,177021,Freelancer,1,D,556,South,23
B002598,Lower-Middle,588756,Salaried,29,D,607,East,35
B002599,High,3813873,Business Owner,23,B,789,East,44
B002600,High,2638304,Self-Employed,4,E,495,South,55
B002601,Lower-Middle,559144,Self-Employed,17,B,800,North,25
B002602,Middle,963847,Freelancer,10,B,740,North,50
B002603,Middle,750915,Salaried,6,B,782,North,50
B002604,Upper-Middle,1711398,Freelancer,23,D,615,Central,37
B002605,Low,250455,Salaried,12,E,461,North,32
B002606,Low,197376,Self-Employed,0,D,582,West,32
B002607,Middle,785511,Salaried,11,E,453,South,40
B002608,Lower-Middle,575516,Salaried,11,A,871,South,33
B002609,Middle,855603,Salaried,9,C,712,North,46
B002610,Lower-Middle,494405,Freelancer,3,C,656,North,26
B002611,Upper-Middle,1581283,Self-Employed,20,E,489,Central,51
B002612,Upper-Middle,1597523,Freelancer,24,D,567,West,64
B002613,Middle,734707,Salaried,26,E,552,South,30
B002614,Upper-Middle,1679887,Salaried,7,C,647,East,50
B002615,Lower-Middle,476344,Salaried,15,F,377,Central,52
B002616,Middle,989652,Salaried,18,E,504,South,45
B002617,Lower-Middle,466338,Salaried,5,F,398,Central,34
B002618,Upper-Middle,1155332,Freelancer,17,C,733,East,64
B002619,Upper-Middle,1055273,Freelancer,10,A,900,East,48
B002620,Upper-Middle,1550304,Salaried,27,D,595,Central,37
B002621,Upper-Middle,1450468,Salaried,22,D,603,East,32
B002622,High,3709778,Self-Employed,2,E,508,North,59
B002623,Lower-Middle,555170,Self-Employed,8,A,876,North,52
B002624,High,2632920,Self-Employed,14,D,593,West,60
B002625,Middle,997283,Self-Employed,1,B,735,West,53
B002626,Lower-Middle,554549,Salaried,26,D,559,Central,26
B002627,Middle,628419,Salaried,27,B,784,North,55
B002628,Lower-Middle,401320,Unemployed,15,F,387,East,64
B002629,Lower-Middle,495053,Business Owner,9,B,794,South,22
B002630,Lower-Middle,313299,Freelancer,28,D,598,Central,53
B002631,Low,193353,Salaried,3,A,820,West,55
B002632,Middle,820741,Self-Employed,7,B,731,South,36
B002633,Upper-Middle,1766440,Salaried,18,D,547,West,59
B002634,Middle,947633,Freelancer,14,A,870,West,38
B002635,Middle,614120,Salaried,5,D,609,South,39
B002636,Lower-Middle,537724,Self-Employed,24,B,750,East,24
B002637,Middle,658982,Salaried,14,E,490,South,37
B002638,Lower-Middle,576547,Salaried,13,F,408,South,55
B002639,Upper-Middle,1532083,Salaried,7,E,512,North,45
B002640,Lower-Middle,343337,Self-Employed,7,A,841,West,34
B002641,Middle,993768,Business Owner,27,D,591,East,52
B002642,Upper-Middle,1086663,Unemployed,3,B,758,West,36
B002643,Middle,679081,Self-Employed,10,C,631,Central,37
B002644,Upper-Middle,1060178,Self-Employed,25,E,524,South,43
B002645,Lower-Middle,412059,Business Owner,26,A,858,North,25
B002646,Upper-Middle,1139340,Salaried,4,B,755,South,43
B002647,Middle,996768,Business Owner,15,E,471,South,52
B002648,Upper-Middle,1427907,Business Owner,4,C,652,East,30
B002649,Middle,910647,Self-Employed,28,B,724,Central,45
B002650,Upper-Middle,1237947,Salaried,11,F,372,Central,21
B002651,High,2377978,Salaried,23,B,737,West,57
B002652,Lower-Middle,447832,Salaried,27,E,476,West,52
B002653,Upper-Middle,1621918,Freelancer,25,B,793,South,52
B002654,Upper-Middle,1503849,Self-Employed,17,G,325,South,40
B002655,Middle,791936,Salaried,5,E,467,Central,47
B002656,High,2114567,Salaried,10,C,630,South,52
B002657,Lower-Middle,448959,Business Owner,26,G,300,South,37
B002658,Middle,856337,Salaried,27,B,796,Central,38
B002659,Low,159711,Salaried,10,E,507,Central,35
B002660,Lower-Middle,487594,Self-Employed,8,D,575,West,37
B002661,Upper-Middle,1768843,Salaried,16,B,760,West,50
B002662,Lower-Middle,361719,Salaried,0,D,609,West,60
B002663,Lower-Middle,369016,Salaried,19,A,849,East,30
B002664,Lower-Middle,433498,Salaried,10,D,637,West,32
B002665,Middle,887387,Freelancer,27,D,582,North,22
B002666,Upper-Middle,1387896,Business Owner,18,C,647,North,37
B002667,Upper-Middle,1119307,Unemployed,8,E,439,Central,55
B002668,Low,259143,Freelancer,26,F,411,North,36
B002669,Middle,812121,Salaried,22,D,575,West,21
B002670,Middle,907057,Salaried,18,D,557,South,29
B002671,Middle,704716,Self-Employed,16,B,777,West,30
B002672,Lower-Middle,594892,Salaried,17,G,317,East,29
B002673,Lower-Middle,348041,Unemployed,5,E,479,South,57
B002674,Middle,986022,Salaried,21,F,408,West,62
B002675,Middle,635289,Self-Employed,8,E,487,Central,40
B002676,Middle,705224,Self-Employed,6,C,693,West,25
B002677,Middle,656281,Freelancer,27,B,762,South,63
B002678,Upper-Middle,1659464,Self-Employed,26,D,570,Central,52
B002679,Upper-Middle,1556880,Self-Employed,1,A,881,Central,57
B002680,Lower-Middle,452870,Salaried,17,D,553,South,26
B002681,Upper-Middle,1751258,Self-Employed,10,C,635,West,27
B002682,Upper-Middle,1142459,Business Owner,15,E,475,West,27
B002683,Low,204416,Salaried,26,D,535,West,64
B002684,Middle,603833,Business Owner,19,B,722,Central,53
B002685,Lower-Middle,426498,Salaried,14,E,484,South,57
B002686,Upper-Middle,1040858,Salaried,2,C,671,South,48
B002687,Lower-Middle,364325,Freelancer,5,B,753,Central,36
B002688,Middle,678291,Salaried,18,C,683,North,36
B002689,Lower-Middle,469657,Self-Employed,13,B,748,North,25
B002690,Middle,715638,Salaried,3,C,623,Central,31
B002691,High,1980468,Freelancer,2,B,779,Central,49
B002692,Lower-Middle,501024,Salaried,15,A,848,North,39
B002693,Upper-Middle,1133483,Salaried,20,C,687,Central,44
B002694,High,2301631,Freelancer,24,C,686,West,59
B002695,Upper-Middle,1444230,Self-Employed,25,E,517,Central,26
B002696,Low,296618,Self-Employed,4,B,738,South,52
B002697,Upper-Middle,1657886,Salaried,0,C,640,South,63
B002698,Low,272571,Salaried,12,A,848,South,60
B002699,Lower-Middle,496165,Freelancer,4,A,846,West,29
B002700,Upper-Middle,1237785,Self-Employed,18,C,701,Central,33
B002701,Middle,835384,Freelancer,18,D,593,Central,48
B002702,Middle,919168,Unemployed,19,E,494,South,41
B002703,Lower-Middle,353787,Self-Employed,13,E,460,North,49
B002704,Upper-Middle,1764524,Self-Employed,4,F,382,East,50
B002705,Middle,924671,Self-Employed,14,F,360,East,27
B002706,Middle,829626,Business Owner,9,B,740,North,59
B002707,Upper-Middle,1391003,Self-Employed,24,B,765,Central,25
B002708,Lower-Middle,524342,Salaried,0,D,591,North,47
B002709,Low,293739,Freelancer,19,D,596,East,61
B002710,Middle,700812,Self-Employed,23,D,599,South,23
B002711,High,2000325,Freelancer,19,D,594,West,39
B002712,Lower-Middle,491206,Salaried,24,G,300,West,40
B002713,Lower-Middle,404910,Salaried,25,D,561,Central,39
B002714,Low,193051,Self-Employed,16,F,433,North,58
B002715,Upper-Middle,1348431,Business Owner,6,G,300,South,24
B002716,Lower-Middle,485677,Salaried,29,C,661,South,55
B002717,Middle,676334,Salaried,1,B,757,Central,21
B002718,High,2829397,Business Owner,3,C,633,South,63
B002719,Low,220051,Unemployed,18,C,665,East,64
B002720,Middle,689981,Salaried,19,F,361,West,53
B002721,Middle,600540,Salaried,2,G,326,Central,57
B002722,Upper-Middle,1164522,Salaried,6,B,749,South,28
B002723,Lower-Middle,307793,Salaried,8,A,835,West,27
B002724,Lower-Middle,310516,Salaried,10,E,442,Central,29
B002725,Low,236102,Self-Employed,29,D,588,South,36
B002726,Upper-Middle,1792066,Self-Employed,1,E,550,Central,36
B002727,Upper-Middle,1263874,Salaried,22,C,656,South,28
B002728,Low,275104,Salaried,4,B,759,South,26
B002729,Lower-Middle,418808,Unemployed,2,C,709,West,56
B002730,Upper-Middle,1527509,Salaried,10,A,900,South,51
B002731,Low,221546,Business Owner,0,C,640,East,57
B002732,Lower-Middle,594622,Salaried,17,A,880,West,36
B002733,Middle,853974,Business Owner,6,C,601,South,58
B002734,Lower-Middle,468368,Business Owner,14,E,411,South,29
B002735,Lower-Middle,404714,Salaried,8,A,805,West,54
B002736,Middle,925829,Self-Employed,29,F,391,Central,31
B002737,Lower-Middle,598737,Self-Employed,26,B,710,North,43
B002738,Middle,709699,Salaried,23,D,613,Central,62
B002739,Middle,652520,Business Owner,28,B,761,North,24
B002740,Middle,988603,Salaried,1,E,505,West,54
B002741,Low,256251,Salaried,4,A,841,East,45
B002742,Upper-Middle,1047037,Unemployed,0,C,655,North,35
B002743,Low,180514,Salaried,5,G,308,West,63
B002744,Upper-Middle,1606961,Salaried,27,B,809,North,55
B002745,Lower-Middle,574257,Salaried,25,E,495,South,57
B002746,Upper-Middle,1051677,Unemployed,15,E,494,East,61
B002747,Lower-Middle,334858,Salaried,18,C,644,West,58
B002748,Lower-Middle,339182,Salaried,29,A,825,South,54
B002749,Middle,972237,Self-Employed,11,E,473,North,28
B002750,Low,289636,Business Owner,1,F,415,West,38
B002751,Lower-Middle,487207,Self-Employed,12,B,768,North,38
B002752,Middle,765073,Unemployed,27,E,441,East,28
B002753,Upper-Middle,1447764,Salaried,15,E,501,West,33
B002754,Low,246773,Self-Employed,20,D,598,West,55
B002755,Upper-Middle,1678641,Self-Employed,17,E,505,North,46
B002756,Upper-Middle,1536394,Salaried,14,A,864,West,23
B002757,Upper-Middle,1544996,Freelancer,11,D,595,North,50
B002758,Middle,988994,Self-Employed,8,G,319,North,33
B002759,Middle,666306,Salaried,15,E,457,South,23
B002760,Middle,901424,Salaried,15,C,694,West,24
B002761,Middle,977781,Salaried,21,D,623,South,24
B002762,High,2200688,Freelancer,20,B,792,Central,31
B002763,Low,206223,Salaried,18,B,767,North,49
B002764,Lower-Middle,411466,Freelancer,6,B,758,East,34
B002765,Low,278726,Salaried,12,B,744,East,59
B002766,High,3109187,Unemployed,24,D,533,East,37
B002767,Lower-Middle,488538,Business Owner,10,C,694,South,23
B002768,Middle,840462,Salaried,25,E,453,North,27
B002769,Upper-Middle,1351331,Salaried,16,F,391,West,31
B002770,High,2200380,Business Owner,19,D,570,West,47
B002771,Low,156815,Salaried,16,B,791,West,44
B002772,Upper-Middle,1223740,Salaried,15,G,327,Central,63
B002773,Upper-Middle,1784076,Business Owner,10,A,835,Central,27
B002774,Low,272410,Freelancer,27,D,577,West,26
B002775,Upper-Middle,1166985,Business Owner,13,B,755,East,44
B002776,Lower-Middle,384939,Freelancer,10,F,416,North,52
B002777,Middle,809521,Self-Employed,9,C,645,South,38
B002778,Middle,865528,Business Owner,18,G,317,South,28
B002779,Lower-Middle,321089,Salaried,0,G,305,South,39
B002780,Low,159800,Business Owner,13,F,461,Central,49
B002781,Low,246441,Self-Employed,29,E,470,North,41
B002782,Low,240793,Self-Employed,9,E,521,West,28
B002783,Middle,819591,Unemployed,1,G,300,East,23
B002784,Lower-Middle,395632,Salaried,27,B,758,South,60
B002785,Lower-Middle,446546,Self-Employed,25,E,524,West,35
B002786,Middle,865402,Salaried,7,B,774,West,22
B002787,Middle,692563,Salaried,23,C,667,Central,39
B002788,Middle,612615,Salaried,19,C,661,North,30
B002789,High,2883563,Unemployed,10,G,345,South,30
B002790,Lower-Middle,510903,Salaried,8,C,661,Central,49
B002791,Upper-Middle,1157467,Self-Employed,25,D,571,Central,50
B002792,Low,204399,Self-Employed,18,D,563,South,50
B002793,Upper-Middle,1256245,Freelancer,23,D,625,East,59
B002794,High,3619144,Business Owner,22,B,729,North,41
B002795,Upper-Middle,1781235,Salaried,1,D,587,North,53
B002796,Middle,801780,Salaried,13,D,588,North,31
B002797,Middle,758959,Self-Employed,26,F,370,North,49
B002798,Lower-Middle,487583,Salaried,13,G,303,North,48
B002799,Middle,991180,Salaried,9,B,751,South,37
B002800,Upper-Middle,1597692,Salaried,14,B,745,West,64
B002801,High,1955277,Salaried,29,D,583,West,61
B002802,Middle,768138,Unemployed,16,D,588,West,49
B002803,Low,179483,Freelancer,19,E,483,West,29
B002804,Middle,662366,Business Owner,15,E,540,West,28
B002805,Low,252192,Salaried,0,A,834,South,49
B002806,Lower-Middle,522155,Unemployed,4,F,407,South,61
B002807,Lower-Middle,445780,Self-Employed,29,C,673,East,28
B002808,Upper-Middle,1360359,Freelancer,17,G,325,West,52
B002809,Lower-Middle,408878,Salaried,4,C,675,East,46
B002810,Low,292269,Salaried,22,E,469,Central,47
B002811,Low,192052,Self-Employed,8,B,776,South,27
B002812,Upper-Middle,1171559,Freelancer,21,D,581,West,28
B002813,Middle,977905,Salaried,27,A,875,West,40
B002814,Low,234004,Salaried,19,E,510,West,34
B002815,Low,169597,Self-Employed,25,F,415,North,48
B002816,Middle,919366,Unemployed,11,E,513,North,42
B002817,Lower-Middle,485319,Business Owner,26,D,566,West,48
B002818,Middle,921268,Freelancer,15,B,762,Central,47
B002819,Lower-Middle,480513,Self-Employed,25,G,338,East,63
B002820,High,3700020,Freelancer,23,C,676,North,36
B002821,Lower-Middle,520768,Salaried,28,D,561,Central,37
B002822,Middle,872900,Salaried,4,C,644,Central,49
B002823,Low,278477,Self-Employed,14,E,509,Central,45
B002824,High,2413943,Self-Employed,14,C,656,East,28
B002825,High,1972838,Salaried,12,C,669,West,32
B002826,Upper-Middle,1034778,Salaried,13,A,885,North,57
B002827,Middle,675829,Business Owner,10,D,559,North,24
B002828,Lower-Middle,438535,Business Owner,18,B,790,North,28
B002829,Upper-Middle,1006032,Salaried,13,F,375,East,52
B002830,Upper-Middle,1534233,Freelancer,21,E,520,Central,63
B002831,Lower-Middle,585760,Salaried,1,G,314,North,58
B002832,Middle,768151,Salaried,6,C,627,East,52
B002833,Middle,818449,Salaried,25,D,550,West,33
B002834,Upper-Middle,1766068,Salaried,5,C,649,East,54
B002835,Middle,648255,Salaried,21,F,403,North,37
B002836,Middle,758893,Self-Employed,4,C,698,Central,35
B002837,Middle,994830,Business Owner,14,C,680,Central,33
B002838,Lower-Middle,342106,Self-Employed,19,C,648,East,34
B002839,Lower-Middle,564321,Freelancer,21,D,616,Central,48
B002840,Low,211076,Freelancer,17,F,398,Central,56
B002841,Upper-Middle,1413596,Salaried,24,B,737,West,50
B002842,Lower-Middle,547300,Salaried,5,D,577,Central,57
B002843,Lower-Middle,595499,Salaried,4,C,670,West,32
B002844,Lower-Middle,308001,Self-Employed,17,A,829,West,46
B002845,Lower-Middle,404377,Salaried,18,G,334,North,50
B002846,Middle,716782,Self-Employed,23,E,481,North,37
B002847,Lower-Middle,438109,Self-Employed,9,G,300,North,55
B002848,Low,173342,Self-Employed,4,C,685,Central,45
B002849,Upper-Middle,1254788,Salaried,8,E,500,East,32
B002850,Lower-Middle,485392,Salaried,6,D,600,West,51
B002851,Lower-Middle,540812,Salaried,13,D,599,East,23
B002852,Lower-Middle,588321,Business Owner,6,A,833,East,55
B002853,Upper-Middle,1207777,Self-Employed,3,A,847,West,29
B002854,Lower-Middle,592362,Self-Employed,19,B,704,West,40
B002855,Upper-Middle,1242248,Self-Employed,3,E,493,Central,54
B002856,High,3839292,Salaried,26,E,496,North,55
B002857,Middle,899122,Salaried,19,D,575,South,36
B002858,Lower-Middle,423616,Salaried,1,B,736,North,49
B002859,Upper-Middle,1778935,Salaried,4,E,516,East,24
B002860,Middle,611697,Salaried,25,B,730,West,58
B002861,Lower-Middle,535379,Salaried,27,F,438,North,31
B002862,Middle,869426,Business Owner,12,C,632,West,56
B002863,Lower-Middle,327135,Salaried,27,E,483,North,43
B002864,Low,192707,Salaried,24,B,703,East,39
B002865,Lower-Middle,434522,Salaried,19,C,651,Central,35
B002866,Low,186333,Salaried,24,D,586,West,54
B002867,Lower-Middle,580066,Salaried,26,D,588,West,34
B002868,Middle,661797,Salaried,19,A,844,Central,47
B002869,High,3030158,Salaried,7,D,567,East,21
B002870,Low,232113,Unemployed,7,A,900,North,50
B002871,Middle,813683,Salaried,7,F,398,East,26
B002872,Middle,655302,Salaried,0,C,741,South,31
B002873,Low,223652,Salaried,22,C,708,Central,52
B002874,Lower-Middle,576206,Salaried,5,D,563,South,55
B002875,Low,181362,Self-Employed,15,E,478,East,25
B002876,Lower-Middle,322295,Salaried,9,A,890,Central,26
B002877,Lower-Middle,584701,Freelancer,24,E,455,West,26
B002878,Lower-Middle,576725,Freelancer,23,F,435,North,29
B002879,Middle,822898,Self-Employed,13,C,667,Central,32
B002880,Low,283020,Salaried,21,A,788,South,36
B002881,Low,296134,Salaried,2,B,732,West,43
B002882,Low,176020,Salaried,15,F,394,Central,54
B002883,Middle,687293,Business Owner,3,B,747,Central,24
B002884,Lower-Middle,460267,Salaried,0,A,832,West,39
B002885,Middle,881657,Self-Employed,8,F,363,West,22
B002886,Lower-Middle,543449,Salaried,3,F,399,North,48
B002887,Low,223858,Salaried,9,C,708,Central,60
B002888,High,1851370,Salaried,27,A,888,Central,61
B002889,Low,160795,Salaried,23,D,610,South,24
B002890,Low,275555,Self-Employed,21,E,486,North,52
B002891,Low,234444,Self-Employed,15,C,700,Central,55
B002892,High,1917910,Salaried,27,B,721,East,57
B002893,Middle,878022,Salaried,20,F,415,North,23
B002894,Middle,852156,Freelancer,16,E,530,South,26
B002895,High,2736412,Salaried,5,C,689,West,37
B002896,Low,278835,Self-Employed,1,F,359,West,23
B002897,High,2444435,Salaried,27,D,558,West,36
B002898,Lower-Middle,527025,Self-Employed,23,F,384,South,31
B002899,Middle,732061,Self-Employed,2,B,733,West,58
B002900,Lower-Middle,467164,Salaried,29,C,662,Central,60
B002901,Lower-Middle,598780,Self-Employed,17,D,577,North,33
B002902,High,3148315,Salaried,15,C,664,East,53
B002903,Low,234406,Salaried,10,C,647,West,21
B002904,High,3056263,Business Owner,2,D,608,South,37
B002905,Lower-Middle,508708,Salaried,21,D,575,West,61
B002906,Middle,920854,Salaried,19,C,634,Central,61
B002907,High,3548579,Business Owner,5,C,659,Central,37
B002908,Low,264590,Freelancer,22,E,476,West,49
B002909,High,2544219,Salaried,17,D,534,West,23
B002910,Middle,696682,Self-Employed,24,C,660,East,56
B002911,Middle,760964,Salaried,24,C,702,North,31
B002912,Low,227954,Business Owner,22,B,754,East,24
B002913,Middle,924890,Salaried,18,E,485,West,44
B002914,Middle,809571,Business Owner,29,E,504,East,57
B002915,Middle,746971,Salaried,8,D,565,Central,48
B002916,Low,230583,Salaried,11,D,553,East,42
B002917,Lower-Middle,322064,Business Owner,27,B,778,North,32
B002918,Upper-Middle,1430513,Salaried,22,C,669,Central,24
B002919,Low,227639,Salaried,22,D,537,East,22
B002920,Middle,836152,Salaried,21,C,680,North,22
B002921,High,3701798,Self-Employed,9,B,768,West,36
B002922,Low,235287,Salaried,11,B,716,South,45
B002923,Low,234383,Self-Employed,0,F,340,West,21
B002924,Middle,872000,Salaried,26,D,563,West,46
B002925,Low,295590,Self-Employed,10,F,464,Central,53
B002926,Middle,890326,Freelancer,7,D,639,Central,28
B002927,Middle,678155,Salaried,17,E,528,West,40
B002928,Middle,773448,Self-Employed,20,B,741,North,34
B002929,Lower-Middle,340448,Salaried,14,B,739,Central,55
B002930,Middle,613212,Salaried,12,D,548,North,38
B002931,Middle,927690,Business Owner,7,D,549,East,55
B002932,Lower-Middle,406702,Freelancer,8,A,865,Central,21
B002933,Middle,706591,Business Owner,27,D,623,Central,60
B002934,Upper-Middle,1387927,Freelancer,3,B,754,Central,63
B002935,Middle,681992,Salaried,16,B,746,North,51
B002936,Middle,618900,Self-Employed,0,G,300,West,57
B002937,Lower-Middle,500686,Salaried,14,D,575,North,52
B002938,Low,182911,Unemployed,6,C,648,East,32
B002939,Lower-Middle,307941,Self-Employed,27,A,815,South,27
B002940,Low,260701,Salaried,21,F,405,South,58
B002941,High,3884319,Business Owner,27,F,380,West,21
B002942,Lower-Middle,334906,Self-Employed,14,B,747,Central,47
B002943,Upper-Middle,1372231,Freelancer,12,C,670,South,22
B002944,Low,181294,Business Owner,22,D,528,West,28
B002945,Lower-Middle,312817,Freelancer,8,B,722,West,35
B002946,Lower-Middle,417775,Self-Employed,29,D,583,West,55
B002947,Lower-Middle,540594,Salaried,17,B,731,South,25
B002948,Upper-Middle,1247619,Business Owner,4,B,761,Central,25
B002949,High,2010368,Salaried,16,D,562,West,31
B002950,Upper-Middle,1482199,Salaried,10,C,677,Central,39
B002951,Low,276092,Unemployed,24,D,540,South,34
B002952,Upper-Middle,1276204,Freelancer,6,C,649,North,54
B002953,Low,217276,Freelancer,20,D,620,West,42
B002954,High,2171900,Salaried,17,F,409,North,60
B002955,Middle,996506,Salaried,3,D,603,North,59
B002956,Lower-Middle,589799,Freelancer,22,D,580,South,33
B002957,Low,270199,Salaried,3,D,548,North,53
B002958,Low,160872,Salaried,6,E,472,Central,47
B002959,Lower-Middle,390199,Salaried,9,D,564,Central,49
B002960,High,2232843,Freelancer,23,A,834,East,58
B002961,Upper-Middle,1093616,Salaried,5,B,793,West,29
B002962,High,2726051,Salaried,1,D,574,West,59
B002963,Low,212618,Self-Employed,4,E,455,Central,46
B002964,Middle,983636,Salaried,19,B,743,South,21
B002965,Lower-Middle,518092,Business Owner,17,D,590,West,38
B002966,Middle,631532,Self-Employed,25,D,542,East,25
B002967,Lower-Middle,315438,Self-Employed,0,C,697,East,35
B002968,Lower-Middle,584949,Salaried,27,D,616,South,29
B002969,Middle,921414,Salaried,20,C,649,West,49
B002970,Lower-Middle,311820,Salaried,10,D,593,Central,21
B002971,Middle,943170,Freelancer,16,E,514,Central,24
B002972,Middle,796387,Salaried,3,G,300,East,60
B002973,Low,261652,Salaried,18,D,569,North,38
B002974,High,3083439,Salaried,15,C,663,Central,23
B002975,Middle,873059,Unemployed,26,E,499,North,55
B002976,Upper-Middle,1260969,Business Owner,13,E,526,North,61
B002977,Middle,807851,Salaried,25,C,663,Central,35
B002978,Middle,678937,Self-Employed,18,C,632,South,34
B002979,Middle,758671,Salaried,27,B,716,East,45
B002980,Upper-Middle,1074878,Business Owner,17,D,560,North,24
B002981,Middle,864599,Unemployed,0,C,662,South,64
B002982,Lower-Middle,317893,Business Owner,5,B,790,South,37
B002983,Low,194446,Freelancer,1,D,536,South,32
B002984,Middle,640557,Salaried,1,G,305,West,53
B002985,Low,249850,Salaried,4,A,887,West,38
B002986,Lower-Middle,440526,Self-Employed,29,D,589,North,26
B002987,Low,204688,Business Owner,4,F,368,Central,41
B002988,Middle,789734,Salaried,12,G,314,East,62
B002989,Low,174187,Salaried,29,C,668,West,42
B002990,Middle,956458,Salaried,17,B,790,North,28
B002991,Upper-Middle,1277251,Salaried,12,C,687,South,30
B002992,Upper-Middle,1536708,Freelancer,1,C,676,Central,60
B002993,Lower-Middle,583703,Salaried,5,D,593,Central,54
B002994,Middle,649832,Business Owner,5,D,580,North,21
B002995,Middle,870794,Salaried,19,E,470,West,30
B002996,Middle,603123,Self-Employed,14,D,597,West,53
B002997,Middle,979409,Freelancer,19,F,382,North,34
B002998,Lower-Middle,401592,Business Owner,13,E,498,Central,42
B002999,High,2439222,Business Owner,16,D,596,North,59
B003000,Low,196047,Salaried,7,B,727,Central,54
B003001,Upper-Middle,1791987,Salaried,1,E,483,North,50
B003002,Middle,718519,Business Owner,24,E,527,West,49
B003003,Lower-Middle,573450,Business Owner,12,C,702,South,31
B003004,Upper-Middle,1719013,Business Owner,27,B,769,West,29
B003005,Low,278258,Business Owner,6,D,574,West,57
B003006,Upper-Middle,1126848,Salaried,8,A,842,East,23
B003007,Middle,863900,Salaried,11,E,472,West,49
B003008,Low,206984,Freelancer,20,B,757,West,38
B003009,Low,220922,Self-Employed,3,D,611,South,22
B003010,Upper-Middle,1123308,Business Owner,4,C,653,Central,46
B003011,Lower-Middle,593167,Self-Employed,4,C,637,North,26
B003012,Upper-Middle,1212471,Freelancer,3,E,513,East,58
B003013,Upper-Middle,1686815,Freelancer,10,C,659,West,31
B003014,Middle,624095,Salaried,5,A,824,West,31
B003015,Lower-Middle,537696,Freelancer,21,A,849,South,50
B003016,Middle,918729,Salaried,4,A,840,Central,34
B003017,High,2374073,Salaried,0,C,670,Central,37
B003018,Low,235117,Freelancer,14,A,861,North,35
B003019,Lower-Middle,389302,Salaried,4,C,677,North,43
B003020,Lower-Middle,363186,Salaried,6,D,589,East,52
B003021,Lower-Middle,485470,Self-Employed,16,F,401,North,55
B003022,Upper-Middle,1580269,Unemployed,7,B,713,North,26
B003023,Middle,885044,Salaried,2,F,400,Central,41
B003024,Middle,935390,Self-Employed,6,G,300,East,43
B003025,Lower-Middle,514572,Self-Employed,26,D,560,Central,62
B003026,Low,207367,Salaried,19,E,470,West,46
B003027,Lower-Middle,593760,Business Owner,10,D,592,West,57
B003028,Upper-Middle,1764668,Self-Employed,27,A,803,South,43
B003029,Middle,780771,Business Owner,18,G,303,West,43
B003030,Lower-Middle,591346,Business Owner,8,F,395,North,44
B003031,Upper-Middle,1786503,Unemployed,3,C,687,South,25
B003032,Low,261531,Business Owner,7,B,760,Central,40
B003033,Lower-Middle,542264,Salaried,29,A,861,West,62
B003034,Lower-Middle,334240,Business Owner,3,D,581,South,64
B003035,High,2394619,Self-Employed,18,F,441,Central,28
B003036,Middle,648972,Salaried,29,A,837,East,40
B003037,Middle,661289,Self-Employed,18,D,636,West,56
B003038,Low,266583,Business Owner,24,E,474,North,57
B003039,Lower-Middle,361411,Salaried,14,C,687,North,49
B003040,Middle,751197,Salaried,10,D,616,Central,45
B003041,Lower-Middle,430940,Self-Employed,6,C,663,Central,59
B003042,High,1950436,Salaried,0,A,846,South,47
B003043,Upper-Middle,1689044,Freelancer,16,D,544,Central,55
B003044,Lower-Middle,553712,Salaried,15,A,900,Central,56
B003045,Upper-Middle,1015323,Business Owner,24,D,573,South,32
B003046,High,3102789,Business Owner,5,C,704,South,64
B003047,Middle,839406,Salaried,7,E,471,East,37
B003048,Middle,850042,Self-Employed,0,D,544,South,27
B003049,High,2369122,Salaried,14,F,383,South,31
B003050,Lower-Middle,350742,Salaried,11,E,493,South,46
B003051,Upper-Middle,1069283,Self-Employed,1,E,492,West,61
B003052,Low,258190,Salaried,19,C,653,East,29
B003053,Middle,796937,Business Owner,6,C,658,Central,50
B003054,Upper-Middle,1490218,Self-Employed,23,E,493,Central,23
B003055,Middle,823063,Salaried,19,E,469,North,43
B003056,Middle,863162,Salaried,7,D,567,West,60
B003057,Middle,882190,Freelancer,5,A,822,West,49
B003058,Low,181747,Salaried,14,A,869,North,64
B003059,Lower-Middle,506392,Self-Employed,24,A,816,West,63
B003060,Lower-Middle,382808,Salaried,21,A,842,East,51
B003061,Middle,611078,Freelancer,7,E,503,Central,21
B003062,Lower-Middle,545672,Salaried,29,D,595,East,38
B003063,Lower-Middle,525486,Salaried,4,D,551,East,26
B003064,Upper-Middle,1602025,Self-Employed,27,A,869,West,54
B003065,Lower-Middle,412716,Salaried,5,E,501,West,28
B003066,Lower-Middle,532068,Business Owner,9,A,866,West,64
B003067,Lower-Middle,386971,Salaried,16,B,757,East,48
B003068,Lower-Middle,389406,Salaried,12,E,501,East,61
B003069,Upper-Middle,1292739,Salaried,2,D,595,Central,56
B003070,Lower-Middle,517059,Self-Employed,27,A,900,Central,58
B003071,Low,187244,Freelancer,13,A,807,South,23
B003072,High,1963547,Salaried,16,C,680,West,43
B003073,Upper-Middle,1207391,Freelancer,26,D,598,North,60
B003074,Middle,783688,Business Owner,0,B,767,South,30
B003075,Upper-Middle,1255120,Salaried,14,D,605,East,37
B003076,Upper-Middle,1575778,Salaried,21,C,694,South,26
B003077,Lower-Middle,323219,Salaried,23,D,589,Central,43
B003078,Middle,862378,Salaried,13,E,487,Central,24
B003079,Middle,725523,Business Owner,18,E,439,North,25
B003080,Lower-Middle,355152,Salaried,22,B,814,South,36
B003081,Lower-Middle,369972,Salaried,6,A,792,North,55
B003082,Low,179784,Business Owner,27,B,777,North,22
B003083,Middle,944377,Salaried,21,B,770,East,57
B003084,Upper-Middle,1236361,Freelancer,11,C,638,West,50
B003085,Upper-Middle,1650250,Self-Employed,4,A,900,West,62
B003086,Lower-Middle,387043,Salaried,13,E,514,East,57
B003087,Lower-Middle,301125,Self-Employed,14,E,499,East,53
B003088,Middle,602735,Salaried,13,E,459,South,56
B003089,Middle,747094,Unemployed,16,C,710,Central,52
B003090,High,3679234,Salaried,11,E,532,Central,24
B003091,Upper-Middle,1473374,Freelancer,17,D,586,South,49
B003092,High,3294913,Unemployed,14,D,628,North,29
B003093,Upper-Middle,1331741,Self-Employed,26,A,857,East,28
B003094,High,2405692,Business Owner,18,F,412,West,63
B003095,Middle,857175,Self-Employed,18,C,670,South,60
B003096,Low,236918,Salaried,0,C,690,South,64
B003097,Low,155225,Freelancer,8,C,685,North,21
B003098,Lower-Middle,465929,Salaried,26,B,748,West,63
B003099,Lower-Middle,489221,Freelancer,10,G,300,Central,21
B003100,Low,205263,Self-Employed,26,D,576,West,61
B003101,High,2552297,Salaried,3,F,419,Central,26
B003102,Lower-Middle,536227,Salaried,5,G,306,North,27
B003103,High,2615930,Salaried,1,D,557,Central,22
B003104,Upper-Middle,1229158,Salaried,3,E,489,Central,55
B003105,Middle,913882,Self-Employed,2,F,371,South,56
B003106,Middle,993937,Salaried,21,B,747,West,30
B003107,Lower-Middle,355436,Freelancer,19,C,625,North,56
B003108,Middle,751372,Salaried,28,C,674,Central,32
B003109,Lower-Middle,300787,Salaried,2,D,600,North,59
B003110,High,2868614,Salaried,4,E,491,North,42
B003111,Lower-Middle,384850,Salaried,18,C,680,West,46
B003112,Lower-Middle,547687,Self-Employed,24,E,494,West,56
B003113,Middle,966309,Salaried,18,D,592,Central,41
B003114,Middle,646468,Self-Employed,28,C,685,Central,40
B003115,Middle,945521,Self-Employed,21,D,596,North,46
B003116,Middle,685994,Salaried,24,E,519,West,30
B003117,Low,196194,Salaried,6,C,630,South,40
B003118,Middle,954297,Salaried,16,C,690,Central,61
B003119,Lower-Middle,409574,Salaried,9,D,575,South,49
B003120,Lower-Middle,305059,Business Owner,27,C,658,East,33
B003121,Low,157771,Salaried,23,B,712,South,61
B003122,Lower-Middle,401302,Salaried,0,E,450,West,55
B003123,Lower-Middle,565326,Self-Employed,7,B,747,Central,63
B003124,Middle,635470,Salaried,25,B,739,East,54
B003125,Lower-Middle,358672,Freelancer,29,F,425,South,21
B003126,Lower-Middle,590202,Business Owner,20,D,598,South,24
B003127,Middle,764589,Business Owner,22,C,708,West,21
B003128,Low,280897,Salaried,11,C,666,West,40
B003129,Middle,753353,Salaried,27,B,776,South,41
B003130,High,2940274,Salaried,25,A,811,South,26
B003131,Lower-Middle,584081,Business Owner,21,F,460,Central,25
B003132,Upper-Middle,1765103,Salaried,22,A,895,Central,52
B003133,Low,174830,Salaried,3,A,829,South,52
B003134,Low,251513,Self-Employed,23,E,530,West,53
B003135,Middle,769687,Business Owner,27,F,371,North,47
B003136,Upper-Middle,1119810,Self-Employed,8,E,473,Central,34
B003137,Upper-Middle,1020619,Salaried,25,B,760,South,45
B003138,Low,226169,Freelancer,17,C,648,West,50
B003139,Upper-Middle,1074988,Salaried,29,G,325,West,53
B003140,Lower-Middle,581511,Freelancer,10,E,518,Central,39
B003141,Lower-Middle,374982,Salaried,25,E,455,Central,29
B003142,Low,215973,Freelancer,19,C,673,South,45
B003143,High,3398029,Freelancer,13,E,465,East,59
B003144,Low,226151,Salaried,22,G,317,West,51
B003145,Upper-Middle,1301886,Business Owner,12,C,677,East,51
B003146,Middle,851841,Salaried,19,C,654,South,57
B003147,Upper-Middle,1158149,Salaried,14,A,846,South,50
B003148,Middle,796300,Salaried,26,E,493,East,42
B003149,Upper-Middle,1770526,Self-Employed,16,B,743,Central,50
B003150,Lower-Middle,535427,Salaried,3,B,718,North,51
B003151,Low,200205,Salaried,20,D,599,South,40
B003152,Middle,965056,Unemployed,16,E,509,West,33
B003153,Lower-Middle,562462,Freelancer,18,C,688,East,37
B003154,Low,190720,Salaried,16,F,375,East,41
B003155,Lower-Middle,580260,Self-Employed,23,B,754,South,50
B003156,Lower-Middle,445605,Salaried,22,D,539,Central,24
B003157,Low,289924,Salaried,21,D,632,Central,50
B003158,Low,232451,Freelancer,14,D,547,Central,42
B003159,High,2012827,Unemployed,8,D,611,South,25
B003160,Lower-Middle,341751,Salaried,7,D,561,West,37
B003161,High,2895285,Salaried,9,E,498,Central,54
B003162,High,1854635,Salaried,7,E,484,South,61
B003163,Low,265261,Salaried,21,G,300,South,56
B003164,Middle,723070,Salaried,10,F,410,West,32
B003165,Middle,612523,Salaried,27,D,566,North,45
B003166,Middle,859461,Salaried,12,E,450,West,64
B003167,Low,240850,Salaried,24,C,666,Central,42
B003168,Lower-Middle,337973,Business Owner,20,D,608,East,30
B003169,Low,177190,Business Owner,29,A,850,Central,43
B003170,Middle,897370,Self-Employed,12,C,646,East,47
B003171,High,2132420,Salaried,2,F,469,East,30
B003172,Middle,602579,Business Owner,6,D,580,Central,35
B003173,Middle,999885,Salaried,3,A,829,West,63
B003174,High,2438383,Freelancer,4,D,634,North,60
B003175,Middle,956421,Salaried,24,C,627,Central,59
B003176,Low,212111,Freelancer,21,E,467,East,42
B003177,Upper-Middle,1770222,Salaried,11,B,786,South,58
B003178,Lower-Middle,428965,Business Owner,3,D,556,Central,32
B003179,Low,262395,Salaried,26,E,508,West,34
B003180,Middle,986258,Business Owner,8,D,601,South,28
B003181,High,2421092,Self-Employed,16,C,722,Central,51
B003182,Lower-Middle,308910,Salaried,6,E,517,Central,53
B003183,Middle,779456,Business Owner,20,E,479,North,48
B003184,Low,264193,Salaried,2,C,652,East,60
B003185,Low,234600,Self-Employed,9,C,644,West,30
B003186,Low,275288,Salaried,26,D,552,East,54
B003187,Middle,706682,Business Owner,0,C,680,East,64
B003188,Upper-Middle,1054348,Freelancer,2,C,626,Central,43
B003189,Low,183138,Salaried,17,C,674,East,43
B003190,Lower-Middle,368623,Business Owner,7,C,622,North,61
B003191,Lower-Middle,400578,Freelancer,10,E,496,Central,26
B003192,Low,196768,Self-Employed,5,G,300,South,43
B003193,Middle,693688,Salaried,3,E,506,North,43
B003194,Middle,648732,Salaried,25,A,782,South,30
B003195,Middle,808733,Salaried,19,C,694,Central,25
B003196,Lower-Middle,513420,Salaried,26,B,760,Central,31
B003197,Middle,963331,Salaried,28,D,568,North,55
B003198,Low,191365,Business Owner,16,D,593,North,49
B003199,Low,249081,Self-Employed,1,G,321,Central,56
B003200,High,2960632,Self-Employed,21,C,636,North,56
B003201,Upper-Middle,1707107,Salaried,24,B,764,East,57
B003202,High,3329138,Salaried,25,D,598,South,51
B003203,High,2202498,Business Owner,22,C,630,North,24
B003204,Middle,706532,Self-Employed,9,B,765,West,26
B003205,High,3173864,Freelancer,1,C,700,North,26
B003206,Lower-Middle,525355,Self-Employed,15,B,764,South,41
B003207,Low,161805,Salaried,22,B,748,West,25
B003208,Low,246956,Self-Employed,0,D,546,South,23
B003209,Low,175563,Self-Employed,21,E,463,Central,49
B003210,Low,291441,Salaried,7,F,390,East,61
B003211,Lower-Middle,589127,Self-Employed,3,C,689,North,33
B003212,Middle,943680,Salaried,15,C,685,West,25
B003213,Upper-Middle,1688428,Salaried,28,E,480,West,27
B003214,Middle,984456,Salaried,10,G,300,East,61
B003215,Low,192910,Self-Employed,16,E,475,Central,64
B003216,Upper-Middle,1418092,Business Owner,4,D,609,West,36
B003217,Lower-Middle,340171,Salaried,16,F,362,West,42
B003218,Low,218427,Business Owner,2,E,490,West,46
B003219,Lower-Middle,331396,Business Owner,27,B,746,South,42
B003220,Lower-Middle,507499,Salaried,25,A,866,Central,52
B003221,Lower-Middle,322700,Salaried,9,F,394,West,46
B003222,Upper-Middle,1687654,Salaried,22,F,368,West,57
B003223,Upper-Middle,1681257,Salaried,16,C,708,North,42
B003224,Middle,986248,Freelancer,23,D,584,West,52
B003225,Low,154085,Business Owner,6,C,673,North,32
B003226,Upper-Middle,1654891,Salaried,20,E,454,South,43
B003227,Middle,717138,Salaried,27,C,661,East,50
B003228,Lower-Middle,358764,Salaried,5,C,650,Central,32
B003229,Middle,900222,Salaried,16,C,666,North,46
B003230,Middle,648026,Salaried,22,C,622,Central,29
B003231,Lower-Middle,562739,Salaried,22,F,402,East,58
B003232,Low,281299,Salaried,16,F,420,East,50
B003233,Middle,822384,Salaried,17,B,745,Central,38
B003234,Low,213410,Salaried,0,C,676,East,38
B003235,Low,283422,Salaried,17,C,643,North,55
B003236,Low,256856,Self-Employed,1,A,891,North,52
B003237,High,1870811,Salaried,6,D,553,South,63
B003238,Lower-Middle,423606,Salaried,6,D,574,Central,55
B003239,Lower-Middle,428934,Salaried,17,B,739,South,38
B003240,Lower-Middle,556843,Freelancer,23,G,300,North,32
B003241,Upper-Middle,1706200,Salaried,10,E,528,North,51
B003242,Middle,817425,Self-Employed,18,B,796,East,22
B003243,High,2046984,Salaried,12,E,477,South,22
B003244,Lower-Middle,482723,Salaried,17,C,755,South,42
B003245,Low,219064,Self-Employed,3,D,607,East,61
B003246,Middle,769169,Business Owner,29,C,695,South,35
B003247,Lower-Middle,595297,Unemployed,10,B,760,North,52
B003248,Upper-Middle,1796661,Salaried,14,C,699,East,25
B003249,Upper-Middle,1327679,Salaried,16,G,313,West,48
B003250,Middle,973833,Business Owner,13,E,465,East,39
B003251,High,2338131,Salaried,13,D,579,Central,25
B003252,Middle,677398,Salaried,13,E,478,North,38
B003253,Lower-Middle,497017,Business Owner,25,E,459,North,64
B003254,Middle,800186,Salaried,9,F,425,North,30
B003255,Low,261865,Self-Employed,13,B,764,North,60
B003256,Upper-Middle,1087907,Salaried,6,B,758,West,35
B003257,Low,222362,Salaried,20,E,533,West,34
B003258,Lower-Middle,504533,Unemployed,2,G,314,West,23
B003259,Middle,800428,Salaried,16,D,611,South,23
B003260,Low,192949,Salaried,9,G,300,West,63
B003261,Low,225122,Salaried,12,D,560,North,38
B003262,Middle,834098,Salaried,3,A,850,Central,52
B003263,Low,232554,Salaried,12,F,402,South,22
B003264,Middle,826356,Salaried,4,E,497,North,29
B003265,Lower-Middle,432837,Salaried,26,D,605,North,44
B003266,Lower-Middle,399302,Salaried,17,E,580,East,45
B003267,Lower-Middle,321125,Business Owner,26,C,630,West,53
B003268,Upper-Middle,1037180,Salaried,6,D,565,East,49
B003269,High,2974387,Freelancer,11,C,680,South,40
B003270,Low,278816,Salaried,5,D,629,North,44
B003271,High,3528489,Salaried,13,D,574,North,58
B003272,Middle,814501,Freelancer,15,A,849,Central,47
B003273,Middle,855800,Business Owner,2,A,840,West,60
B003274,Middle,990579,Salaried,0,A,863,North,59
B003275,Middle,986895,Salaried,0,D,579,North,63
B003276,Upper-Middle,1795844,Business Owner,17,C,690,East,60
B003277,Middle,606595,Salaried,17,D,611,South,43
B003278,Middle,854483,Salaried,11,D,570,North,22
B003279,Lower-Middle,523522,Self-Employed,0,A,874,East,44
B003280,Low,165461,Business Owner,8,E,471,East,43
B003281,Middle,745295,Self-Employed,3,E,495,East,61
B003282,Low,174768,Salaried,1,D,563,West,41
B003283,Lower-Middle,415388,Freelancer,6,A,808,South,54
B003284,Low,216181,Salaried,7,D,603,West,22
B003285,Lower-Middle,353511,Business Owner,3,D,554,West,29
B003286,Middle,798434,Salaried,22,E,471,West,60
B003287,Middle,675033,Business Owner,28,A,841,Central,25
B003288,Lower-Middle,576688,Self-Employed,12,E,537,South,64
B003289,Low,175421,Salaried,8,G,351,West,46
B003290,Lower-Middle,453765,Self-Employed,19,E,448,North,52
B003291,Lower-Middle,403287,Freelancer,12,F,369,South,58
B003292,Middle,769099,Salaried,25,A,897,West,32
B003293,Middle,755750,Salaried,23,D,635,Central,38
B003294,Middle,991464,Salaried,25,B,772,North,23
B003295,Middle,865446,Self-Employed,6,D,583,West,46
B003296,High,1907194,Self-Employed,24,E,488,South,33
B003297,Upper-Middle,1668067,Salaried,11,E,485,East,50
B003298,Middle,818173,Salaried,4,G,300,Central,47
B003299,Middle,646606,Self-Employed,15,G,331,Central,35
B003300,Low,220740,Salaried,20,B,736,East,33
B003301,High,2093697,Salaried,23,F,416,Central,38
B003302,Lower-Middle,467253,Salaried,5,F,401,East,53
B003303,Lower-Middle,411214,Self-Employed,21,E,517,South,21
B003304,High,1946972,Freelancer,19,B,743,Central,64
B003305,Middle,861424,Self-Employed,28,B,728,South,40
B003306,Low,185012,Salaried,12,C,645,Central,30
B003307,Low,264955,Business Owner,21,A,849,Central,30
B003308,Low,285572,Salaried,28,C,666,North,64
B003309,Middle,697101,Freelancer,20,A,818,West,45
B003310,Low,195877,Salaried,11,D,567,Central,42
B003311,High,1902474,Freelancer,27,D,582,South,43
B003312,High,2859333,Freelancer,24,B,778,East,39
B003313,Middle,936114,Freelancer,0,F,399,Central,31
B003314,Middle,644066,Salaried,6,A,868,West,29
B003315,Lower-Middle,350323,Business Owner,17,C,671,South,26
B003316,Low,261691,Business Owner,0,D,581,South,24
B003317,Upper-Middle,1510487,Salaried,6,D,593,North,49
B003318,Low,179900,Salaried,22,C,640,Central,53
B003319,Low,175687,Self-Employed,12,E,537,Central,39
B003320,Lower-Middle,321142,Freelancer,21,C,672,West,50
B003321,Low,152647,Business Owner,14,B,758,East,37
B003322,Lower-Middle,426778,Salaried,5,C,676,East,54
B003323,Middle,643143,Self-Employed,29,B,788,South,57
B003324,Upper-Middle,1233681,Salaried,6,G,320,South,30
B003325,Middle,949572,Salaried,9,D,596,North,49
B003326,Upper-Middle,1039480,Business Owner,26,B,762,South,53
B003327,Lower-Middle,539032,Self-Employed,10,E,463,West,47
B003328,Upper-Middle,1305300,Business Owner,13,E,425,South,48
B003329,Middle,764754,Salaried,13,C,691,North,29
B003330,Lower-Middle,591800,Salaried,17,G,335,East,38
B003331,High,3050654,Business Owner,22,D,550,Central,23
B003332,Lower-Middle,310991,Salaried,3,B,727,South,28
B003333,Low,269074,Unemployed,12,E,461,West,46
B003334,Lower-Middle,466357,Freelancer,3,F,384,West,50
B003335,Lower-Middle,533120,Freelancer,16,C,646,South,37
B003336,Lower-Middle,345365,Freelancer,22,A,852,West,61
B003337,Middle,705007,Salaried,13,D,583,East,41
B003338,Upper-Middle,1728422,Salaried,9,E,490,North,56
B003339,Lower-Middle,428960,Business Owner,9,C,655,East,39
B003340,Middle,804275,Salaried,22,G,300,South,64
B003341,Lower-Middle,492939,Business Owner,28,B,721,East,59
B003342,Upper-Middle,1422635,Salaried,3,E,474,North,27
B003343,Low,262593,Freelancer,10,F,414,North,62
B003344,Low,183476,Self-Employed,0,B,717,South,49
B003345,Middle,968336,Business Owner,28,D,576,East,55
B003346,Middle,621473,Salaried,12,A,822,East,36
B003347,Upper-Middle,1399600,Self-Employed,22,D,545,North,24
B003348,Middle,999061,Freelancer,11,D,602,North,36
B003349,Upper-Middle,1527031,Salaried,14,E,519,North,29
B003350,Lower-Middle,444652,Salaried,28,D,591,North,35
B003351,Low,292881,Salaried,2,C,638,Central,40
B003352,Low,161698,Self-Employed,0,B,779,South,50
B003353,Low,213357,Self-Employed,26,A,867,West,30
B003354,Lower-Middle,571067,Self-Employed,18,D,628,East,55
B003355,Middle,872098,Salaried,25,F,385,Central,27
B003356,Lower-Middle,410531,Salaried,24,E,498,Central,45
B003357,Middle,991022,Freelancer,18,C,646,West,58
B003358,Middle,903655,Self-Employed,10,G,300,Central,51
B003359,Middle,990927,Salaried,10,B,712,East,41
B003360,Middle,833472,Salaried,20,G,310,South,36
B003361,Lower-Middle,302453,Salaried,2,B,740,North,49
B003362,Lower-Middle,591582,Business Owner,23,B,771,East,42
B003363,Middle,929628,Business Owner,18,E,504,West,59
B003364,Middle,820118,Self-Employed,8,C,669,East,28
B003365,Lower-Middle,348267,Self-Employed,13,F,360,South,54
B003366,Lower-Middle,564281,Freelancer,23,E,464,South,23
B003367,Middle,854942,Salaried,0,B,764,South,62
B003368,Middle,601214,Salaried,29,B,767,Central,41
B003369,Low,224067,Salaried,12,C,677,North,21
B003370,Lower-Middle,594695,Unemployed,9,D,600,South,63
B003371,Upper-Middle,1468799,Self-Employed,7,C,662,South,30
B003372,Low,256609,Self-Employed,5,B,764,East,61
B003373,Upper-Middle,1526440,Business Owner,11,B,772,South,53
B003374,Low,227811,Salaried,27,D,603,Central,60
B003375,Middle,876836,Salaried,29,A,848,East,48
B003376,Lower-Middle,358729,Self-Employed,0,C,667,South,37
B003377,Low,200689,Unemployed,5,A,856,South,41
B003378,High,3756732,Salaried,4,F,400,East,53
B003379,Middle,707939,Salaried,21,D,572,South,41
B003380,High,2716843,Freelancer,11,B,743,Central,62
B003381,Lower-Middle,331014,Business Owner,17,E,445,North,45
B003382,Upper-Middle,1744392,Self-Employed,20,D,592,South,23
B003383,High,2392510,Salaried,29,D,590,East,24
B003384,Middle,832386,Salaried,27,B,765,Central,40
B003385,Lower-Middle,419632,Salaried,26,C,679,South,22
B003386,Middle,738689,Salaried,16,F,394,South,37
B003387,Middle,667280,Business Owner,8,B,805,South,32
B003388,High,3991253,Business Owner,23,D,601,West,58
B003389,Lower-Middle,386756,Business Owner,28,B,807,Central,59
B003390,Lower-Middle,418928,Salaried,8,C,652,North,46
B003391,Low,178909,Salaried,10,D,577,West,56
B003392,Middle,851030,Business Owner,20,B,757,East,64
B003393,High,1989578,Salaried,20,A,885,South,62
B003394,Low,249442,Salaried,7,D,527,North,23
B003395,Upper-Middle,1402470,Salaried,1,C,684,West,40
B003396,High,3224467,Salaried,25,F,404,West,34
B003397,Low,150703,Salaried,22,D,606,North,32
B003398,Low,251023,Salaried,10,F,386,West,45
B003399,Middle,618271,Freelancer,4,F,357,East,23
B003400,Middle,966999,Salaried,21,A,897,East,30
B003401,Low,269014,Self-Employed,4,F,400,East,29
B003402,Upper-Middle,1099122,Self-Employed,11,G,334,Central,63
B003403,Middle,822505,Self-Employed,10,C,662,East,61
B003404,Upper-Middle,1765488,Salaried,17,D,608,Central,51
B003405,Upper-Middle,1194097,Salaried,18,C,689,North,40
B003406,Upper-Middle,1058150,Salaried,18,A,881,West,47
B003407,Middle,769011,Salaried,25,C,662,West,49
B003408,Lower-Middle,341462,Freelancer,6,A,884,West,27
B003409,Middle,911018,Salaried,10,D,593,South,29
B003410,Low,286822,Salaried,8,D,535,North,55
B003411,Middle,779843,Unemployed,20,A,884,North,61
B003412,Low,299686,Business Owner,7,B,775,South,63
B003413,Middle,676034,Business Owner,21,A,843,North,32
B003414,Low,287666,Salaried,13,G,307,South,56
B003415,Lower-Middle,397044,Freelancer,19,E,465,North,50
B003416,Lower-Middle,570566,Self-Employed,1,A,854,South,45
B003417,Middle,961791,Self-Employed,18,E,504,Central,27
B003418,Upper-Middle,1279097,Business Owner,29,E,493,North,51
B003419,Low,153042,Salaried,23,E,496,South,25
B003420,Upper-Middle,1242100,Freelancer,8,F,386,South,44
B003421,Upper-Middle,1349067,Unemployed,12,C,647,East,36
B003422,Lower-Middle,595142,Self-Employed,13,B,761,East,22
B003423,Middle,875887,Salaried,4,F,407,Central,37
B003424,Lower-Middle,490454,Business Owner,8,E,480,North,59
B003425,Low,246777,Salaried,2,C,682,South,54
B003426,Middle,758505,Self-Employed,11,D,602,North,31
B003427,Low,253444,Salaried,22,D,604,North,53
B003428,Upper-Middle,1223737,Business Owner,27,D,568,West,34
B003429,High,3455055,Freelancer,17,D,539,South,39
B003430,Upper-Middle,1521470,Salaried,20,A,861,South,61
B003431,Middle,898529,Business Owner,26,C,663,East,43
B003432,Middle,660543,Freelancer,14,C,671,East,53
B003433,High,3015029,Salaried,16,A,838,East,64
B003434,Lower-Middle,357516,Salaried,20,D,621,Central,45
B003435,Low,196779,Salaried,3,C,660,West,42
B003436,Middle,916758,Business Owner,14,C,717,South,32
B003437,Lower-Middle,425214,Salaried,15,B,780,North,47
B003438,Lower-Middle,314952,Salaried,6,D,606,North,57
B003439,Low,283805,Salaried,13,C,667,West,62
B003440,Middle,642933,Salaried,8,A,829,West,44
B003441,Lower-Middle,449188,Salaried,20,E,508,West,32
B003442,Lower-Middle,442605,Self-Employed,14,D,589,West,45
B003443,Low,209867,Salaried,9,D,567,West,64
B003444,Lower-Middle,301556,Business Owner,22,D,598,West,29
B003445,Upper-Middle,1203323,Business Owner,22,C,685,Central,47
B003446,Lower-Middle,346672,Freelancer,1,B,717,East,40
B003447,Middle,665434,Salaried,18,C,686,Central,53
B003448,Upper-Middle,1101126,Self-Employed,11,E,514,West,36
B003449,Lower-Middle,547215,Business Owner,1,D,542,East,41
B003450,Upper-Middle,1080761,Salaried,3,E,539,South,33
B003451,Middle,733209,Salaried,7,F,435,North,63
B003452,Middle,831932,Salaried,19,B,717,South,41
B003453,Low,156134,Self-Employed,13,F,391,East,61
B003454,Low,228754,Salaried,6,D,558,West,57
B003455,High,2820372,Freelancer,25,D,550,Central,43
B003456,Upper-Middle,1686470,Business Owner,10,D,588,North,34
B003457,High,2055363,Business Owner,27,C,674,North,45
B003458,Upper-Middle,1046769,Unemployed,12,A,827,West,31
B003459,Low,172071,Self-Employed,17,A,830,North,42
B003460,Upper-Middle,1381027,Salaried,12,C,670,Central,59
B003461,Middle,641992,Salaried,10,B,770,South,50
B003462,Upper-Middle,1492578,Business Owner,16,A,829,East,55
B003463,Low,269013,Salaried,16,A,852,North,45
B003464,Lower-Middle,466650,Freelancer,3,G,324,North,45
B003465,Upper-Middle,1286749,Salaried,29,B,783,Central,47
B003466,Upper-Middle,1357343,Salaried,24,G,317,West,50
B003467,Middle,696978,Business Owner,13,D,584,Central,33
B003468,Lower-Middle,555624,Business Owner,16,B,754,Central,24
B003469,Lower-Middle,397055,Freelancer,17,B,750,Central,30
B003470,High,3688985,Salaried,16,B,764,North,53
B003471,Lower-Middle,589772,Salaried,12,C,672,West,63
B003472,Lower-Middle,376702,Self-Employed,8,B,770,West,60
B003473,Middle,943162,Freelancer,4,E,471,South,62
B003474,Lower-Middle,550936,Salaried,0,C,686,North,41
B003475,Middle,844535,Self-Employed,2,D,542,South,34
B003476,Lower-Middle,550151,Salaried,18,D,597,Central,58
B003477,Upper-Middle,1340413,Business Owner,14,D,575,East,38
B003478,Upper-Middle,1482302,Salaried,14,G,300,South,46
B003479,High,2692575,Unemployed,22,C,642,East,61
B003480,Middle,999553,Salaried,11,C,684,West,22
B003481,Lower-Middle,459557,Self-Employed,10,G,313,West,55
B003482,Middle,694898,Business Owner,16,G,315,East,21
B003483,Upper-Middle,1536110,Salaried,15,E,485,South,47
B003484,Middle,903216,Salaried,21,E,480,South,26
B003485,Middle,944536,Self-Employed,29,C,673,South,54
B003486,Upper-Middle,1010152,Self-Employed,16,D,579,Central,63
B003487,Middle,898916,Business Owner,1,C,651,East,44
B003488,Upper-Middle,1424454,Self-Employed,12,D,538,Central,63
B003489,Lower-Middle,517942,Salaried,5,E,472,South,51
B003490,Middle,810948,Freelancer,29,C,674,South,22
B003491,Middle,731871,Salaried,14,D,601,South,36
B003492,Low,155269,Self-Employed,17,E,440,South,37
B003493,Upper-Middle,1256282,Freelancer,15,B,747,South,62
B003494,Middle,862395,Freelancer,8,D,585,West,62
B003495,Low,151457,Salaried,6,E,493,Central,55
B003496,Upper-Middle,1737178,Salaried,6,A,851,South,45
B003497,Middle,759727,Self-Employed,15,B,747,South,23
B003498,Upper-Middle,1050321,Salaried,14,A,830,South,55
B003499,Lower-Middle,564594,Business Owner,11,A,861,South,39
B003500,Upper-Middle,1144569,Self-Employed,3,C,676,North,29
B003501,Lower-Middle,317487,Salaried,2,E,488,North,58
B003502,Middle,631382,Salaried,0,C,720,North,25
B003503,Low,229201,Self-Employed,1,D,610,North,48
B003504,Middle,714364,Business Owner,16,B,772,West,35
B003505,Middle,936725,Salaried,7,E,513,North,57
B003506,Middle,818228,Salaried,12,C,686,South,51
B003507,Middle,711236,Salaried,10,E,483,East,28
B003508,Upper-Middle,1467405,Self-Employed,24,B,732,North,61
B003509,Middle,977611,Business Owner,2,E,514,East,23
B003510,Lower-Middle,558715,Freelancer,0,D,580,Central,55
B003511,High,2100292,Freelancer,17,G,332,North,43
B003512,Middle,948777,Self-Employed,21,C,690,South,39
B003513,High,2605733,Freelancer,9,F,362,North,42
B003514,High,2645807,Salaried,21,C,686,South,37
B003515,High,2908950,Self-Employed,1,B,803,Central,55
B003516,Upper-Middle,1614569,Self-Employed,25,D,576,East,59
B003517,Middle,769009,Business Owner,12,B,769,South,58
B003518,Low,249159,Business Owner,24,E,516,Central,43
B003519,Middle,668052,Salaried,24,C,633,Central,62
B003520,Upper-Middle,1236075,Freelancer,29,E,439,Central,41
B003521,Middle,979135,Freelancer,14,D,576,East,41
B003522,Upper-Middle,1336050,Freelancer,3,D,541,South,33
B003523,Low,258957,Salaried,19,E,524,East,56
B003524,Lower-Middle,323858,Unemployed,10,D,602,West,51
B003525,Middle,612124,Business Owner,22,D,613,East,46
B003526,Lower-Middle,315799,Self-Employed,28,D,579,East,27
B003527,Low,255215,Salaried,0,D,608,West,36
B003528,Low,158509,Business Owner,24,E,492,East,38
B003529,Upper-Middle,1481618,Business Owner,0,C,680,West,46
B003530,Middle,700276,Self-Employed,24,B,814,East,54
B003531,Low,171055,Unemployed,28,E,459,Central,28
B003532,Low,253910,Salaried,17,D,623,North,50
B003533,Middle,817569,Self-Employed,0,F,353,West,46
B003534,Low,283686,Salaried,28,G,310,Central,26
B003535,Middle,890890,Salaried,6,F,414,East,30
B003536,Upper-Middle,1258179,Salaried,12,D,568,East,36
B003537,Lower-Middle,337969,Salaried,27,E,497,West,45
B003538,Middle,854899,Salaried,10,C,679,East,38
B003539,Low,202115,Salaried,3,A,866,East,53
B003540,Lower-Middle,349657,Salaried,29,E,485,West,31
B003541,Upper-Middle,1458429,Business Owner,25,E,473,West,39
B003542,Middle,864685,Salaried,10,A,855,East,29
B003543,Upper-Middle,1228444,Salaried,9,F,392,Central,31
B003544,Lower-Middle,516507,Salaried,27,F,401,Central,43
B003545,Lower-Middle,320424,Salaried,28,C,662,West,29
B003546,Middle,891878,Salaried,11,A,855,North,35
B003547,Middle,642273,Freelancer,7,F,385,South,50
B003548,High,3319538,Self-Employed,21,A,838,North,47
B003549,Low,215280,Salaried,16,B,732,Central,52
B003550,Upper-Middle,1121481,Self-Employed,14,D,584,East,49
B003551,Upper-Middle,1016873,Salaried,2,E,468,South,62
B003552,Middle,938139,Self-Employed,17,E,498,South,63
B003553,Lower-Middle,563919,Freelancer,1,D,605,West,39
B003554,Middle,748004,Salaried,27,E,529,North,46
B003555,Lower-Middle,497798,Salaried,8,D,577,South,25
B003556,Upper-Middle,1695763,Self-Employed,21,D,649,North,57
B003557,Middle,635831,Salaried,4,B,775,West,46
B003558,High,2913171,Salaried,24,C,673,West,61
B003559,Middle,769954,Self-Employed,12,C,719,West,26
B003560,Middle,686221,Self-Employed,13,A,828,Central,39
B003561,Middle,700313,Salaried,3,C,670,East,43
B003562,Middle,967179,Business Owner,3,B,753,West,28
B003563,Upper-Middle,1555928,Salaried,24,A,818,Central,34
B003564,Lower-Middle,487351,Salaried,27,D,605,West,33
B003565,High,3223951,Business Owner,17,B,767,East,49
B003566,Upper-Middle,1330572,Self-Employed,29,B,777,Central,51
B003567,Upper-Middle,1630068,Self-Employed,10,E,506,West,49
B003568,Middle,898330,Self-Employed,8,E,448,Central,35
B003569,Upper-Middle,1349023,Self-Employed,23,D,610,East,26
B003570,Lower-Middle,344021,Freelancer,26,B,741,South,26
B003571,Upper-Middle,1077961,Self-Employed,2,D,604,West,55
B003572,Low,269238,Salaried,16,E,459,North,27
B003573,Lower-Middle,510836,Business Owner,23,B,769,Central,58
B003574,Lower-Middle,434948,Salaried,10,B,744,West,35
B003575,Lower-Middle,340830,Business Owner,12,C,676,Central,48
B003576,Lower-Middle,532017,Salaried,0,C,666,Central,27
B003577,Upper-Middle,1287317,Salaried,8,B,767,West,57
B003578,Lower-Middle,533015,Business Owner,24,B,754,Central,61
B003579,Upper-Middle,1559386,Self-Employed,28,D,568,West,62
B003580,Low,289509,Salaried,29,D,611,North,21
B003581,Upper-Middle,1054280,Salaried,14,D,611,South,61
B003582,Upper-Middle,1514707,Business Owner,6,G,358,Central,31
B003583,Lower-Middle,537765,Unemployed,29,A,851,South,46
B003584,Middle,716590,Salaried,0,E,488,North,61
B003585,High,3421239,Salaried,22,C,673,East,49
B003586,Upper-Middle,1238215,Salaried,9,E,474,East,56
B003587,Lower-Middle,490486,Salaried,8,E,460,East,31
B003588,Middle,872212,Salaried,27,D,568,Central,61
B003589,Upper-Middle,1716071,Freelancer,26,D,563,North,48
B003590,Lower-Middle,585271,Self-Employed,26,D,595,East,59
B003591,Upper-Middle,1797461,Salaried,21,E,511,East,21
B003592,Lower-Middle,508157,Salaried,13,B,712,West,39
B003593,Upper-Middle,1463143,Salaried,14,C,651,Central,56
B003594,Low,252425,Salaried,24,E,501,South,25
B003595,Low,262093,Salaried,28,D,585,Central,30
B003596,High,3594643,Salaried,8,B,756,Central,57
B003597,Upper-Middle,1232743,Self-Employed,17,G,305,Central,62
B003598,Upper-Middle,1567097,Salaried,17,G,320,North,37
B003599,High,2222504,Self-Employed,4,D,591,South,27
B003600,Lower-Middle,330917,Freelancer,20,D,549,West,26
B003601,Lower-Middle,537961,Salaried,6,C,626,South,57
B003602,Low,237030,Salaried,3,D,579,North,55
B003603,Middle,790392,Freelancer,17,G,329,South,50
B003604,Lower-Middle,419470,Salaried,4,B,750,North,22
B003605,High,2362425,Salaried,27,C,725,West,36
B003606,Low,237929,Business Owner,2,F,422,South,30
B003607,Low,162777,Self-Employed,28,C,659,West,45
B003608,Lower-Middle,509011,Freelancer,29,G,300,North,49
B003609,Lower-Middle,446278,Salaried,29,C,689,West,59
B003610,Lower-Middle,489169,Salaried,11,A,830,South,31
B003611,Middle,612636,Salaried,14,G,300,South,45
B003612,Lower-Middle,412298,Salaried,9,B,742,North,23
B003613,Middle,759858,Self-Employed,28,D,549,North,29
B003614,Upper-Middle,1462241,Salaried,10,A,838,Central,51
B003615,Middle,960750,Salaried,17,E,477,Central,45
B003616,Middle,886690,Salaried,29,B,740,North,34
B003617,Lower-Middle,541831,Salaried,3,E,475,South,42
B003618,Low,263809,Salaried,0,G,355,West,61
B003619,Lower-Middle,358683,Self-Employed,10,A,868,East,35
B003620,High,2929668,Salaried,27,C,667,West,23
B003621,Middle,894004,Business Owner,3,E,447,Central,25
B003622,Lower-Middle,460749,Salaried,17,G,324,Central,36
B003623,Middle,979775,Salaried,20,C,716,South,44
B003624,Upper-Middle,1414473,Freelancer,16,G,353,South,60
B003625,Middle,819138,Freelancer,11,F,397,South,45
B003626,Middle,647938,Salaried,10,E,499,North,24
B003627,Upper-Middle,1063295,Salaried,8,C,642,East,29
B003628,Middle,623544,Freelancer,0,D,587,North,59
B003629,Middle,659858,Self-Employed,27,E,507,North,27
B003630,Lower-Middle,501571,Salaried,25,D,593,North,57
B003631,Low,176714,Salaried,25,C,699,West,55
B003632,High,2037705,Salaried,15,D,596,East,26
B003633,Middle,845118,Business Owner,9,E,449,South,45
B003634,Lower-Middle,557504,Self-Employed,0,C,660,East,45
B003635,Middle,613206,Salaried,21,D,605,West,25
B003636,Low,225922,Salaried,21,C,629,West,26
B003637,Upper-Middle,1153355,Salaried,26,B,762,East,29
B003638,Lower-Middle,574320,Business Owner,12,A,839,Central,61
B003639,Upper-Middle,1334809,Freelancer,19,C,639,South,23
B003640,Middle,858899,Self-Employed,11,D,604,Central,64
B003641,Lower-Middle,430421,Business Owner,28,E,470,North,47
B003642,Low,272673,Salaried,1,A,900,North,36
B003643,Upper-Middle,1394153,Self-Employed,17,C,665,West,34
B003644,Low,291884,Salaried,20,E,517,West,63
B003645,Low,203840,Salaried,1,B,802,Central,39
B003646,Upper-Middle,1577174,Salaried,19,G,318,North,33
B003647,Lower-Middle,326586,Business Owner,28,D,582,Central,61
B003648,Lower-Middle,348623,Salaried,29,F,419,Central,47
B003649,Lower-Middle,458884,Salaried,2,E,531,East,53
B003650,Upper-Middle,1207453,Freelancer,3,G,318,East,31
B003651,Lower-Middle,317687,Business Owner,14,D,562,North,64
B003652,Lower-Middle,374307,Salaried,28,C,634,West,21
B003653,Lower-Middle,381266,Salaried,12,E,499,West,62
B003654,Lower-Middle,486946,Business Owner,14,B,735,West,36
B003655,Lower-Middle,349854,Salaried,21,D,603,South,21
B003656,Low,289253,Salaried,1,C,702,East,40
B003657,Low,193048,Salaried,25,E,505,North,38
B003658,Lower-Middle,589080,Salaried,22,E,489,East,29
B003659,Upper-Middle,1338830,Self-Employed,29,F,415,Central,58
B003660,Low,259835,Business Owner,12,B,761,Central,43
B003661,Lower-Middle,503484,Salaried,22,G,303,West,22
B003662,Upper-Middle,1224843,Unemployed,2,E,479,South,61
B003663,Upper-Middle,1354866,Self-Employed,8,C,673,South,41
B003664,Middle,691715,Self-Employed,3,B,760,West,56
B003665,Lower-Middle,565370,Salaried,18,C,701,North,25
B003666,Lower-Middle,565898,Salaried,28,B,774,South,39
B003667,Lower-Middle,407935,Self-Employed,23,D,547,East,51
B003668,Low,211301,Business Owner,19,B,773,North,39
B003669,Lower-Middle,390824,Salaried,21,C,672,Central,21
B003670,Middle,719606,Salaried,28,D,587,South,59
B003671,Lower-Middle,326248,Salaried,20,C,664,Central,47
B003672,Middle,855949,Salaried,23,F,401,North,46
B003673,Lower-Middle,530430,Salaried,7,B,801,North,29
B003674,Lower-Middle,402226,Salaried,18,D,571,East,39
B003675,Upper-Middle,1401419,Salaried,20,F,384,Central,59
B003676,Upper-Middle,1017591,Freelancer,3,C,653,North,33
B003677,Lower-Middle,488992,Business Owner,21,C,643,North,28
B003678,Middle,729990,Salaried,13,F,415,West,62
B003679,Lower-Middle,344332,Salaried,29,D,609,North,36
B003680,Low,151669,Salaried,7,F,385,East,42
B003681,Upper-Middle,1341546,Salaried,14,F,413,North,21
B003682,Low,250468,Business Owner,4,B,786,North,35
B003683,Lower-Middle,371997,Salaried,1,E,496,South,61
B003684,Middle,667169,Freelancer,14,D,581,West,60
B003685,Lower-Middle,483899,Salaried,28,G,300,East,64
B003686,Low,239029,Unemployed,9,D,596,Central,50
B003687,Lower-Middle,391490,Business Owner,26,E,484,North,53
B003688,High,3671521,Business Owner,28,C,685,North,59
B003689,Middle,838818,Freelancer,24,D,567,West,24
B003690,Lower-Middle,544582,Salaried,0,E,498,South,34
B003691,Low,288574,Salaried,21,G,337,South,25
B003692,Middle,870053,Salaried,0,B,772,Central,64
B003693,Low,193843,Business Owner,8,A,834,South,47
B003694,Middle,870941,Freelancer,18,G,300,North,59
B003695,Upper-Middle,1336816,Salaried,28,D,582,North,47
B003696,Lower-Middle,354424,Business Owner,2,A,885,Central,48
B003697,Lower-Middle,352297,Salaried,28,D,600,North,51
B003698,Low,173047,Salaried,16,F,449,Central,63
B003699,Low,219754,Self-Employed,22,G,379,North,59
B003700,Lower-Middle,478328,Salaried,24,C,668,South,40
B003701,Upper-Middle,1779638,Salaried,15,E,506,North,48
B003702,Lower-Middle,501975,Business Owner,3,C,670,East,43
B003703,Middle,692810,Self-Employed,23,C,656,Central,28
B003704,Middle,934109,Self-Employed,2,E,501,Central,47
B003705,Low,297587,Salaried,4,C,676,South,37
B003706,Low,211939,Salaried,28,C,669,North,55
B003707,Lower-Middle,564039,Self-Employed,27,B,751,West,59
B003708,Middle,897684,Freelancer,25,B,763,South,51
B003709,Lower-Middle,394832,Salaried,28,C,661,Central,28
B003710,Upper-Middle,1005413,Business Owner,7,G,307,North,61
B003711,Upper-Middle,1558611,Business Owner,29,C,642,North,35
B003712,Upper-Middle,1772271,Business Owner,14,D,560,West,41
B003713,High,2098280,Self-Employed,2,C,657,West,48
B003714,Upper-Middle,1732110,Salaried,4,F,405,West,46
B003715,Upper-Middle,1165586,Business Owner,21,D,582,East,54
B003716,Upper-Middle,1433214,Salaried,25,G,300,Central,39
B003717,Upper-Middle,1442072,Salaried,11,C,657,West,50
B003718,Upper-Middle,1176632,Salaried,5,D,585,North,55
B003719,High,1852695,Salaried,6,B,748,Central,43
B003720,Middle,669489,Salaried,24,B,736,East,52
B003721,Middle,756204,Freelancer,24,D,597,North,58
B003722,Middle,675676,Salaried,7,E,456,West,63
B003723,Upper-Middle,1536778,Salaried,1,B,734,West,44
B003724,Lower-Middle,446414,Freelancer,3,E,518,South,63
B003725,Upper-Middle,1283251,Salaried,12,D,551,North,41
B003726,Upper-Middle,1186286,Salaried,6,D,617,Central,45
B003727,High,3257018,Business Owner,13,E,461,Central,27
B003728,Lower-Middle,567563,Freelancer,16,D,556,North,22
B003729,Middle,860310,Self-Employed,2,F,374,West,40
B003730,Upper-Middle,1327170,Salaried,26,E,457,North,46
B003731,High,1861437,Self-Employed,23,F,435,Central,42
B003732,Upper-Middle,1632202,Business Owner,1,C,700,South,49
B003733,Middle,809876,Freelancer,13,E,455,North,33
B003734,Middle,626176,Salaried,4,G,349,West,23
B003735,Low,259094,Freelancer,24,B,729,Central,52
B003736,High,2306132,Self-Employed,16,D,654,West,28
B003737,Lower-Middle,389664,Salaried,5,F,396,Central,35
B003738,Middle,860446,Salaried,2,C,655,Central,59
B003739,Upper-Middle,1150981,Salaried,9,D,593,South,21
B003740,Lower-Middle,396561,Freelancer,10,E,468,West,40
B003741,Lower-Middle,509300,Salaried,9,E,455,West,48
B003742,Lower-Middle,394574,Self-Employed,11,B,749,Central,61
B003743,Upper-Middle,1073367,Salaried,4,C,672,East,36
B003744,Middle,640018,Business Owner,14,C,616,East,35
B003745,Low,231187,Salaried,8,B,738,Central,29
B003746,Middle,999359,Freelancer,21,A,899,Central,64
B003747,Lower-Middle,456955,Self-Employed,23,E,490,North,30
B003748,Upper-Middle,1781928,Business Owner,7,E,430,Central,50
B003749,Lower-Middle,571967,Self-Employed,3,G,310,South,59
B003750,Lower-Middle,563219,Self-Employed,9,G,319,East,53
B003751,Low,217077,Freelancer,3,G,310,East,43
B003752,Middle,826094,Salaried,12,A,870,North,47
B003753,Middle,854003,Freelancer,27,C,663,East,35
B003754,Upper-Middle,1006828,Salaried,11,A,875,Central,44
B003755,Middle,617484,Self-Employed,25,D,580,West,54
B003756,Lower-Middle,587855,Freelancer,21,G,313,East,52
B003757,Lower-Middle,431927,Freelancer,26,A,859,North,28
B003758,Lower-Middle,550696,Salaried,1,D,597,West,29
B003759,High,2069614,Salaried,21,D,589,West,52
B003760,Low,188655,Business Owner,4,B,741,East,42
B003761,High,1915230,Salaried,18,E,530,South,40
B003762,Lower-Middle,528731,Freelancer,4,C,650,South,62
B003763,Low,188798,Salaried,26,C,648,South,28
B003764,Lower-Middle,537280,Salaried,16,G,300,South,60
B003765,Low,266848,Business Owner,17,B,754,North,44
B003766,Upper-Middle,1082290,Salaried,2,C,658,South,61
B003767,Middle,714310,Salaried,9,E,492,Central,42
B003768,Lower-Middle,460707,Salaried,2,C,649,East,56
B003769,Middle,922673,Unemployed,25,D,621,East,31
B003770,Middle,919154,Self-Employed,23,C,655,Central,55
B003771,High,2986023,Unemployed,18,C,655,Central,30
B003772,High,3329544,Salaried,29,B,758,East,61
B003773,Middle,975672,Salaried,25,E,499,South,46
B003774,Upper-Middle,1328605,Salaried,1,C,700,East,54
B003775,Upper-Middle,1104939,Salaried,26,G,323,Central,61
B003776,Middle,654410,Salaried,5,A,863,South,24
B003777,Middle,749927,Salaried,3,F,403,Central,35
B003778,Low,167432,Salaried,15,F,380,East,46
B003779,Upper-Middle,1704852,Business Owner,18,A,835,West,21
B003780,High,2989703,Salaried,27,D,525,North,22
B003781,Low,265363,Salaried,15,E,482,Central,50
B003782,Upper-Middle,1794852,Salaried,15,D,596,West,28
B003783,High,2688786,Self-Employed,2,F,394,Central,42
B003784,Lower-Middle,540652,Business Owner,11,B,771,West,50
B003785,Middle,893764,Business Owner,6,F,447,East,55
B003786,High,2359561,Business Owner,25,D,583,South,61
B003787,High,2054633,Salaried,10,C,684,Central,21
B003788,Low,151486,Salaried,23,D,583,East,21
B003789,Lower-Middle,548048,Business Owner,1,C,650,South,23
B003790,Middle,991935,Freelancer,24,C,665,South,54
B003791,Lower-Middle,416108,Self-Employed,18,B,733,North,24
B003792,Lower-Middle,460098,Salaried,7,E,511,Central,41
B003793,Low,179397,Business Owner,23,C,693,West,21
B003794,Low,266567,Unemployed,19,C,668,South,57
B003795,Middle,608372,Salaried,19,F,444,South,56
B003796,Middle,653955,Salaried,5,F,394,Central,48
B003797,Middle,975747,Business Owner,14,E,512,West,63
B003798,Upper-Middle,1244002,Self-Employed,13,A,844,West,46
B003799,Lower-Middle,462133,Salaried,6,F,411,North,51
B003800,Lower-Middle,433595,Salaried,25,B,725,Central,39
B003801,Low,176623,Self-Employed,18,C,658,East,64
B003802,Lower-Middle,511912,Business Owner,23,F,402,West,36
B003803,Lower-Middle,571077,Business Owner,28,A,871,North,31
B003804,Low,235029,Salaried,16,B,761,West,43
B003805,Low,189799,Salaried,9,D,614,North,28
B003806,Low,277415,Business Owner,23,C,661,East,50
B003807,Middle,717896,Salaried,17,C,647,South,46
B003808,Middle,926544,Salaried,2,E,537,East,37
B003809,High,3686209,Self-Employed,10,F,362,Central,21
B003810,Upper-Middle,1680633,Salaried,24,G,300,North,42
B003811,Middle,888492,Business Owner,17,B,760,East,44
B003812,Low,293877,Salaried,23,D,573,Central,47
B003813,Middle,957876,Business Owner,29,F,403,Central,22
B003814,Low,290047,Self-Employed,22,B,762,East,21
B003815,Lower-Middle,428679,Salaried,9,D,635,West,55
B003816,Lower-Middle,372750,Freelancer,4,A,844,East,30
B003817,Lower-Middle,599232,Salaried,6,B,769,East,60
B003818,Lower-Middle,341872,Business Owner,6,B,761,North,29
B003819,Middle,833077,Salaried,13,E,429,Central,37
B003820,Upper-Middle,1553087,Unemployed,6,D,550,East,59
B003821,Upper-Middle,1285342,Salaried,22,A,795,Central,26
B003822,Middle,711757,Self-Employed,20,D,552,South,60
B003823,Middle,659282,Salaried,3,A,845,North,21
B003824,Low,156096,Salaried,8,B,781,South,28
B003825,Middle,990867,Salaried,2,F,433,West,34
B003826,Middle,775269,Salaried,3,C,732,East,51
B003827,Lower-Middle,387031,Salaried,18,E,491,West,46
B003828,Lower-Middle,355480,Salaried,16,C,670,South,39
B003829,High,2310136,Self-Employed,6,B,723,South,45
B003830,Middle,810351,Salaried,10,F,374,West,45
B003831,Middle,697850,Salaried,27,B,779,East,55
B003832,Middle,708768,Freelancer,14,C,717,South,39
B003833,Lower-Middle,596136,Self-Employed,24,E,524,South,61
B003834,Middle,837083,Salaried,21,D,564,South,41
B003835,Lower-Middle,330711,Salaried,9,F,370,South,58
B003836,Lower-Middle,526249,Salaried,6,G,300,West,51
B003837,Middle,631479,Self-Employed,27,B,757,North,38
B003838,Low,197792,Freelancer,27,B,808,West,33
B003839,Upper-Middle,1271411,Self-Employed,5,D,566,North,43
B003840,Lower-Middle,508002,Unemployed,21,B,743,East,21
B003841,Middle,630188,Business Owner,5,D,573,East,35
B003842,Middle,831424,Unemployed,24,C,662,Central,43
B003843,Middle,811240,Self-Employed,0,F,401,West,37
B003844,Middle,734261,Self-Employed,12,F,336,South,25
B003845,High,2859220,Business Owner,10,B,734,South,47
B003846,Middle,786380,Business Owner,17,A,839,West,63
B003847,Upper-Middle,1779461,Salaried,23,G,316,Central,40
B003848,Middle,868449,Salaried,23,B,745,West,36
B003849,Lower-Middle,388758,Salaried,10,B,764,Central,51
B003850,Lower-Middle,538811,Salaried,1,B,743,South,21
B003851,Lower-Middle,434951,Freelancer,27,C,690,East,60
B003852,Lower-Middle,328891,Business Owner,10,B,767,East,42
B003853,Lower-Middle,342299,Salaried,28,C,674,East,54
B003854,Lower-Middle,469986,Salaried,3,A,869,North,35
B003855,Middle,665390,Salaried,22,E,504,South,30
B003856,Lower-Middle,549950,Business Owner,24,C,655,South,51
B003857,Upper-Middle,1129594,Freelancer,5,E,469,East,33
B003858,Lower-Middle,411156,Salaried,29,D,613,South,52
B003859,Middle,822507,Salaried,2,D,628,South,51
B003860,Low,299583,Freelancer,27,G,339,West,51
B003861,Middle,618840,Self-Employed,7,C,698,South,55
B003862,Low,244896,Freelancer,27,B,734,South,38
B003863,Middle,799080,Salaried,9,D,576,East,64
B003864,Lower-Middle,435680,Salaried,11,B,752,North,58
B003865,High,2323708,Self-Employed,17,C,662,South,41
B003866,Lower-Middle,302391,Salaried,15,F,380,North,23
B003867,Middle,923108,Business Owner,26,F,408,North,22
B003868,Lower-Middle,526076,Business Owner,11,C,679,West,41
B003869,Middle,644523,Salaried,10,C,647,North,22
B003870,Middle,818661,Salaried,10,D,561,North,62
B003871,Lower-Middle,400843,Business Owner,16,A,855,North,39
B003872,Lower-Middle,332370,Freelancer,0,B,759,West,39
B003873,Low,218919,Salaried,16,D,565,South,44
B003874,Low,150663,Business Owner,17,C,665,South,64
B003875,High,2833316,Salaried,11,B,727,West,47
B003876,Lower-Middle,342600,Freelancer,24,D,597,South,52
B003877,Low,202945,Self-Employed,0,D,570,Central,45
B003878,High,2628199,Salaried,11,C,659,Central,39
B003879,Low,160873,Business Owner,9,F,412,Central,24
B003880,Lower-Middle,485367,Business Owner,25,E,516,West,51
B003881,Middle,804500,Business Owner,21,D,580,South,42
B003882,High,3252130,Salaried,13,B,744,West,62
B003883,Middle,929670,Business Owner,9,D,590,West,27
B003884,Middle,729594,Business Owner,19,D,581,Central,58
B003885,High,2913430,Salaried,21,D,588,North,50
B003886,Low,266421,Salaried,0,D,600,Central,29
B003887,High,2578776,Freelancer,29,B,756,Central,43
B003888,Upper-Middle,1444301,Self-Employed,18,C,696,Central,56
B003889,High,3034174,Salaried,12,F,386,South,52
B003890,Lower-Middle,377516,Freelancer,8,B,743,North,30
B003891,Low,229954,Salaried,19,D,602,West,51
B003892,Middle,697089,Business Owner,24,F,411,North,25
B003893,Middle,659440,Salaried,25,A,846,North,27
B003894,Middle,919100,Salaried,0,G,310,Central,38
B003895,High,3696439,Unemployed,18,F,393,Central,23
B003896,Middle,921063,Business Owner,3,E,485,East,47
B003897,Lower-Middle,485417,Salaried,7,E,459,West,29
B003898,Lower-Middle,322390,Freelancer,24,F,381,East,34
B003899,Low,229621,Freelancer,3,B,756,West,47
B003900,Lower-Middle,585507,Business Owner,13,D,541,East,58
B003901,Low,285922,Salaried,0,C,616,West,27
B003902,Upper-Middle,1645373,Salaried,8,F,360,West,35
B003903,Middle,877747,Business Owner,16,D,609,West,39
B003904,Middle,802188,Freelancer,0,E,538,East,26
B003905,Lower-Middle,431652,Salaried,27,B,767,West,29
B003906,Middle,836516,Salaried,10,B,756,North,42
B003907,Upper-Middle,1378654,Salaried,1,E,519,North,38
B003908,Upper-Middle,1330195,Salaried,23,C,643,North,48
B003909,Middle,839265,Self-Employed,1,D,588,West,59
B003910,Upper-Middle,1733697,Salaried,15,E,498,South,33
B003911,Middle,687445,Self-Employed,9,B,754,West,28
B003912,Middle,654232,Self-Employed,3,C,624,Central,60
B003913,Upper-Middle,1125968,Salaried,10,C,698,West,36
B003914,Lower-Middle,509755,Freelancer,11,F,386,East,23
B003915,Lower-Middle,561012,Salaried,10,B,742,North,61
B003916,Lower-Middle,530009,Salaried,10,C,632,Central,47
B003917,Middle,761584,Salaried,3,G,325,South,63
B003918,Middle,826092,Self-Employed,3,E,499,East,58
B003919,Middle,618554,Salaried,29,D,594,West,48
B003920,Lower-Middle,439402,Freelancer,11,D,569,Central,56
B003921,Lower-Middle,523670,Salaried,29,E,482,East,27
B003922,Upper-Middle,1633611,Salaried,4,F,382,Central,49
B003923,Lower-Middle,483535,Business Owner,22,F,406,West,28
B003924,High,3630529,Freelancer,21,D,580,South,22
B003925,Lower-Middle,403578,Self-Employed,16,E,482,South,57
B003926,Middle,635129,Salaried,6,E,459,East,24
B003927,Middle,806443,Salaried,6,E,482,West,21
B003928,Upper-Middle,1794151,Salaried,8,E,453,West,42
B003929,Low,283577,Salaried,20,B,744,West,37
B003930,Upper-Middle,1700978,Self-Employed,4,E,469,North,62
B003931,Middle,842347,Salaried,5,C,664,East,51
B003932,Middle,981606,Self-Employed,23,B,767,North,24
B003933,Middle,823731,Business Owner,0,B,756,North,27
B003934,Low,215382,Salaried,27,B,745,West,58
B003935,Middle,863453,Salaried,23,D,573,Central,56
B003936,Lower-Middle,466181,Business Owner,5,B,764,Central,56
B003937,Lower-Middle,509411,Salaried,5,D,591,Central,32
B003938,Middle,751063,Salaried,15,G,344,South,62
B003939,Middle,989350,Salaried,13,A,900,North,42
B003940,Low,291361,Self-Employed,27,B,796,South,27
B003941,Low,270448,Self-Employed,9,B,760,East,59
B003942,Lower-Middle,310348,Self-Employed,28,E,467,Central,25
B003943,Lower-Middle,379010,Salaried,17,C,661,South,26
B003944,Middle,974127,Self-Employed,4,B,765,South,37
B003945,Low,271699,Salaried,12,B,749,Central,57
B003946,Upper-Middle,1202400,Business Owner,17,B,752,Central,43
B003947,Lower-Middle,471656,Unemployed,8,E,506,West,27
B003948,Low,154035,Self-Employed,15,E,485,North,58
B003949,Upper-Middle,1663044,Salaried,19,C,678,East,43
B003950,Lower-Middle,448261,Business Owner,12,C,664,South,61
B003951,Lower-Middle,447133,Salaried,24,D,530,North,47
B003952,High,2107446,Salaried,24,G,300,North,35
B003953,High,1874885,Freelancer,28,E,499,South,26
B003954,Middle,977627,Salaried,0,E,488,North,57
B003955,Low,259641,Salaried,4,G,313,North,25
B003956,Middle,704792,Self-Employed,25,C,677,South,57
B003957,High,1854092,Self-Employed,25,A,855,East,54
B003958,High,3199048,Self-Employed,7,E,489,West,39
B003959,Low,280334,Salaried,29,B,792,Central,46
B003960,Lower-Middle,441088,Business Owner,4,C,675,South,41
B003961,Lower-Middle,499818,Salaried,27,E,496,West,22
B003962,Low,293018,Freelancer,18,D,567,Central,59
B003963,Middle,793454,Salaried,27,C,641,West,54
B003964,Lower-Middle,543722,Salaried,28,D,634,South,59
B003965,Lower-Middle,404126,Self-Employed,4,B,780,South,46
B003966,Low,151851,Salaried,15,A,856,East,63
B003967,Middle,941148,Self-Employed,11,C,664,Central,23
B003968,Low,292388,Salaried,28,A,866,West,47
B003969,Lower-Middle,317357,Salaried,28,G,300,East,61
B003970,Low,247400,Salaried,18,C,688,North,42
B003971,High,3357167,Salaried,8,F,437,West,41
B003972,Low,279925,Salaried,17,G,308,West,57
B003973,Middle,869775,Salaried,17,C,709,East,36
B003974,Lower-Middle,546486,Salaried,5,C,663,North,24
B003975,Low,260083,Business Owner,20,F,355,East,33
B003976,Lower-Middle,414637,Business Owner,4,A,871,Central,59
B003977,Low,170052,Salaried,2,D,577,Central,34
B003978,Low,284179,Salaried,18,C,691,East,30
B003979,Middle,980670,Salaried,24,E,462,Central,40
B003980,Middle,609509,Salaried,1,E,478,North,41
B003981,Low,255665,Salaried,18,D,614,North,62
B003982,Lower-Middle,329376,Salaried,29,C,677,West,51
B003983,Middle,883294,Unemployed,28,D,617,Central,55
B003984,Lower-Middle,364195,Business Owner,8,D,564,North,22
B003985,Lower-Middle,593259,Salaried,29,D,639,North,58
B003986,Low,261508,Salaried,13,F,457,Central,38
B003987,Lower-Middle,510672,Salaried,3,B,779,Central,25
B003988,Middle,687474,Salaried,5,B,764,East,33
B003989,High,2324346,Self-Employed,15,B,771,North,49
B003990,High,3022301,Salaried,13,D,606,South,24
B003991,High,2153344,Salaried,3,F,406,West,54
B003992,Lower-Middle,395257,Salaried,6,C,661,South,28
B003993,Low,287325,Self-Employed,19,C,644,South,58
B003994,Lower-Middle,436430,Salaried,25,G,300,East,28
B003995,Lower-Middle,402417,Freelancer,12,B,753,East,60
B003996,Low,278625,Salaried,1,F,349,West,54
B003997,Low,250245,Salaried,15,G,306,East,29
B003998,Middle,780424,Salaried,12,E,529,East,38
B003999,Lower-Middle,531076,Salaried,17,C,668,East,24
B004000,Lower-Middle,363679,Salaried,23,D,556,West,23
B004001,Middle,642373,Salaried,21,C,657,West,36
B004002,Lower-Middle,386800,Salaried,26,B,740,North,30
B004003,Upper-Middle,1252890,Salaried,23,B,803,North,55
B004004,Lower-Middle,570080,Salaried,29,A,834,Central,52
B004005,Middle,987545,Self-Employed,12,G,300,North,34
B004006,Lower-Middle,316297,Self-Employed,1,D,644,East,30
B004007,Middle,956588,Self-Employed,16,C,665,Central,59
B004008,Low,274055,Freelancer,3,D,558,East,40
B004009,Low,178373,Salaried,3,D,580,North,49
B004010,Middle,789522,Freelancer,7,B,754,South,49
B004011,Lower-Middle,445422,Salaried,4,C,682,North,51
B004012,Low,180950,Salaried,28,D,576,North,63
B004013,High,2640482,Self-Employed,16,E,436,South,51
B004014,Low,174179,Salaried,29,B,756,South,23
B004015,Middle,824089,Salaried,17,E,512,West,38
B004016,Middle,735772,Salaried,17,D,567,Central,30
B004017,Lower-Middle,438583,Salaried,2,D,598,East,31
B004018,Middle,798162,Salaried,22,B,784,East,30
B004019,Low,228796,Business Owner,14,D,609,Central,58
B004020,Middle,673602,Salaried,14,C,644,South,59
B004021,Lower-Middle,303899,Salaried,28,B,737,East,29
B004022,Lower-Middle,471932,Salaried,27,F,401,East,45
B004023,Lower-Middle,391134,Freelancer,16,C,625,Central,40
B004024,Upper-Middle,1051665,Freelancer,3,A,823,South,54
B004025,Upper-Middle,1300485,Self-Employed,23,C,677,East,59
B004026,High,3974980,Salaried,24,B,708,South,41
B004027,Middle,847214,Salaried,2,F,355,South,39
B004028,Middle,889221,Salaried,14,B,773,West,41
B004029,Middle,937490,Business Owner,8,D,539,Central,42
B004030,Upper-Middle,1541383,Self-Employed,13,E,557,North,63
B004031,Middle,776150,Business Owner,24,B,735,Central,26
B004032,Lower-Middle,560393,Salaried,17,C,643,East,28
B004033,Middle,722065,Freelancer,5,D,545,Central,38
B004034,Middle,701770,Salaried,14,F,399,West,38
B004035,Low,188974,Salaried,20,D,574,North,42
B004036,Lower-Middle,404733,Salaried,25,A,859,North,64
B004037,Lower-Middle,533202,Self-Employed,3,C,663,Central,46
B004038,Upper-Middle,1086334,Freelancer,7,C,693,West,32
B004039,Lower-Middle,457015,Salaried,8,C,664,Central,32
B004040,Upper-Middle,1480287,Freelancer,3,F,390,North,25
B004041,Lower-Middle,579098,Salaried,11,A,855,North,21
B004042,Upper-Middle,1307232,Salaried,19,C,620,Central,34
B004043,Low,221623,Salaried,18,D,551,Central,51
B004044,High,3314019,Salaried,22,A,892,South,57
B004045,Middle,666209,Business Owner,9,D,535,Central,51
B004046,Lower-Middle,422252,Salaried,14,B,781,North,64
B004047,Lower-Middle,309521,Salaried,27,E,430,South,31
B004048,Lower-Middle,300544,Salaried,19,C,629,North,48
B004049,Lower-Middle,427349,Business Owner,13,D,560,East,55
B004050,Middle,926460,Freelancer,14,D,590,East,64
B004051,High,2644697,Business Owner,7,C,666,West,33
B004052,Middle,821247,Salaried,24,C,679,South,28
B004053,Middle,788499,Salaried,11,D,566,East,63
B004054,Lower-Middle,428957,Salaried,21,E,485,East,48
B004055,Upper-Middle,1489757,Freelancer,17,C,670,South,55
B004056,Upper-Middle,1759686,Salaried,28,D,603,Central,47
B004057,Lower-Middle,465263,Freelancer,8,D,622,Central,27
B004058,High,3667143,Business Owner,18,C,642,North,26
B004059,Lower-Middle,400508,Self-Employed,21,E,485,South,35
B004060,Upper-Middle,1222987,Business Owner,20,A,839,South,48
B004061,High,1974444,Salaried,27,D,587,South,63
B004062,Middle,833501,Salaried,15,F,434,North,44
B004063,Low,260512,Salaried,12,D,582,South,43
B004064,Middle,851474,Salaried,16,D,565,West,54
B004065,Low,277553,Business Owner,8,E,515,South,51
B004066,Upper-Middle,1168718,Salaried,2,C,663,West,57
B004067,Lower-Middle,499510,Freelancer,26,C,666,North,34
B004068,Middle,798310,Freelancer,13,B,775,Central,30
B004069,High,2495229,Salaried,21,B,727,East,50
B004070,Lower-Middle,446200,Salaried,7,A,815,West,25
B004071,Lower-Middle,516453,Salaried,5,E,465,East,55
B004072,Middle,956297,Salaried,29,C,663,West,61
B004073,Lower-Middle,480145,Self-Employed,5,F,426,East,49
B004074,Low,249445,Business Owner,26,B,743,North,53
B004075,Low,290129,Business Owner,19,B,747,South,44
B004076,Lower-Middle,522096,Salaried,12,D,584,Central,36
B004077,Middle,688423,Business Owner,10,A,827,South,30
B004078,Middle,906706,Self-Employed,3,D,568,North,44
B004079,Low,169253,Unemployed,10,B,759,East,60
B004080,Middle,653658,Business Owner,11,B,774,West,57
B004081,Lower-Middle,585271,Business Owner,3,D,604,Central,37
B004082,Lower-Middle,333623,Salaried,29,D,576,Central,28
B004083,Middle,931396,Business Owner,27,B,753,Central,64
B004084,Lower-Middle,502754,Salaried,2,C,665,South,21
B004085,Middle,902033,Salaried,17,C,675,West,29
B004086,High,3034220,Salaried,27,B,797,South,45
B004087,Middle,903263,Salaried,2,G,364,Central,57
B004088,Middle,981861,Salaried,3,D,626,South,25
B004089,Low,261307,Salaried,8,B,787,West,31
B004090,Low,197982,Business Owner,16,C,644,Central,63
B004091,Low,284121,Self-Employed,17,B,765,East,24
B004092,Upper-Middle,1382889,Freelancer,26,B,751,East,29
B004093,Upper-Middle,1127296,Business Owner,27,F,397,East,22
B004094,Lower-Middle,571558,Salaried,18,B,804,South,53
B004095,Lower-Middle,424051,Business Owner,1,F,433,North,35
B004096,Lower-Middle,374625,Self-Employed,5,E,511,East,52
B004097,Middle,855928,Salaried,23,E,555,West,21
B004098,Middle,998191,Unemployed,29,D,601,West,28
B004099,Middle,937450,Freelancer,3,B,797,North,26
B004100,Upper-Middle,1200765,Salaried,25,E,504,West,22
B004101,Lower-Middle,513821,Business Owner,12,E,495,South,21
B004102,Middle,701794,Salaried,4,D,631,West,31
B004103,Middle,804928,Freelancer,21,A,830,East,58
B004104,Lower-Middle,342160,Self-Employed,15,B,720,Central,44
B004105,Upper-Middle,1230954,Salaried,6,A,826,North,54
B004106,Low,298572,Business Owner,19,B,749,South,26
B004107,Middle,782045,Salaried,4,D,603,West,60
B004108,Middle,896786,Salaried,17,E,521,South,62
B004109,High,2764352,Business Owner,23,D,560,South,47
B004110,Middle,600705,Business Owner,10,D,565,West,55
B004111,Lower-Middle,496279,Salaried,4,E,479,East,39
B004112,Upper-Middle,1335311,Business Owner,24,D,581,North,30
B004113,Upper-Middle,1209145,Salaried,3,C,670,South,59
B004114,Middle,678271,Salaried,8,E,499,West,25
B004115,Upper-Middle,1388848,Self-Employed,1,C,646,North,38
B004116,Lower-Middle,569277,Salaried,9,F,373,Central,23
B004117,Middle,736436,Salaried,1,B,738,South,34
B004118,Upper-Middle,1452327,Freelancer,16,D,581,East,57
B004119,Lower-Middle,315401,Business Owner,3,D,550,West,53
B004120,Middle,888927,Self-Employed,1,C,647,South,59
B004121,High,3522226,Self-Employed,24,C,683,East,56
B004122,Upper-Middle,1301963,Freelancer,2,A,887,Central,44
B004123,Upper-Middle,1351549,Freelancer,11,E,500,Central,63
B004124,Lower-Middle,320798,Salaried,28,C,643,South,45
B004125,High,3825202,Salaried,12,C,687,Central,49
B004126,Low,232643,Salaried,13,E,476,North,39
B004127,Middle,655875,Salaried,20,D,615,Central,34
B004128,Middle,897610,Salaried,16,E,501,East,56
B004129,Upper-Middle,1622860,Self-Employed,24,B,739,South,61
B004130,Upper-Middle,1161058,Business Owner,29,C,673,North,59
B004131,Upper-Middle,1362780,Freelancer,17,B,725,West,53
B004132,Middle,777340,Salaried,29,F,404,North,34
B004133,Lower-Middle,411804,Salaried,3,E,483,West,57
B004134,Middle,945916,Salaried,23,E,543,North,60
B004135,Middle,882839,Salaried,15,D,585,East,41
B004136,Low,282546,Salaried,17,B,762,East,31
B004137,Middle,811973,Unemployed,24,C,610,Central,49
B004138,Upper-Middle,1647501,Salaried,7,D,596,East,30
B004139,Middle,694726,Business Owner,17,A,879,South,63
B004140,Upper-Middle,1223653,Salaried,5,D,609,West,58
B004141,Lower-Middle,448089,Self-Employed,24,E,487,Central,49
B004142,Middle,796464,Freelancer,3,C,655,East,43
B004143,Low,156522,Freelancer,5,D,611,West,28
B004144,Lower-Middle,475700,Salaried,11,D,578,Central,23
B004145,Middle,606237,Freelancer,15,A,849,East,21
B004146,Lower-Middle,357901,Salaried,7,C,662,Central,25
B004147,Low,197116,Business Owner,16,D,524,Central,39
B004148,Middle,935107,Salaried,25,E,469,North,33
B004149,Lower-Middle,358784,Self-Employed,3,C,672,East,36
B004150,Lower-Middle,417221,Business Owner,27,B,775,North,28
B004151,Lower-Middle,493912,Business Owner,20,A,849,West,52
B004152,Middle,659853,Business Owner,18,E,503,West,64
B004153,Lower-Middle,322194,Salaried,17,C,627,North,21
B004154,Middle,602808,Freelancer,19,D,556,North,52
B004155,Middle,985058,Salaried,11,B,818,West,60
B004156,Low,155931,Salaried,16,E,508,South,40
B004157,Upper-Middle,1522036,Salaried,1,C,704,North,46
B004158,Low,150634,Salaried,3,A,843,North,56
B004159,Middle,930658,Salaried,16,D,606,Central,49
B004160,Lower-Middle,500903,Self-Employed,25,E,515,East,33
B004161,Middle,991921,Salaried,0,F,454,West,34
B004162,Lower-Middle,580842,Self-Employed,1,G,321,East,22
B004163,Upper-Middle,1772175,Salaried,14,C,644,Central,56
B004164,Lower-Middle,323017,Self-Employed,20,D,561,Central,37
B004165,Middle,834152,Salaried,25,D,588,Central,59
B004166,Lower-Middle,523976,Salaried,4,D,515,West,36
B004167,Low,168551,Self-Employed,27,B,770,North,43
B004168,Lower-Middle,362816,Freelancer,23,D,594,East,27
B004169,Middle,763267,Unemployed,20,G,347,North,24
B004170,Middle,939750,Salaried,19,B,715,East,48
B004171,High,3595444,Freelancer,29,C,642,East,52
B004172,Middle,926529,Self-Employed,7,A,853,East,38
B004173,High,2405202,Freelancer,27,C,669,Central,48
B004174,Lower-Middle,529687,Salaried,23,D,581,South,34
B004175,Upper-Middle,1075708,Salaried,23,C,694,Central,51
B004176,Middle,979368,Salaried,23,C,679,West,47
B004177,Middle,798485,Business Owner,0,E,528,East,58
B004178,High,3377292,Salaried,14,B,790,East,52
B004179,Middle,989484,Salaried,19,E,473,South,59
B004180,Upper-Middle,1331894,Self-Employed,16,E,498,West,64
B004181,Middle,721419,Freelancer,28,D,594,West,36
B004182,Low,197316,Self-Employed,3,C,718,North,59
B004183,Middle,637057,Business Owner,27,F,406,Central,40
B004184,Middle,870647,Salaried,12,C,685,North,21
B004185,High,3991344,Freelancer,13,A,838,North,63
B004186,Upper-Middle,1698416,Salaried,19,B,774,East,27
B004187,Low,295033,Salaried,24,F,373,North,26
B004188,Low,181627,Salaried,2,B,744,West,44
B004189,Low,160418,Salaried,22,C,702,South,51
B004190,Middle,710391,Self-Employed,10,D,602,South,41
B004191,Low,241394,Self-Employed,19,D,614,East,47
B004192,Middle,892879,Salaried,13,D,637,Central,59
B004193,Middle,913001,Salaried,5,C,694,North,46
B004194,Upper-Middle,1037286,Salaried,21,D,586,Central,56
B004195,Lower-Middle,482103,Salaried,21,A,836,West,47
B004196,Middle,706025,Freelancer,11,C,657,East,44
B004197,Low,189389,Self-Employed,3,B,761,Central,43
B004198,Upper-Middle,1626946,Salaried,27,C,669,West,62
B004199,Low,284140,Salaried,9,B,782,Central,36
B004200,Low,239684,Business Owner,24,D,558,East,36
B004201,Lower-Middle,305646,Business Owner,10,B,746,East,55
B004202,Upper-Middle,1262090,Freelancer,15,C,679,South,49
B004203,Low,291005,Salaried,25,A,813,South,27
B004204,Middle,848487,Self-Employed,21,C,707,North,51
B004205,Upper-Middle,1667387,Salaried,19,E,512,South,22
B004206,Upper-Middle,1382200,Business Owner,9,C,675,Central,43
B004207,Lower-Middle,434024,Salaried,3,E,465,South,35
B004208,Low,233095,Self-Employed,14,C,667,East,30
B004209,Lower-Middle,553046,Salaried,11,B,778,South,48
B004210,Lower-Middle,584188,Business Owner,17,C,654,Central,27
B004211,Middle,813756,Salaried,14,C,629,East,36
B004212,Lower-Middle,587224,Business Owner,8,E,502,South,28
B004213,Lower-Middle,535108,Salaried,1,B,768,Central,26
B004214,Low,266433,Business Owner,25,G,300,North,38
B004215,Middle,977862,Salaried,2,D,639,North,48
B004216,Lower-Middle,342120,Self-Employed,16,C,650,North,50
B004217,Middle,619528,Business Owner,16,G,345,North,61
B004218,Low,167920,Salaried,13,B,777,North,34
B004219,High,3046056,Salaried,2,E,499,West,36
B004220,Middle,943599,Salaried,9,C,728,West,58
B004221,Lower-Middle,315563,Salaried,14,D,609,North,28
B004222,Low,226368,Self-Employed,26,A,834,North,47
B004223,Lower-Middle,487937,Salaried,29,E,476,Central,53
B004224,Low,241393,Salaried,9,C,651,Central,40
B004225,Lower-Middle,387246,Salaried,20,D,588,West,58
B004226,Upper-Middle,1193347,Salaried,3,F,383,West,35
B004227,Middle,609046,Salaried,14,A,798,East,25
B004228,Low,173908,Self-Employed,2,G,300,South,25
B004229,Middle,605175,Salaried,12,D,603,South,44
B004230,Lower-Middle,446424,Freelancer,25,E,524,East,45
B004231,High,3258407,Business Owner,2,C,691,North,43
B004232,Low,241637,Salaried,9,E,487,Central,37
B004233,Upper-Middle,1574472,Freelancer,13,F,427,Central,41
B004234,Upper-Middle,1066035,Self-Employed,19,C,719,North,63
B004235,Low,234944,Self-Employed,20,E,504,East,41
B004236,Low,180560,Salaried,29,G,312,South,53
B004237,Lower-Middle,493646,Self-Employed,18,E,534,South,58
B004238,Upper-Middle,1646195,Salaried,7,G,300,South,26
B004239,Middle,855105,Self-Employed,23,E,510,East,31
B004240,Middle,758089,Salaried,18,C,594,Central,45
B004241,Upper-Middle,1309167,Salaried,14,E,481,West,53
B004242,Upper-Middle,1446937,Self-Employed,16,D,525,Central,59
B004243,Middle,956922,Salaried,14,A,870,South,52
B004244,Middle,862574,Salaried,2,B,741,Central,62
B004245,Middle,639264,Business Owner,1,C,687,East,64
B004246,Lower-Middle,535443,Salaried,10,E,476,South,61
B004247,Upper-Middle,1042408,Salaried,20,E,478,North,48
B004248,Low,205994,Salaried,3,E,474,Central,56
B004249,Lower-Middle,413274,Freelancer,13,A,865,North,63
B004250,Upper-Middle,1499162,Self-Employed,7,A,859,East,33
B004251,Lower-Middle,550827,Self-Employed,22,C,648,Central,45
B004252,Low,191440,Business Owner,25,D,579,West,48
B004253,Lower-Middle,490411,Self-Employed,25,E,474,North,37
B004254,Middle,831367,Business Owner,9,F,389,Central,52
B004255,Upper-Middle,1487985,Self-Employed,23,B,749,East,52
B004256,Low,152838,Freelancer,0,E,477,South,57
B004257,Low,226784,Self-Employed,8,D,598,South,30
B004258,Middle,974430,Salaried,26,F,418,Central,59
B004259,High,2342412,Salaried,15,E,451,East,63
B004260,Lower-Middle,535618,Salaried,27,D,575,South,44
B004261,High,3386534,Salaried,20,E,556,South,40
B004262,Upper-Middle,1788755,Unemployed,16,C,703,Central,35
B004263,Lower-Middle,395343,Business Owner,9,E,545,South,53
B004264,Upper-Middle,1681760,Business Owner,10,E,466,East,44
B004265,Middle,710445,Self-Employed,2,E,482,North,48
B004266,Middle,783329,Freelancer,24,B,740,South,61
B004267,Lower-Middle,444641,Business Owner,9,E,492,West,52
B004268,Upper-Middle,1561771,Salaried,2,B,768,West,44
B004269,Upper-Middle,1198138,Salaried,20,E,504,Central,28
B004270,Upper-Middle,1269307,Salaried,18,F,390,North,27
B004271,High,3946412,Salaried,28,A,835,East,52
B004272,Middle,861283,Salaried,4,D,559,North,40
B004273,Upper-Middle,1440142,Salaried,23,D,577,West,21
B004274,Upper-Middle,1044335,Salaried,25,E,506,North,54
B004275,Lower-Middle,599332,Salaried,5,B,780,North,53
B004276,Low,264834,Freelancer,23,F,433,Central,63
B004277,Lower-Middle,593142,Salaried,15,G,320,North,32
B004278,Upper-Middle,1268974,Business Owner,26,D,601,Central,39
B004279,Lower-Middle,337956,Salaried,4,C,635,West,47
B004280,Middle,898391,Unemployed,29,D,606,East,56
B004281,Low,260580,Business Owner,17,A,879,North,30
B004282,Lower-Middle,561109,Freelancer,23,E,535,South,33
B004283,Middle,602881,Self-Employed,12,A,900,South,49
B004284,Low,238067,Self-Employed,8,C,642,South,37
B004285,Upper-Middle,1113953,Salaried,19,B,784,South,63
B004286,Low,221839,Salaried,18,E,482,North,34
B004287,Upper-Middle,1799421,Business Owner,24,D,569,South,22
B004288,Lower-Middle,523603,Salaried,28,D,572,North,50
B004289,High,2381496,Salaried,12,A,839,Central,54
B004290,Middle,849963,Freelancer,5,C,668,Central,61
B004291,Low,222211,Salaried,24,C,661,South,32
B004292,Low,217990,Business Owner,5,D,593,North,57
B004293,Low,159801,Salaried,26,B,779,Central,63
B004294,Middle,857984,Salaried,22,D,611,North,47
B004295,Upper-Middle,1490063,Salaried,25,C,685,West,32
B004296,Lower-Middle,327173,Salaried,18,F,399,North,44
B004297,Lower-Middle,338715,Business Owner,9,C,689,North,50
B004298,Middle,784273,Freelancer,13,B,787,Central,58
B004299,Middle,815321,Salaried,22,B,776,East,42
B004300,Middle,676513,Salaried,2,B,775,South,62
B004301,Middle,932710,Business Owner,1,B,830,North,34
B004302,Middle,883499,Salaried,22,E,477,West,55
B004303,High,2295684,Salaried,21,E,514,East,52
B004304,Lower-Middle,541230,Salaried,10,A,856,North,49
B004305,Low,237852,Business Owner,19,E,450,West,49
B004306,Low,197565,Salaried,27,A,809,East,56
B004307,Middle,931372,Salaried,16,E,444,Central,25
B004308,Lower-Middle,453650,Freelancer,17,B,762,West,42
B004309,High,2761948,Freelancer,25,C,631,East,62
B004310,Middle,606365,Self-Employed,22,E,489,North,39
B004311,Middle,928502,Self-Employed,8,B,765,South,26
B004312,Upper-Middle,1220956,Freelancer,5,B,749,South,63
B004313,Lower-Middle,387129,Self-Employed,0,E,485,Central,54
B004314,Upper-Middle,1668396,Business Owner,20,D,604,South,45
B004315,Low,162942,Salaried,27,F,379,East,62
B004316,Middle,981810,Salaried,29,D,583,Central,46
B004317,High,2528683,Business Owner,8,A,795,North,58
B004318,Upper-Middle,1266808,Self-Employed,6,D,588,West,26
B004319,Upper-Middle,1559296,Salaried,26,E,524,Central,40
B004320,Lower-Middle,408282,Self-Employed,22,A,871,Central,43
B004321,Upper-Middle,1216696,Business Owner,8,B,755,East,44
B004322,Middle,663740,Salaried,12,D,571,South,37
B004323,Middle,732773,Business Owner,5,E,534,North,22
B004324,Low,295876,Salaried,3,C,687,East,33
B004325,Lower-Middle,339337,Self-Employed,8,E,493,Central,56
B004326,Middle,974448,Unemployed,26,B,778,East,63
B004327,Low,236147,Freelancer,17,C,657,West,24
B004328,Upper-Middle,1539796,Freelancer,13,E,488,South,61
B004329,Upper-Middle,1636540,Self-Employed,22,B,743,West,63
B004330,High,1897226,Salaried,10,C,694,East,64
B004331,Low,296156,Self-Employed,6,D,558,South,32
B004332,High,3471330,Salaried,23,C,659,South,36
B004333,Low,270303,Self-Employed,10,F,411,West,29
B004334,Middle,770272,Self-Employed,0,G,300,North,49
B004335,Upper-Middle,1477725,Self-Employed,1,D,561,Central,27
B004336,Low,234205,Salaried,17,E,468,Central,34
B004337,Low,164715,Salaried,0,F,405,Central,45
B004338,Low,179045,Salaried,1,E,495,Central,40
B004339,Middle,907475,Salaried,7,E,540,Central,38
B004340,Upper-Middle,1395378,Salaried,28,A,827,Central,32
B004341,Low,177842,Salaried,8,E,452,East,31
B004342,Low,278611,Freelancer,26,C,700,North,46
B004343,Middle,668205,Salaried,14,A,834,North,28
B004344,Lower-Middle,577001,Business Owner,19,D,583,North,33
B004345,Upper-Middle,1603851,Salaried,9,B,747,West,24
B004346,High,3594230,Freelancer,15,A,865,North,33
B004347,Upper-Middle,1404334,Business Owner,8,D,589,North,33
B004348,Upper-Middle,1401729,Freelancer,23,A,841,Central,39
B004349,Middle,647985,Freelancer,26,F,401,North,32
B004350,Upper-Middle,1747138,Self-Employed,21,G,300,North,22
B004351,Lower-Middle,416853,Salaried,3,E,491,East,36
B004352,Low,235576,Self-Employed,12,C,659,South,60
B004353,Middle,629033,Salaried,5,D,617,North,46
B004354,Low,179758,Freelancer,4,A,843,West,30
B004355,Upper-Middle,1695927,Freelancer,0,D,569,East,62
B004356,Middle,774556,Salaried,25,C,625,East,48
B004357,High,2645180,Self-Employed,18,C,643,South,50
B004358,Lower-Middle,378868,Salaried,20,B,775,West,23
B004359,Middle,983800,Self-Employed,8,G,306,East,32
B004360,Upper-Middle,1540330,Self-Employed,9,B,752,East,37
B004361,Lower-Middle,448126,Salaried,18,C,688,Central,51
B004362,Middle,981974,Freelancer,13,B,793,East,22
B004363,Middle,830087,Salaried,6,D,559,Central,31
B004364,High,3847101,Business Owner,21,F,394,Central,64
B004365,Upper-Middle,1127664,Self-Employed,21,B,708,North,33
B004366,Low,211585,Salaried,19,B,784,South,59
B004367,Middle,818809,Salaried,6,A,900,West,28
B004368,Middle,671485,Salaried,27,D,571,North,58
B004369,Low,245220,Self-Employed,25,D,571,West,38
B004370,Lower-Middle,521127,Freelancer,0,E,488,East,30
B004371,Lower-Middle,371731,Salaried,18,E,496,South,49
B004372,Low,208939,Salaried,18,B,767,East,46
B004373,Middle,971223,Salaried,21,F,407,South,26
B004374,Low,238363,Salaried,11,E,455,East,59
B004375,Middle,878340,Salaried,9,D,579,West,54
B004376,Low,269339,Self-Employed,8,C,686,East,37
B004377,Middle,688124,Salaried,26,E,460,Central,60
B004378,Lower-Middle,515590,Business Owner,26,D,546,East,22
B004379,Upper-Middle,1708960,Salaried,10,C,656,Central,63
B004380,Low,292956,Self-Employed,12,A,854,East,39
B004381,Middle,639555,Salaried,21,D,596,Central,56
B004382,Lower-Middle,362594,Salaried,12,D,600,Central,60
B004383,Lower-Middle,301856,Salaried,17,B,738,Central,57
B004384,Middle,758474,Business Owner,8,F,353,North,25
B004385,Upper-Middle,1240773,Freelancer,18,B,799,North,38
B004386,High,3092617,Salaried,22,C,701,Central,24
B004387,Lower-Middle,373270,Self-Employed,11,C,659,West,31
B004388,Low,255016,Self-Employed,13,D,599,East,47
B004389,Middle,983911,Salaried,26,A,857,West,51
B004390,Middle,640465,Business Owner,11,E,486,North,30
B004391,Lower-Middle,364392,Salaried,6,C,715,East,23
B004392,Upper-Middle,1155438,Freelancer,20,B,744,North,38
B004393,Middle,991584,Self-Employed,15,B,725,West,46
B004394,Middle,832396,Salaried,18,C,674,East,38
B004395,Lower-Middle,393615,Business Owner,24,C,655,West,62
B004396,Lower-Middle,414208,Salaried,29,B,764,West,51
B004397,Lower-Middle,543935,Business Owner,11,D,573,Central,49
B004398,Upper-Middle,1601990,Business Owner,9,D,562,East,22
B004399,Low,212798,Self-Employed,4,G,305,Central,61
B004400,Upper-Middle,1227850,Salaried,28,E,452,East,50
B004401,Upper-Middle,1766000,Salaried,20,A,812,West,64
B004402,Upper-Middle,1669064,Self-Employed,15,C,664,South,42
B004403,Low,150971,Self-Employed,25,A,860,East,50
B004404,Lower-Middle,452795,Self-Employed,0,D,538,West,43
B004405,Middle,617081,Salaried,29,C,681,Central,58
B004406,Middle,819136,Business Owner,21,F,388,Central,52
B004407,High,3875018,Business Owner,9,D,590,South,38
B004408,Lower-Middle,305987,Self-Employed,11,E,496,East,49
B004409,Upper-Middle,1244893,Salaried,24,D,604,North,25
B004410,Low,225380,Salaried,26,C,666,West,50
B004411,Lower-Middle,376796,Salaried,3,B,719,North,41
B004412,Low,168156,Business Owner,12,B,811,North,34
B004413,Upper-Middle,1216737,Business Owner,15,E,492,West,58
B004414,Low,208046,Freelancer,3,F,404,East,58
B004415,Lower-Middle,393401,Salaried,9,C,667,North,23
B004416,Upper-Middle,1795185,Business Owner,20,D,615,West,48
B004417,Middle,984663,Freelancer,8,C,639,West,22
B004418,Low,244999,Salaried,10,C,635,Central,41
B004419,Low,158181,Salaried,4,F,383,Central,62
B004420,Middle,631390,Salaried,18,B,770,East,43
B004421,Lower-Middle,509863,Self-Employed,0,C,652,Central,27
B004422,Lower-Middle,500482,Salaried,8,D,561,East,31
B004423,Middle,671937,Salaried,28,C,642,West,22
B004424,Lower-Middle,565237,Self-Employed,10,A,871,North,55
B004425,Middle,887880,Business Owner,22,C,679,East,60
B004426,Lower-Middle,360649,Freelancer,15,D,600,South,33
B004427,Lower-Middle,571528,Business Owner,5,G,300,Central,33
B004428,Low,260487,Freelancer,15,F,398,West,46
B004429,Lower-Middle,572363,Self-Employed,14,D,599,West,55
B004430,Low,283647,Business Owner,29,E,470,West,62
B004431,Lower-Middle,301030,Salaried,28,D,605,West,63
B004432,Upper-Middle,1430627,Freelancer,16,D,591,North,45
B004433,Upper-Middle,1081124,Freelancer,28,B,792,South,49
B004434,Lower-Middle,402100,Self-Employed,18,C,693,Central,22
B004435,Middle,719289,Salaried,2,C,629,West,23
B004436,Middle,805055,Salaried,25,G,300,Central,63
B004437,Upper-Middle,1677193,Salaried,21,D,522,North,31
B004438,Lower-Middle,343586,Salaried,0,F,351,North,45
B004439,Lower-Middle,440036,Salaried,0,B,735,West,33
B004440,Lower-Middle,556146,Salaried,28,A,883,North,29
B004441,Low,220121,Salaried,9,G,309,North,56
B004442,Lower-Middle,380691,Freelancer,10,C,681,South,42
B004443,Upper-Middle,1448895,Self-Employed,17,D,567,West,25
B004444,High,1836094,Business Owner,24,A,842,Central,37
B004445,Low,218123,Salaried,16,F,417,Central,39
B004446,Middle,810092,Salaried,17,A,846,East,39
B004447,Lower-Middle,366220,Salaried,1,F,394,West,54
B004448,Middle,700506,Freelancer,25,B,773,South,42
B004449,Middle,641443,Salaried,5,B,733,West,47
B004450,Low,284014,Self-Employed,11,E,494,Central,57
B004451,Upper-Middle,1039248,Salaried,17,C,676,West,61
B004452,High,3761948,Salaried,25,B,716,North,31
B004453,Middle,983992,Salaried,15,D,552,South,48
B004454,Middle,830004,Salaried,27,B,743,Central,50
B004455,Middle,956749,Salaried,5,C,658,West,50
B004456,Lower-Middle,456200,Freelancer,8,A,862,Central,52
B004457,Low,155128,Salaried,22,D,557,North,25
B004458,Middle,699187,Salaried,18,B,736,South,64
B004459,Low,295675,Salaried,7,E,506,East,53
B004460,Upper-Middle,1650729,Unemployed,6,E,514,West,34
B004461,Lower-Middle,594910,Self-Employed,10,C,695,North,38
B004462,Lower-Middle,428403,Self-Employed,19,D,552,West,29
B004463,Lower-Middle,368084,Salaried,22,D,557,West,47
B004464,High,2385393,Freelancer,27,D,537,East,62
B004465,Low,273922,Salaried,20,C,605,Central,39
B004466,Low,180291,Business Owner,19,D,549,West,62
B004467,Low,241183,Business Owner,10,B,743,West,53
B004468,Middle,959835,Salaried,22,C,675,East,55
B004469,High,3592235,Salaried,17,A,871,Central,23
B004470,Lower-Middle,426832,Self-Employed,26,F,397,Central,38
B004471,Upper-Middle,1311851,Salaried,2,C,706,South,42
B004472,Lower-Middle,478343,Salaried,20,D,557,West,63
B004473,Middle,775015,Salaried,8,D,614,East,56
B004474,Low,191198,Salaried,7,A,829,Central,46
B004475,Middle,645252,Self-Employed,0,A,862,South,58
B004476,Middle,724623,Salaried,19,C,675,West,30
B004477,Middle,656304,Self-Employed,7,D,609,South,27
B004478,Lower-Middle,318784,Salaried,27,D,617,Central,57
B004479,Upper-Middle,1716620,Salaried,14,B,735,North,55
B004480,High,3251593,Salaried,21,D,522,North,42
B004481,Middle,985784,Freelancer,13,C,665,Central,34
B004482,Middle,898717,Salaried,8,D,590,South,23
B004483,Upper-Middle,1584291,Self-Employed,20,C,670,East,27
B004484,Lower-Middle,443245,Business Owner,26,F,473,East,55
B004485,Upper-Middle,1495427,Self-Employed,18,C,684,West,48
B004486,Lower-Middle,328762,Salaried,27,C,683,South,56
B004487,Upper-Middle,1531339,Salaried,9,E,457,South,23
B004488,Low,246384,Self-Employed,7,E,476,Central,58
B004489,Lower-Middle,446749,Business Owner,4,C,682,Central,45
B004490,Middle,862550,Business Owner,11,B,768,North,28
B004491,Middle,922676,Self-Employed,28,A,852,East,63
B004492,Upper-Middle,1332877,Salaried,3,C,701,East,35
B004493,High,2518935,Business Owner,17,E,473,East,36
B004494,Low,194051,Self-Employed,27,D,591,East,55
B004495,Lower-Middle,562612,Unemployed,16,C,654,North,41
B004496,Lower-Middle,590065,Business Owner,17,A,900,Central,54
B004497,Middle,922053,Salaried,22,D,561,South,46
B004498,Middle,877063,Self-Employed,9,D,632,South,59
B004499,Upper-Middle,1672809,Self-Employed,18,E,484,Central,32
B004500,Upper-Middle,1612356,Salaried,8,D,564,Central,45
B004501,Low,195022,Self-Employed,27,B,759,Central,29
B004502,Middle,705580,Salaried,16,E,462,South,34
B004503,Middle,948567,Salaried,12,D,557,West,64
B004504,Middle,943186,Business Owner,29,D,621,North,39
B004505,Low,192845,Salaried,14,C,681,East,51
B004506,Lower-Middle,381793,Business Owner,13,E,513,South,33
B004507,Lower-Middle,589402,Salaried,7,B,748,South,22
B004508,Lower-Middle,472655,Business Owner,29,B,777,Central,49
B004509,Upper-Middle,1604843,Business Owner,19,B,764,Central,30
B004510,Lower-Middle,312246,Business Owner,22,E,472,North,42
B004511,Middle,803625,Salaried,26,E,570,South,54
B004512,Middle,761177,Freelancer,21,C,635,North,45
B004513,Upper-Middle,1211966,Salaried,28,B,762,Central,23
B004514,Low,197888,Business Owner,4,A,864,South,50
B004515,Low,277942,Salaried,14,D,588,East,38
B004516,Lower-Middle,305820,Salaried,5,D,569,East,31
B004517,Lower-Middle,509346,Self-Employed,9,E,474,North,51
B004518,Lower-Middle,453009,Salaried,22,E,499,South,60
B004519,Upper-Middle,1300692,Salaried,16,E,472,North,30
B004520,Lower-Middle,568325,Salaried,4,C,699,North,23
B004521,Low,263926,Salaried,21,E,496,Central,57
B004522,Lower-Middle,481480,Unemployed,16,C,666,South,31
B004523,Upper-Middle,1334127,Self-Employed,10,E,493,East,34
B004524,Upper-Middle,1731488,Salaried,15,D,593,West,26
B004525,Upper-Middle,1750888,Business Owner,23,F,433,Central,24
B004526,Middle,893433,Self-Employed,21,C,680,East,39
B004527,Middle,769784,Business Owner,5,D,585,Central,47
B004528,Middle,993281,Self-Employed,16,D,603,East,62
B004529,Lower-Middle,313410,Salaried,11,G,300,North,41
B004530,Middle,939782,Salaried,6,A,837,Central,57
B004531,Upper-Middle,1237392,Business Owner,28,D,576,South,61
B004532,Lower-Middle,446245,Business Owner,23,B,738,West,42
B004533,Middle,634328,Business Owner,26,F,418,Central,45
B004534,Middle,786591,Salaried,23,E,491,Central,38
B004535,Middle,691790,Business Owner,23,D,552,West,54
B004536,Low,197365,Salaried,1,D,549,South,22
B004537,Middle,826458,Self-Employed,29,D,580,West,62
B004538,Upper-Middle,1777714,Salaried,16,D,597,East,42
B004539,Low,183793,Business Owner,9,C,672,West,26
B004540,Lower-Middle,402854,Unemployed,2,E,555,South,32
B004541,Low,185968,Salaried,0,D,575,West,45
B004542,Low,225755,Business Owner,3,B,745,East,21
B004543,High,2388670,Self-Employed,9,D,613,Central,55
B004544,Middle,676888,Salaried,1,A,858,North,58
B004545,Lower-Middle,495627,Salaried,7,E,524,West,46
B004546,Lower-Middle,352719,Business Owner,22,C,706,East,52
B004547,High,3039057,Salaried,10,D,571,East,24
B004548,Lower-Middle,316231,Salaried,17,B,745,East,62
B004549,Middle,887260,Freelancer,21,E,508,North,39
B004550,Lower-Middle,300145,Self-Employed,15,E,470,East,41
B004551,Low,251858,Business Owner,14,E,478,East,33
B004552,Middle,657964,Self-Employed,6,C,622,South,42
B004553,Low,255423,Salaried,6,D,576,Central,22
B004554,Middle,632469,Business Owner,0,D,617,South,45
B004555,Lower-Middle,395719,Salaried,0,B,761,East,33
B004556,Upper-Middle,1568359,Salaried,6,A,809,South,59
B004557,Upper-Middle,1495365,Self-Employed,2,C,722,East,29
B004558,Middle,715896,Freelancer,9,E,474,East,30
B004559,Low,218620,Salaried,0,C,671,West,49
B004560,Middle,733305,Unemployed,25,E,498,South,24
B004561,High,1826633,Business Owner,20,D,602,South,49
B004562,Lower-Middle,468467,Salaried,4,C,682,West,50
B004563,Lower-Middle,596937,Salaried,5,A,847,West,44
B004564,Upper-Middle,1410722,Salaried,6,C,670,East,43
B004565,Low,205839,Self-Employed,5,C,653,East,55
B004566,Middle,797956,Salaried,4,B,734,North,47
B004567,Upper-Middle,1572205,Salaried,6,E,482,East,56
B004568,Low,164830,Salaried,23,G,349,South,60
B004569,Middle,778817,Freelancer,16,B,733,North,33
B004570,Middle,669373,Salaried,4,B,727,West,60
B004571,Lower-Middle,494220,Salaried,5,D,584,East,46
B004572,Upper-Middle,1761594,Salaried,3,G,336,East,37
B004573,Low,184937,Salaried,25,F,383,West,57
B004574,Lower-Middle,417219,Salaried,15,F,376,South,51
B004575,Upper-Middle,1216816,Business Owner,13,C,679,South,52
B004576,Lower-Middle,416051,Self-Employed,15,G,314,North,42
B004577,Upper-Middle,1367357,Salaried,14,C,708,North,23
B004578,Low,266808,Business Owner,13,A,880,Central,45
B004579,Middle,824755,Salaried,12,E,458,South,54
B004580,Low,225169,Business Owner,25,D,554,East,56
B004581,Middle,612132,Salaried,24,E,420,Central,24
B004582,Upper-Middle,1033791,Freelancer,16,D,585,South,33
B004583,Upper-Middle,1688683,Freelancer,24,E,471,North,52
B004584,High,3623560,Business Owner,0,C,720,West,25
B004585,Middle,655641,Salaried,21,C,657,South,59
B004586,Upper-Middle,1703783,Self-Employed,9,E,482,South,51
B004587,Middle,991653,Business Owner,3,D,562,West,55
B004588,High,3374040,Self-Employed,23,B,762,South,34
B004589,Middle,785644,Salaried,24,C,704,North,47
B004590,Upper-Middle,1177038,Salaried,4,E,437,Central,34
B004591,Lower-Middle,566478,Salaried,17,F,428,Central,26
B004592,Middle,741739,Salaried,25,E,441,Central,26
B004593,Middle,696173,Salaried,19,E,483,North,28
B004594,Lower-Middle,472781,Self-Employed,15,E,463,East,62
B004595,Lower-Middle,571813,Salaried,7,B,734,Central,25
B004596,High,3715226,Salaried,9,D,545,West,57
B004597,Lower-Middle,542878,Salaried,25,D,590,South,44
B004598,Lower-Middle,392807,Freelancer,6,F,389,South,53
B004599,Lower-Middle,529273,Self-Employed,3,A,863,South,50
B004600,Lower-Middle,569431,Self-Employed,9,G,326,West,44
B004601,Middle,935195,Business Owner,10,E,483,West,61
B004602,High,3145942,Self-Employed,1,A,866,West,22
B004603,High,3045156,Salaried,15,D,582,South,43
B004604,Middle,937515,Self-Employed,16,A,838,West,63
B004605,Middle,809404,Salaried,27,D,603,East,47
B004606,Lower-Middle,373768,Self-Employed,7,C,707,North,29
B004607,Upper-Middle,1361181,Salaried,8,E,521,West,31
B004608,Lower-Middle,554763,Freelancer,26,D,537,North,52
B004609,Low,152822,Salaried,13,E,492,North,48
B004610,High,2711739,Salaried,4,C,703,West,45
B004611,Upper-Middle,1686478,Self-Employed,17,E,459,North,22
B004612,Lower-Middle,462864,Salaried,13,F,398,East,33
B004613,Middle,757534,Salaried,16,D,561,South,40
B004614,Middle,885216,Freelancer,21,C,677,Central,41
B004615,Lower-Middle,484235,Business Owner,27,G,383,South,47
B004616,Lower-Middle,468857,Self-Employed,22,E,490,North,46
B004617,Low,184709,Salaried,23,E,486,North,41
B004618,Middle,968403,Salaried,6,A,900,Central,51
B004619,Lower-Middle,325279,Salaried,26,E,495,Central,50
B004620,Middle,876694,Self-Employed,28,B,744,North,53
B004621,Lower-Middle,500811,Self-Employed,3,D,539,South,34
B004622,High,2086315,Salaried,28,E,517,North,22
B004623,Middle,639964,Salaried,11,C,640,Central,64
B004624,Upper-Middle,1273725,Salaried,12,B,755,Central,59
B004625,Low,162140,Salaried,18,D,591,West,32
B004626,Middle,981424,Salaried,13,C,686,East,52
B004627,Upper-Middle,1687450,Salaried,14,D,539,South,35
B004628,Lower-Middle,584473,Salaried,10,B,733,South,55
B004629,Lower-Middle,597473,Salaried,10,C,675,West,28
B004630,Lower-Middle,366039,Salaried,11,D,540,East,36
B004631,Lower-Middle,531063,Self-Employed,17,G,327,East,45
B004632,Lower-Middle,436947,Business Owner,23,D,547,South,51
B004633,Lower-Middle,312953,Salaried,4,C,663,West,33
B004634,Lower-Middle,454410,Salaried,15,G,300,Central,47
B004635,Middle,632873,Self-Employed,14,F,420,North,39
B004636,Low,297962,Salaried,26,D,567,West,35
B004637,Lower-Middle,549713,Salaried,3,D,598,East,57
B004638,Middle,930503,Salaried,12,C,699,West,28
B004639,Low,161687,Salaried,8,D,579,West,53
B004640,Lower-Middle,302312,Business Owner,20,E,496,South,46
B004641,Lower-Middle,380278,Business Owner,3,G,300,South,50
B004642,Low,274721,Salaried,22,B,732,North,54
B004643,Middle,831970,Salaried,29,C,638,Central,56
B004644,Low,247856,Freelancer,10,F,402,West,36
B004645,Lower-Middle,338601,Salaried,9,F,386,West,38
B004646,High,2813627,Unemployed,27,E,500,North,59
B004647,High,2823018,Business Owner,7,B,753,Central,44
B004648,Lower-Middle,593831,Salaried,15,E,477,North,59
B004649,Lower-Middle,532258,Salaried,3,C,665,South,64
B004650,Middle,653653,Salaried,15,C,617,East,54
B004651,Upper-Middle,1367237,Business Owner,24,B,783,North,57
B004652,Upper-Middle,1617147,Salaried,1,C,661,West,26
B004653,Low,267712,Self-Employed,22,D,570,Central,53
B004654,Low,218245,Self-Employed,25,B,800,East,43
B004655,Lower-Middle,547117,Business Owner,3,D,572,North,44
B004656,Upper-Middle,1380334,Business Owner,18,A,865,East,64
B004657,Upper-Middle,1026748,Salaried,17,C,621,West,32
B004658,Low,271798,Salaried,6,G,300,Central,32
B004659,Middle,997710,Self-Employed,1,E,519,South,29
B004660,Low,191700,Business Owner,9,A,872,South,22
B004661,Middle,866399,Self-Employed,17,D,597,North,28
B004662,High,2692072,Self-Employed,11,B,740,North,43
B004663,Middle,762432,Business Owner,1,C,676,West,37
B004664,Low,287611,Salaried,25,C,660,South,32
B004665,Middle,983995,Salaried,22,F,409,South,64
B004666,Lower-Middle,332635,Freelancer,24,A,872,East,53
B004667,Upper-Middle,1581641,Self-Employed,26,F,405,North,29
B004668,Lower-Middle,353998,Business Owner,16,E,516,West,62
B004669,Upper-Middle,1424808,Salaried,13,C,698,East,49
B004670,Lower-Middle,540257,Self-Employed,23,F,370,East,39
B004671,Low,183517,Salaried,27,C,622,South,37
B004672,Lower-Middle,397538,Salaried,17,D,606,East,56
B004673,Low,291664,Salaried,5,E,492,West,39
B004674,Lower-Middle,425310,Business Owner,4,C,705,East,52
B004675,Middle,630682,Salaried,23,A,859,West,41
B004676,Low,212471,Salaried,6,F,440,East,50
B004677,Low,217733,Salaried,14,B,779,North,54
B004678,Low,266807,Salaried,9,F,410,North,22
B004679,Low,202256,Self-Employed,24,C,660,West,26
B004680,Upper-Middle,1101345,Self-Employed,6,C,657,North,52
B004681,High,3511892,Self-Employed,14,C,625,East,33
B004682,Low,206299,Salaried,26,C,686,South,55
B004683,Upper-Middle,1024961,Salaried,14,G,300,West,37
B004684,Upper-Middle,1665880,Salaried,5,B,753,South,24
B004685,High,3926382,Self-Employed,9,D,579,West,40
B004686,Lower-Middle,588827,Freelancer,2,C,656,North,60
B004687,Lower-Middle,486175,Salaried,24,B,764,West,64
B004688,Middle,705507,Freelancer,25,C,609,North,41
B004689,Upper-Middle,1693728,Salaried,29,D,581,East,49
B004690,Middle,671169,Business Owner,4,D,596,West,54
B004691,Middle,899724,Self-Employed,7,C,625,North,39
B004692,Lower-Middle,561681,Self-Employed,0,G,300,East,51
B004693,Middle,971017,Self-Employed,14,C,705,West,59
B004694,Upper-Middle,1455402,Salaried,20,E,487,South,56
B004695,Lower-Middle,587133,Business Owner,8,A,832,North,45
B004696,Middle,614357,Salaried,4,D,599,South,21
B004697,Lower-Middle,311427,Self-Employed,3,C,641,South,52
B004698,Middle,904625,Salaried,11,D,553,North,49
B004699,Middle,999110,Salaried,23,E,466,Central,41
B004700,Upper-Middle,1118190,Freelancer,9,E,525,West,34
B004701,High,2623847,Salaried,19,C,644,East,41
B004702,Lower-Middle,595821,Salaried,28,E,488,East,37
B004703,Lower-Middle,561535,Salaried,2,C,699,West,27
B004704,Lower-Middle,423264,Self-Employed,2,A,824,West,26
B004705,Low,283591,Business Owner,22,D,535,West,35
B004706,Lower-Middle,435320,Freelancer,1,F,454,South,46
B004707,Low,200896,Self-Employed,14,A,853,North,21
B004708,Lower-Middle,476275,Salaried,23,D,563,North,52
B004709,Low,191787,Salaried,23,E,486,West,22
B004710,Lower-Middle,497088,Salaried,9,D,599,Central,31
B004711,Upper-Middle,1232556,Self-Employed,3,D,540,North,61
B004712,Lower-Middle,452280,Unemployed,16,B,748,North,27
B004713,Middle,909183,Salaried,11,B,780,South,31
B004714,Upper-Middle,1690056,Salaried,0,C,708,South,62
B004715,Middle,616081,Self-Employed,26,D,617,North,24
B004716,Lower-Middle,517677,Self-Employed,29,C,673,East,31
B004717,Lower-Middle,566543,Self-Employed,0,D,619,Central,45
B004718,Middle,894596,Salaried,19,D,536,West,35
B004719,Middle,692154,Salaried,7,B,764,South,46
B004720,Low,262003,Salaried,19,E,423,East,59
B004721,Lower-Middle,541405,Salaried,3,D,616,Central,41
B004722,Middle,671864,Self-Employed,22,D,591,West,39
B004723,Lower-Middle,573512,Salaried,3,C,715,North,34
B004724,Middle,708972,Salaried,10,C,655,East,35
B004725,Low,291969,Freelancer,9,D,546,North,46
B004726,Lower-Middle,449865,Self-Employed,12,E,510,Central,24
B004727,Upper-Middle,1103510,Salaried,14,E,486,West,27
B004728,Lower-Middle,512232,Freelancer,13,E,518,South,55
B004729,Middle,826905,Salaried,5,B,780,West,40
B004730,Lower-Middle,528846,Business Owner,23,E,482,East,53
B004731,Lower-Middle,389631,Salaried,28,C,669,West,58
B004732,High,1925451,Freelancer,2,B,754,North,32
B004733,Lower-Middle,351692,Salaried,17,B,761,East,37
B004734,Lower-Middle,443203,Salaried,8,E,477,East,47
B004735,Upper-Middle,1036607,Freelancer,28,D,595,North,51
B004736,Upper-Middle,1527320,Self-Employed,23,E,446,East,23
B004737,Middle,801913,Salaried,19,D,531,West,45
B004738,Low,181449,Salaried,2,F,389,West,31
B004739,Low,269833,Salaried,23,D,564,North,40
B004740,Middle,861588,Salaried,28,D,567,West,56
B004741,Lower-Middle,464778,Self-Employed,28,A,881,West,27
B004742,Lower-Middle,516882,Salaried,16,D,583,East,62
B004743,Upper-Middle,1474279,Freelancer,18,D,599,Central,35
B004744,Lower-Middle,302862,Business Owner,3,B,773,West,54
B004745,Low,232063,Freelancer,1,B,798,Central,29
B004746,Low,187736,Salaried,5,C,654,West,52
B004747,Lower-Middle,530666,Salaried,10,A,864,Central,57
B004748,Middle,866298,Self-Employed,6,D,575,Central,50
B004749,Upper-Middle,1474841,Salaried,14,D,552,South,62
B004750,Low,230145,Salaried,5,F,369,North,24
B004751,Lower-Middle,377195,Business Owner,24,D,574,West,61
B004752,Middle,861850,Self-Employed,15,E,516,East,45
B004753,Lower-Middle,538266,Salaried,3,D,565,Central,31
B004754,Middle,757028,Salaried,24,D,567,Central,50
B004755,High,2572190,Salaried,1,C,653,North,42
B004756,Middle,975253,Self-Employed,4,C,640,South,54
B004757,Lower-Middle,540396,Salaried,20,B,748,East,53
B004758,High,1939357,Freelancer,1,D,608,West,52
B004759,Low,191518,Self-Employed,7,C,677,South,58
B004760,High,3675048,Salaried,1,D,566,South,35
B004761,Middle,901702,Business Owner,1,F,390,East,31
B004762,Middle,677613,Freelancer,3,D,588,Central,46
B004763,High,2876106,Business Owner,4,C,655,Central,31
B004764,Middle,674895,Salaried,6,D,602,West,56
B004765,Lower-Middle,477000,Salaried,26,D,611,North,61
B004766,Lower-Middle,326494,Self-Employed,12,E,461,Central,42
B004767,Middle,705430,Business Owner,0,E,482,East,55
B004768,Middle,633458,Unemployed,22,C,680,West,39
B004769,Lower-Middle,577280,Salaried,2,F,433,West,59
B004770,Middle,671977,Self-Employed,0,B,695,East,24
B004771,Middle,808693,Salaried,19,C,654,East,64
B004772,Lower-Middle,353963,Salaried,8,A,786,East,45
B004773,Low,169195,Salaried,27,C,689,North,63
B004774,Lower-Middle,301135,Salaried,0,C,670,West,52
B004775,Low,162312,Salaried,8,B,786,South,53
B004776,Low,229410,Salaried,29,A,844,West,36
B004777,Lower-Middle,457851,Self-Employed,22,A,844,North,50
B004778,Low,188208,Self-Employed,20,F,409,North,54
B004779,Lower-Middle,579975,Salaried,2,E,492,South,53
B004780,Middle,776043,Self-Employed,5,D,567,South,64
B004781,Lower-Middle,542097,Salaried,17,E,512,North,23
B004782,High,2921158,Salaried,3,D,608,West,30
B004783,High,2336152,Unemployed,21,A,858,North,39
B004784,Middle,663669,Salaried,8,F,435,North,48
B004785,High,2185442,Salaried,14,C,707,West,46
B004786,Upper-Middle,1539950,Self-Employed,22,C,655,West,35
B004787,Lower-Middle,524643,Salaried,1,F,400,West,26
B004788,Upper-Middle,1133722,Salaried,29,B,769,Central,31
B004789,Low,298212,Business Owner,26,C,630,West,55
B004790,Middle,965715,Self-Employed,7,E,492,South,45
B004791,Middle,697153,Salaried,8,D,577,West,21
B004792,Low,197093,Freelancer,24,C,651,South,37
B004793,Lower-Middle,591494,Salaried,20,G,316,Central,38
B004794,High,3994720,Salaried,24,F,376,Central,48
B004795,Lower-Middle,423291,Salaried,16,F,361,East,56
B004796,Lower-Middle,551347,Salaried,20,B,700,East,50
B004797,Lower-Middle,576228,Unemployed,29,E,447,West,64
B004798,Middle,952043,Business Owner,15,D,549,Central,39
B004799,Upper-Middle,1535761,Salaried,12,D,580,Central,57
B004800,Upper-Middle,1334666,Salaried,27,A,858,North,21
B004801,Lower-Middle,451394,Salaried,25,D,565,West,34
B004802,Lower-Middle,514004,Self-Employed,19,B,775,South,61
B004803,Low,188843,Salaried,11,F,407,North,23
B004804,Middle,883924,Freelancer,15,D,557,North,63
B004805,Upper-Middle,1420662,Salaried,20,D,556,North,43
B004806,Middle,832674,Salaried,18,B,790,East,33
B004807,Lower-Middle,550783,Freelancer,13,C,656,Central,22
B004808,Middle,977216,Freelancer,23,D,623,Central,58
B004809,Lower-Middle,391649,Salaried,18,E,458,West,28
B004810,Middle,905067,Salaried,3,D,573,West,61
B004811,Middle,839749,Freelancer,4,B,721,West,64
B004812,Middle,716274,Self-Employed,24,C,620,North,30
B004813,Middle,858814,Self-Employed,16,C,652,Central,51
B004814,High,3240690,Self-Employed,25,D,597,North,42
B004815,Lower-Middle,546056,Freelancer,13,C,653,West,46
B004816,Low,210853,Salaried,10,A,864,West,24
B004817,Lower-Middle,543400,Salaried,8,B,737,South,40
B004818,Middle,697766,Salaried,1,D,613,North,40
B004819,Middle,784497,Business Owner,19,D,558,Central,45
B004820,Middle,847679,Salaried,23,A,886,South,34
B004821,Middle,839365,Salaried,22,D,580,East,40
B004822,Lower-Middle,314634,Self-Employed,26,D,553,West,28
B004823,Middle,741094,Salaried,24,B,738,East,35
B004824,Middle,727466,Freelancer,17,A,859,South,45
B004825,Lower-Middle,590437,Salaried,3,C,641,East,48
B004826,Lower-Middle,590608,Self-Employed,22,E,496,East,26
B004827,Low,204394,Self-Employed,17,B,741,East,47
B004828,Lower-Middle,535852,Salaried,22,F,372,South,36
B004829,Upper-Middle,1441770,Salaried,17,D,558,North,31
B004830,Upper-Middle,1316605,Salaried,8,E,450,South,58
B004831,Middle,912792,Business Owner,6,G,312,South,55
B004832,Lower-Middle,585632,Business Owner,3,C,674,South,50
B004833,Middle,743847,Salaried,11,D,560,North,39
B004834,Upper-Middle,1134872,Salaried,26,C,649,East,56
B004835,Lower-Middle,585017,Freelancer,5,A,811,Central,39
B004836,Upper-Middle,1566534,Salaried,7,E,472,North,31
B004837,Low,182333,Freelancer,5,A,860,West,42
B004838,Low,151279,Salaried,13,F,381,Central,45
B004839,Low,249472,Salaried,4,E,494,Central,48
B004840,Low,243431,Self-Employed,26,D,593,South,33
B004841,Upper-Middle,1179051,Salaried,26,D,548,North,45
B004842,Lower-Middle,492728,Freelancer,9,E,543,West,40
B004843,Lower-Middle,346327,Self-Employed,2,A,871,South,31
B004844,Lower-Middle,421201,Self-Employed,12,E,479,South,47
B004845,Lower-Middle,393416,Self-Employed,0,B,714,West,34
B004846,Lower-Middle,559190,Self-Employed,0,A,823,South,37
B004847,Low,193811,Business Owner,14,C,717,East,63
B004848,Middle,712671,Self-Employed,2,C,680,East,44
B004849,Low,263131,Business Owner,14,B,745,Central,45
B004850,Upper-Middle,1013856,Self-Employed,19,E,477,West,46
B004851,Lower-Middle,515672,Salaried,10,D,613,South,26
B004852,Upper-Middle,1037643,Salaried,28,F,409,North,26
B004853,Upper-Middle,1044751,Salaried,20,E,479,South,39
B004854,Low,223589,Salaried,3,E,447,North,21
B004855,Low,293667,Salaried,29,F,394,West,34
B004856,High,2157833,Salaried,27,E,503,West,24
B004857,Middle,721640,Salaried,7,B,771,North,48
B004858,Middle,872417,Business Owner,3,B,733,South,59
B004859,Low,283904,Business Owner,13,C,668,North,22
B004860,Lower-Middle,448551,Salaried,26,C,683,Central,64
B004861,Middle,798937,Freelancer,19,F,434,West,42
B004862,Upper-Middle,1249077,Freelancer,26,D,570,North,27
B004863,Lower-Middle,413213,Freelancer,25,F,444,West,34
B004864,Upper-Middle,1112838,Salaried,0,C,681,Central,36
B004865,Middle,648562,Salaried,20,F,384,North,36
B004866,Low,260280,Salaried,10,A,824,West,35
B004867,Lower-Middle,445354,Self-Employed,29,C,614,East,63
B004868,Lower-Middle,533213,Self-Employed,6,F,374,North,47
B004869,Lower-Middle,494544,Self-Employed,19,C,706,Central,28
B004870,Middle,601380,Business Owner,29,E,478,North,34
B004871,Lower-Middle,451128,Freelancer,22,C,628,East,36
B004872,Lower-Middle,464862,Self-Employed,8,E,468,Central,63
B004873,Middle,654802,Freelancer,28,D,580,South,59
B004874,Middle,982466,Business Owner,16,E,480,South,29
B004875,Middle,919269,Salaried,24,D,588,West,51
B004876,Middle,959934,Business Owner,12,D,571,South,42
B004877,Lower-Middle,479191,Salaried,19,D,564,East,30
B004878,Middle,933026,Salaried,15,D,577,North,30
B004879,Lower-Middle,354102,Unemployed,18,D,551,North,49
B004880,Lower-Middle,556295,Salaried,20,B,763,South,38
B004881,Low,288060,Salaried,25,E,464,North,21
B004882,Middle,607614,Freelancer,10,C,664,East,29
B004883,Middle,856358,Salaried,18,A,857,East,21
B004884,Lower-Middle,328480,Salaried,26,D,570,East,24
B004885,Upper-Middle,1517537,Salaried,24,D,578,Central,28
B004886,Upper-Middle,1716766,Self-Employed,6,E,506,Central,60
B004887,Low,177058,Salaried,8,G,300,East,35
B004888,Middle,797557,Salaried,25,C,711,North,46
B004889,Lower-Middle,328750,Business Owner,28,G,300,South,61
B004890,High,3231033,Salaried,16,D,609,West,50
B004891,Lower-Middle,335542,Self-Employed,12,C,679,Central,62
B004892,Lower-Middle,591545,Salaried,27,D,590,Central,38
B004893,Lower-Middle,396181,Salaried,2,B,784,Central,22
B004894,Lower-Middle,355432,Self-Employed,25,G,309,North,27
B004895,Middle,981149,Salaried,28,C,674,Central,62
B004896,Middle,857686,Salaried,22,A,851,West,63
B004897,Lower-Middle,446222,Salaried,11,D,600,North,47
B004898,Middle,901444,Salaried,10,B,785,South,35
B004899,Upper-Middle,1692605,Salaried,10,A,849,Central,27
B004900,Upper-Middle,1647289,Salaried,6,A,840,East,53
B004901,Middle,742281,Salaried,8,F,373,West,37
B004902,Lower-Middle,418850,Salaried,27,A,854,North,60
B004903,Low,229005,Salaried,17,D,567,West,51
B004904,Upper-Middle,1469020,Business Owner,4,D,535,South,45
B004905,Middle,720436,Salaried,6,F,396,West,57
B004906,Middle,654462,Self-Employed,0,F,401,North,39
B004907,Upper-Middle,1351081,Self-Employed,24,F,419,Central,48
B004908,Low,272281,Salaried,25,C,669,South,32
B004909,Middle,710529,Salaried,19,C,643,East,64
B004910,Lower-Middle,412421,Salaried,24,E,515,North,23
B004911,Low,191101,Self-Employed,9,B,707,North,31
B004912,Middle,843905,Salaried,27,B,721,Central,24
B004913,Lower-Middle,585547,Salaried,27,F,392,West,62
B004914,High,2196364,Freelancer,22,A,841,Central,50
B004915,Lower-Middle,533855,Business Owner,4,C,663,Central,32
B004916,Upper-Middle,1531699,Salaried,25,B,738,West,61
B004917,Upper-Middle,1789889,Freelancer,11,A,872,West,53
B004918,Middle,639835,Salaried,3,G,303,South,54
B004919,High,3798757,Salaried,27,B,724,West,44
B004920,Lower-Middle,542254,Salaried,18,C,677,Central,34
B004921,Lower-Middle,571704,Freelancer,15,B,738,South,61
B004922,Low,262640,Salaried,27,D,554,Central,25
B004923,Lower-Middle,384382,Business Owner,4,E,486,East,31
B004924,Upper-Middle,1333664,Self-Employed,27,D,618,West,29
B004925,Middle,643470,Salaried,10,D,524,South,54
B004926,Lower-Middle,300627,Salaried,26,D,537,West,58
B004927,Lower-Middle,584111,Salaried,0,B,735,East,58
B004928,Middle,930802,Self-Employed,21,C,709,South,32
B004929,Middle,632564,Salaried,10,F,369,North,44
B004930,Lower-Middle,436412,Self-Employed,10,E,513,Central,44
B004931,Upper-Middle,1230855,Salaried,28,A,869,West,63
B004932,Middle,718929,Business Owner,5,E,515,East,64
B004933,Upper-Middle,1715734,Self-Employed,4,E,464,East,34
B004934,Lower-Middle,597668,Self-Employed,2,E,489,West,64
B004935,Middle,768826,Salaried,21,E,505,North,60
B004936,Low,272177,Salaried,2,G,317,North,30
B004937,Lower-Middle,349740,Salaried,29,A,900,Central,53
B004938,Middle,907888,Salaried,4,C,715,North,63
B004939,Middle,620322,Self-Employed,17,G,337,North,32
B004940,Lower-Middle,402628,Salaried,16,D,595,Central,34
B004941,Upper-Middle,1454951,Salaried,11,D,597,West,59
B004942,Low,159441,Salaried,0,C,695,West,57
B004943,Middle,647181,Salaried,21,B,802,Central,56
B004944,High,2501753,Self-Employed,5,G,300,West,31
B004945,Middle,789990,Self-Employed,7,C,698,North,32
B004946,Upper-Middle,1171667,Salaried,10,D,585,North,22
B004947,Middle,727053,Salaried,17,B,785,Central,52
B004948,Upper-Middle,1135403,Self-Employed,19,G,311,East,56
B004949,Middle,640519,Self-Employed,27,B,748,South,56
B004950,Middle,767965,Business Owner,25,F,388,South,41
B004951,Lower-Middle,366300,Business Owner,17,C,672,West,24
B004952,Upper-Middle,1521487,Business Owner,12,F,412,Central,64
B004953,Lower-Middle,368247,Business Owner,27,C,659,West,59
B004954,High,2218555,Freelancer,10,F,363,East,36
B004955,Lower-Middle,410328,Self-Employed,15,D,596,East,53
B004956,Lower-Middle,331063,Self-Employed,15,B,756,South,37
B004957,Upper-Middle,1033112,Business Owner,8,C,617,South,58
B004958,Lower-Middle,529524,Salaried,17,E,449,North,45
B004959,Lower-Middle,351815,Salaried,20,D,586,East,64
B004960,Middle,844648,Freelancer,10,C,686,South,55
B004961,Low,195704,Self-Employed,0,B,787,South,49
B004962,Low,198952,Salaried,19,E,476,South,21
B004963,Middle,663229,Salaried,5,D,563,West,40
B004964,Lower-Middle,368952,Salaried,11,D,593,West,48
B004965,Lower-Middle,471653,Salaried,27,C,648,Central,43
B004966,Low,238154,Self-Employed,5,C,649,Central,31
B004967,Lower-Middle,386023,Salaried,2,C,674,Central,47
B004968,Lower-Middle,363084,Salaried,25,A,856,South,30
B004969,Low,201504,Salaried,25,F,413,Central,63
B004970,Middle,635148,Salaried,6,C,672,East,24
B004971,Middle,811742,Salaried,5,D,554,Central,32
B004972,Low,273494,Salaried,23,C,660,Central,21
B004973,Lower-Middle,488939,Self-Employed,17,C,671,West,30
B004974,Upper-Middle,1017506,Salaried,17,D,611,South,34
B004975,Middle,709117,Freelancer,24,D,597,South,62
B004976,Lower-Middle,441436,Self-Employed,22,E,494,West,49
B004977,Middle,964066,Salaried,10,A,866,Central,27
B004978,Lower-Middle,351118,Salaried,0,F,432,North,39
B004979,Upper-Middle,1059306,Salaried,8,G,300,South,27
B004980,High,2965025,Salaried,6,G,310,East,26
B004981,High,3030733,Freelancer,19,B,719,Central,46
B004982,Lower-Middle,594613,Self-Employed,13,D,580,South,42
B004983,Lower-Middle,462328,Business Owner,1,F,388,East,28
B004984,Low,152530,Self-Employed,26,E,523,South,57
B004985,Lower-Middle,500776,Freelancer,2,A,879,West,63
B004986,Lower-Middle,361670,Freelancer,3,F,451,South,57
B004987,Middle,925588,Salaried,27,E,483,North,59
B004988,Lower-Middle,432424,Salaried,16,E,496,East,46
B004989,High,3698417,Salaried,24,C,669,North,31
B004990,Low,176333,Salaried,25,D,613,South,45
B004991,Low,239497,Self-Employed,4,E,489,Central,29
B004992,Upper-Middle,1561757,Salaried,0,C,646,Central,37
B004993,Middle,617304,Business Owner,12,E,447,West,38
B004994,Lower-Middle,442301,Salaried,1,C,702,East,42
B004995,Middle,871991,Business Owner,8,B,768,Central,56
B004996,Lower-Middle,486933,Salaried,11,E,495,North,54
B004997,Low,165953,Salaried,13,C,709,East,50
B004998,Middle,613333,Business Owner,2,A,854,East,40
B004999,Lower-Middle,365147,Salaried,6,E,453,North,22
B005000,Middle,696032,Business Owner,2,E,459,North,57
B005001,Lower-Middle,479425,Freelancer,19,E,505,East,29
B005002,Middle,609527,Salaried,6,C,688,North,48
B005003,Upper-Middle,1218030,Salaried,17,D,636,Central,27
B005004,Low,184970,Salaried,14,A,852,North,38
B005005,Low,275421,Salaried,21,A,898,North,28
B005006,Lower-Middle,406482,Freelancer,9,B,733,West,61
B005007,Upper-Middle,1576642,Business Owner,0,D,563,East,38
B005008,Middle,930041,Salaried,29,D,554,East,60
B005009,Middle,883184,Self-Employed,28,B,767,South,40
B005010,Lower-Middle,333736,Freelancer,13,F,432,North,38
B005011,Lower-Middle,521686,Salaried,1,G,307,West,37
B005012,Middle,939610,Salaried,17,B,738,East,53
B005013,Lower-Middle,412507,Business Owner,17,E,507,South,55
B005014,Middle,955084,Business Owner,11,D,578,South,61
B005015,Lower-Middle,506838,Salaried,7,D,598,North,23
B005016,Lower-Middle,513108,Salaried,3,D,579,West,46
B005017,Middle,818574,Salaried,14,E,489,North,31
B005018,Middle,753378,Self-Employed,12,B,812,Central,62
B005019,Middle,728420,Self-Employed,16,D,555,East,32
B005020,Lower-Middle,539559,Salaried,13,C,682,North,24
B005021,High,3646763,Business Owner,29,A,870,Central,36
B005022,Upper-Middle,1265507,Salaried,28,D,608,South,62
B005023,Upper-Middle,1505194,Self-Employed,29,C,644,South,47
B005024,Middle,889222,Self-Employed,26,E,501,West,50
B005025,Middle,685780,Salaried,27,D,570,North,47
B005026,Middle,852097,Salaried,0,B,760,West,27
B005027,Lower-Middle,401805,Salaried,26,F,391,South,60
B005028,Lower-Middle,381937,Business Owner,8,C,658,Central,26
B005029,Middle,726380,Self-Employed,7,E,530,East,34
B005030,Low,198904,Salaried,17,C,697,West,53
B005031,Low,224263,Freelancer,16,B,727,East,61
B005032,Upper-Middle,1283679,Business Owner,21,F,394,North,31
B005033,Low,257883,Salaried,25,F,398,South,63
B005034,Middle,959796,Salaried,13,C,705,Central,22
B005035,Middle,909117,Self-Employed,24,C,642,East,43
B005036,Lower-Middle,465190,Salaried,21,E,474,North,29
B005037,Upper-Middle,1545669,Freelancer,20,B,742,North,59
B005038,Lower-Middle,569269,Self-Employed,21,F,352,North,25
B005039,Upper-Middle,1473629,Salaried,14,A,802,Central,46
B005040,Upper-Middle,1042817,Salaried,21,B,767,Central,28
B005041,Lower-Middle,389313,Salaried,18,B,742,East,25
B005042,Low,199599,Salaried,7,C,676,East,44
B005043,Lower-Middle,595144,Salaried,20,F,360,East,33
B005044,Lower-Middle,521431,Business Owner,0,D,552,South,44
B005045,Lower-Middle,428415,Business Owner,26,B,749,West,33
B005046,High,2574652,Freelancer,5,A,813,South,40
B005047,Lower-Middle,588511,Salaried,24,C,662,West,30
B005048,Upper-Middle,1612432,Salaried,10,D,572,North,53
B005049,Low,180766,Business Owner,21,D,570,East,60
B005050,High,2843834,Salaried,13,B,726,East,21
B005051,Lower-Middle,367758,Salaried,21,E,519,North,39
B005052,Lower-Middle,596969,Unemployed,2,D,550,Central,60
B005053,Middle,828824,Business Owner,22,G,305,North,62
B005054,Low,162211,Freelancer,20,D,576,West,64
B005055,Upper-Middle,1248972,Salaried,27,C,671,East,24
B005056,Lower-Middle,459392,Self-Employed,4,B,725,West,62
B005057,Middle,805181,Salaried,13,F,407,East,24
B005058,Middle,688160,Salaried,8,A,832,East,32
B005059,Middle,874116,Salaried,29,C,683,West,41
B005060,Low,184995,Business Owner,9,D,602,North,59
B005061,Low,297445,Salaried,19,D,581,South,40
B005062,Low,273680,Self-Employed,17,D,566,East,53
B005063,Lower-Middle,434199,Freelancer,15,E,530,South,45
B005064,Low,204968,Business Owner,22,B,770,North,42
B005065,High,2188626,Salaried,2,E,470,West,25
B005066,Middle,633688,Self-Employed,9,F,371,North,64
B005067,Middle,901878,Salaried,20,A,859,West,25
B005068,Lower-Middle,566098,Salaried,25,A,842,North,30
B005069,Lower-Middle,449784,Salaried,16,G,300,West,58
B005070,Middle,958112,Self-Employed,10,C,672,Central,46
B005071,Lower-Middle,584775,Business Owner,18,C,639,South,34
B005072,Lower-Middle,477109,Freelancer,24,C,672,South,30
B005073,Middle,701725,Salaried,8,D,587,South,27
B005074,Middle,926821,Salaried,4,E,469,East,32
B005075,High,2281571,Salaried,25,E,498,South,56
B005076,Lower-Middle,578789,Unemployed,10,C,651,Central,57
B005077,Middle,676304,Business Owner,28,C,669,Central,50
B005078,Low,203238,Freelancer,17,D,541,West,48
B005079,Lower-Middle,336249,Salaried,23,C,672,South,33
B005080,Middle,713250,Salaried,15,D,606,North,52
B005081,Low,225620,Self-Employed,5,D,542,South,62
B005082,Middle,755316,Salaried,10,F,418,East,36
B005083,Lower-Middle,488622,Salaried,0,A,836,Central,45
B005084,Low,204895,Salaried,6,B,782,West,61
B005085,High,3052889,Salaried,20,E,533,Central,27
B005086,Lower-Middle,488828,Salaried,15,D,582,East,41
B005087,Upper-Middle,1740476,Freelancer,28,A,863,East,52
B005088,Lower-Middle,564634,Business Owner,2,F,409,South,35
B005089,High,2382496,Business Owner,3,D,604,West,24
B005090,Lower-Middle,441300,Salaried,11,D,574,West,29
B005091,Lower-Middle,329827,Business Owner,25,E,506,North,59
B005092,Upper-Middle,1177862,Salaried,2,D,562,East,32
B005093,Lower-Middle,388215,Salaried,16,C,698,Central,59
B005094,Lower-Middle,586301,Salaried,12,C,643,East,55
B005095,High,3462919,Salaried,23,C,658,East,48
B005096,Middle,958652,Freelancer,28,C,654,North,35
B005097,Middle,719453,Business Owner,15,E,499,West,39
B005098,Middle,943534,Salaried,14,C,689,Central,35
B005099,Upper-Middle,1617593,Self-Employed,8,A,863,Central,37
B005100,Upper-Middle,1116352,Salaried,17,D,567,Central,38
B005101,Middle,728633,Salaried,4,A,886,Central,38
B005102,Lower-Middle,513393,Self-Employed,15,E,519,South,35
B005103,Low,198923,Business Owner,1,E,497,West,38
B005104,Middle,700680,Business Owner,6,D,565,South,43
B005105,Upper-Middle,1793120,Salaried,5,C,636,South,44
B005106,Middle,793651,Salaried,3,B,777,North,64
B005107,Low,202233,Salaried,1,D,572,North,28
B005108,Lower-Middle,407051,Salaried,10,B,784,East,62
B005109,Middle,847288,Salaried,8,D,606,North,58
B005110,Upper-Middle,1515994,Salaried,15,B,749,North,62
B005111,Low,279812,Salaried,12,D,580,North,56
B005112,Middle,862903,Salaried,20,B,759,West,47
B005113,Upper-Middle,1749856,Self-Employed,20,A,886,East,39
B005114,High,3063645,Salaried,19,C,661,Central,64
B005115,Low,224011,Salaried,28,E,506,West,57
B005116,High,3528043,Freelancer,15,B,762,North,37
B005117,Middle,685316,Freelancer,15,D,619,South,33
B005118,Upper-Middle,1507591,Salaried,10,E,473,South,29
B005119,Low,210060,Salaried,15,D,554,East,51
B005120,Middle,653606,Salaried,7,D,533,North,60
B005121,Middle,727192,Freelancer,29,B,764,East,59
B005122,Lower-Middle,489726,Salaried,22,B,766,South,57
B005123,Lower-Middle,582543,Salaried,12,B,755,North,58
B005124,Middle,820798,Business Owner,26,G,333,Central,38
B005125,Middle,765182,Self-Employed,25,A,888,South,56
B005126,Low,284243,Salaried,18,B,741,North,31
B005127,Lower-Middle,359763,Salaried,8,B,754,West,45
B005128,Lower-Middle,324342,Salaried,3,E,448,West,37
B005129,High,2510934,Salaried,3,C,671,South,32
B005130,High,1991998,Salaried,23,E,474,South,40
B005131,Lower-Middle,425859,Business Owner,3,C,659,North,54
B005132,Low,186167,Business Owner,17,E,486,South,57
B005133,Lower-Middle,356266,Self-Employed,14,F,412,North,47
B005134,Middle,677015,Self-Employed,19,C,663,North,38
B005135,Upper-Middle,1199102,Self-Employed,1,G,359,South,48
B005136,Middle,816019,Salaried,20,F,397,Central,42
B005137,Low,150256,Business Owner,3,A,814,North,36
B005138,Low,242555,Salaried,13,D,561,Central,29
B005139,Lower-Middle,511192,Salaried,12,D,594,Central,41
B005140,Upper-Middle,1571870,Salaried,15,E,506,North,53
B005141,Middle,803098,Business Owner,1,D,579,South,46
B005142,Middle,785692,Self-Employed,9,D,579,East,48
B005143,Lower-Middle,480540,Salaried,11,C,673,North,54
B005144,High,2457732,Salaried,18,E,505,East,27
B005145,Lower-Middle,334354,Business Owner,7,A,848,West,57
B005146,Upper-Middle,1406606,Salaried,14,D,547,North,33
B005147,Upper-Middle,1693718,Salaried,15,B,741,West,33
B005148,Middle,794460,Business Owner,10,E,474,South,34
B005149,Upper-Middle,1223666,Self-Employed,1,E,459,West,55
B005150,Lower-Middle,363392,Salaried,6,B,728,North,48
B005151,Middle,626459,Salaried,12,E,497,West,23
B005152,Low,288710,Freelancer,18,E,487,West,21
B005153,Middle,731087,Salaried,2,A,865,East,50
B005154,Lower-Middle,569449,Freelancer,13,C,712,East,46
B005155,Low,291756,Business Owner,10,B,777,East,36
B005156,Low,216687,Freelancer,6,B,775,West,32
B005157,Lower-Middle,426615,Salaried,20,E,451,East,53
B005158,Middle,726320,Salaried,23,C,683,Central,60
B005159,Middle,855215,Salaried,16,D,577,North,59
B005160,Lower-Middle,364162,Salaried,16,A,877,East,57
B005161,High,2543442,Salaried,16,A,817,East,22
B005162,High,2447823,Salaried,18,D,600,East,45
B005163,Low,206160,Salaried,22,C,654,East,33
B005164,Lower-Middle,322337,Self-Employed,16,F,373,Central,34
B005165,Middle,811593,Salaried,25,A,899,East,59
B005166,Upper-Middle,1073259,Salaried,18,D,580,North,32
B005167,Lower-Middle,535084,Salaried,13,E,486,South,50
B005168,Upper-Middle,1336202,Self-Employed,2,D,565,North,23
B005169,Low,260409,Salaried,6,D,570,South,53
B005170,Lower-Middle,339100,Business Owner,8,B,748,East,37
B005171,Middle,831484,Salaried,15,E,482,North,25
B005172,Middle,676508,Self-Employed,23,D,575,East,27
B005173,Upper-Middle,1463745,Business Owner,15,E,482,South,37
B005174,Low,213393,Salaried,23,B,732,Central,48
B005175,Low,246979,Self-Employed,25,B,759,North,57
B005176,Low,163609,Freelancer,1,C,675,East,58
B005177,Lower-Middle,570539,Salaried,18,C,688,North,57
B005178,Low,222348,Salaried,21,B,785,East,24
B005179,Middle,869182,Freelancer,28,A,840,East,56
B005180,Middle,702669,Business Owner,6,A,857,East,60
B005181,Middle,889265,Self-Employed,20,A,867,East,47
B005182,Lower-Middle,581995,Salaried,25,A,834,East,38
B005183,Low,293494,Salaried,14,E,494,South,57
B005184,Middle,918935,Freelancer,11,F,407,Central,22
B005185,Low,210029,Self-Employed,9,C,623,West,21
B005186,Upper-Middle,1146836,Salaried,8,B,758,West,24
B005187,Low,189886,Salaried,17,C,672,East,51
B005188,Middle,900936,Business Owner,8,E,471,West,21
B005189,Upper-Middle,1226484,Self-Employed,29,F,422,West,25
B005190,Middle,712408,Freelancer,20,B,802,North,47
B005191,Middle,709555,Salaried,13,A,857,East,46
B005192,Middle,728380,Salaried,20,C,639,Central,32
B005193,Low,231731,Salaried,12,C,663,Central,58
B005194,Middle,878383,Salaried,18,A,826,Central,41
B005195,Upper-Middle,1311450,Salaried,14,D,629,West,48
B005196,High,2649445,Salaried,28,B,745,Central,53
B005197,Lower-Middle,549235,Salaried,6,A,853,South,51
B005198,Lower-Middle,359499,Salaried,9,E,516,Central,39
B005199,Upper-Middle,1488599,Business Owner,21,E,468,Central,45
B005200,Middle,822215,Salaried,18,B,741,West,29
B005201,Lower-Middle,437958,Salaried,7,E,520,West,50
B005202,Low,285322,Self-Employed,13,C,699,West,57
B005203,Low,151750,Salaried,19,C,645,North,50
B005204,Middle,921054,Self-Employed,17,B,734,North,30
B005205,Low,211173,Business Owner,27,B,773,South,63
B005206,Low,273641,Self-Employed,4,A,863,South,52
B005207,Low,217829,Salaried,8,D,565,North,62
B005208,High,2199775,Business Owner,27,E,496,West,51
B005209,Low,234733,Freelancer,20,A,821,North,50
B005210,Low,295994,Business Owner,26,B,772,South,56
B005211,Middle,643178,Salaried,8,C,675,North,58
B005212,Lower-Middle,565439,Self-Employed,28,C,628,West,40
B005213,High,3170448,Self-Employed,12,E,480,Central,49
B005214,High,3608539,Salaried,22,A,841,East,61
B005215,Lower-Middle,547436,Salaried,12,D,595,East,55
B005216,Lower-Middle,336832,Business Owner,21,D,553,East,26
B005217,Lower-Middle,419231,Salaried,26,E,517,South,61
B005218,Low,235931,Freelancer,1,C,671,South,44
B005219,Lower-Middle,545318,Unemployed,28,B,785,South,28
B005220,Low,195017,Salaried,13,B,725,Central,52
B005221,Low,294580,Salaried,15,D,586,South,63
B005222,Middle,617069,Freelancer,1,D,584,South,59
B005223,Low,235780,Salaried,1,D,584,East,28
B005224,Low,247354,Business Owner,27,B,768,West,49
B005225,Middle,830261,Salaried,28,A,856,South,28
B005226,Lower-Middle,317920,Salaried,17,D,524,North,50
B005227,Low,218101,Salaried,18,A,891,East,41
B005228,Low,178873,Salaried,1,F,384,Central,63
B005229,Lower-Middle,463214,Freelancer,20,E,475,Central,22
B005230,Lower-Middle,409767,Salaried,17,B,761,West,39
B005231,Upper-Middle,1660875,Salaried,27,D,592,East,55
B005232,High,1940568,Self-Employed,19,B,727,Central,44
B005233,Lower-Middle,428064,Freelancer,26,F,363,North,42
B005234,Lower-Middle,557625,Salaried,29,D,617,North,50
B005235,Middle,862177,Business Owner,28,C,661,West,33
B005236,Middle,670436,Salaried,19,D,587,Central,32
B005237,Lower-Middle,542402,Business Owner,27,A,825,South,36
B005238,Low,200333,Business Owner,24,C,710,South,38
B005239,Lower-Middle,456592,Freelancer,4,B,781,South,31
B005240,Middle,834627,Self-Employed,23,C,656,South,51
B005241,Low,167704,Freelancer,15,A,888,North,36
B005242,Lower-Middle,498438,Salaried,21,G,327,South,38
B005243,Lower-Middle,505203,Business Owner,18,C,690,West,28
B005244,Lower-Middle,490311,Business Owner,3,E,512,West,60
B005245,Middle,870698,Salaried,18,A,841,Central,27
B005246,Middle,696132,Freelancer,10,E,535,Central,46
B005247,Middle,692125,Business Owner,23,D,624,South,62
B005248,Lower-Middle,374619,Freelancer,22,D,625,West,51
B005249,Low,189558,Salaried,26,E,432,South,64
B005250,Upper-Middle,1289930,Business Owner,26,D,581,South,28
B005251,Middle,700040,Salaried,25,D,589,West,42
B005252,Low,295076,Freelancer,4,F,392,South,63
B005253,Lower-Middle,325084,Salaried,16,B,760,West,24
B005254,Upper-Middle,1678836,Self-Employed,0,A,849,South,64
B005255,Upper-Middle,1285422,Salaried,9,G,344,East,25
B005256,Upper-Middle,1486034,Self-Employed,25,F,430,North,50
B005257,Middle,726742,Salaried,20,D,589,North,56
B005258,Lower-Middle,570613,Freelancer,7,E,501,West,30
B005259,Lower-Middle,319872,Freelancer,24,F,401,Central,57
B005260,Lower-Middle,379289,Salaried,15,C,720,North,44
B005261,Middle,984400,Business Owner,23,A,860,West,48
B005262,Middle,743143,Self-Employed,29,D,624,West,25
B005263,Low,187725,Salaried,14,C,694,South,23
B005264,Upper-Middle,1237426,Salaried,22,A,865,East,23
B005265,Lower-Middle,334479,Salaried,15,G,300,South,35
B005266,Low,200949,Salaried,4,E,521,North,34
B005267,Lower-Middle,395522,Salaried,20,E,447,Central,48
B005268,Upper-Middle,1223168,Self-Employed,27,D,575,South,30
B005269,High,1979087,Salaried,25,C,636,East,40
B005270,Middle,837798,Freelancer,6,D,605,North,63
B005271,High,3310730,Salaried,26,D,570,North,63
B005272,Upper-Middle,1562072,Freelancer,24,D,597,West,53
B005273,Upper-Middle,1129160,Business Owner,6,B,708,East,46
B005274,Upper-Middle,1517782,Business Owner,0,E,513,West,52
B005275,Lower-Middle,566759,Self-Employed,27,C,691,Central,52
B005276,Upper-Middle,1782423,Salaried,7,C,645,Central,54
B005277,Middle,957626,Freelancer,0,D,567,North,37
B005278,Middle,654830,Business Owner,3,G,344,South,36
B005279,Low,293069,Business Owner,29,C,677,South,46
B005280,Upper-Middle,1259247,Salaried,16,A,871,North,64
B005281,High,1865500,Self-Employed,11,G,300,East,51
B005282,Lower-Middle,409276,Salaried,18,G,306,East,46
B005283,High,2476000,Self-Employed,7,B,786,Central,63
B005284,Lower-Middle,502813,Business Owner,21,E,472,Central,30
B005285,Lower-Middle,595161,Salaried,1,F,384,North,55
B005286,Low,259049,Salaried,8,A,850,East,50
B005287,Upper-Middle,1542280,Salaried,9,E,471,South,32
B005288,Middle,667768,Salaried,28,B,796,Central,45
B005289,Lower-Middle,515880,Salaried,19,E,508,South,44
B005290,Middle,708794,Salaried,0,A,850,North,47
B005291,Lower-Middle,383656,Salaried,7,D,633,Central,62
B005292,Lower-Middle,429931,Self-Employed,9,E,487,West,32
B005293,Upper-Middle,1714589,Business Owner,23,A,863,West,39
B005294,Middle,686815,Salaried,1,E,468,West,46
B005295,Upper-Middle,1713819,Salaried,26,B,759,West,24
B005296,Middle,798534,Business Owner,11,A,868,South,24
B005297,High,1951610,Salaried,10,F,417,West,39
B005298,Lower-Middle,502070,Salaried,28,F,378,South,56
B005299,Lower-Middle,501376,Salaried,4,E,458,Central,37
B005300,Low,294870,Freelancer,9,F,402,South,47
B005301,Middle,727917,Salaried,16,A,860,Central,54
B005302,Middle,639465,Freelancer,9,D,531,South,50
B005303,Middle,777534,Salaried,18,F,454,North,47
B005304,Lower-Middle,384469,Salaried,8,F,408,South,46
B005305,Low,232070,Salaried,5,C,620,East,44
B005306,Middle,827400,Business Owner,24,C,681,West,64
B005307,High,2554065,Self-Employed,26,D,540,North,38
B005308,Lower-Middle,585969,Self-Employed,17,A,825,North,24
B005309,Lower-Middle,352105,Freelancer,22,E,502,South,59
B005310,Lower-Middle,365121,Salaried,12,B,729,West,41
B005311,Lower-Middle,415548,Salaried,21,D,557,South,64
B005312,Lower-Middle,461796,Self-Employed,11,B,782,East,50
B005313,Lower-Middle,460793,Salaried,10,E,488,Central,46
B005314,Middle,882304,Self-Employed,20,G,300,North,47
B005315,Lower-Middle,326027,Freelancer,20,D,576,North,36
B005316,Lower-Middle,583174,Salaried,29,G,353,West,52
B005317,Low,158265,Salaried,1,C,691,West,34
B005318,High,3201730,Self-Employed,13,C,636,South,64
B005319,Lower-Middle,457644,Salaried,10,E,528,North,47
B005320,Lower-Middle,374408,Salaried,6,A,840,North,42
B005321,Low,206644,Salaried,10,C,668,Central,32
B005322,Middle,796310,Salaried,11,D,556,East,56
B005323,Upper-Middle,1043389,Salaried,24,B,749,South,41
B005324,Low,204145,Self-Employed,5,F,405,South,42
B005325,Low,212470,Salaried,24,D,582,North,27
B005326,Low,223815,Salaried,19,B,803,South,53
B005327,Middle,793040,Unemployed,29,C,642,West,24
B005328,High,3943136,Salaried,0,C,666,East,42
B005329,Lower-Middle,564773,Salaried,25,E,438,Central,55
B005330,Lower-Middle,510429,Freelancer,13,B,746,East,40
B005331,Upper-Middle,1781337,Salaried,3,E,516,West,27
B005332,Upper-Middle,1262931,Freelancer,0,B,798,West,63
B005333,Lower-Middle,390936,Self-Employed,2,C,710,North,22
B005334,Low,219656,Self-Employed,1,D,571,East,51
B005335,Lower-Middle,504349,Salaried,17,C,662,Central,21
B005336,Upper-Middle,1564959,Salaried,11,D,556,East,51
B005337,Middle,860983,Business Owner,14,D,575,South,63
B005338,Middle,676991,Salaried,22,B,790,East,43
B005339,Upper-Middle,1174353,Business Owner,21,D,601,West,21
B005340,Lower-Middle,393912,Business Owner,20,F,387,Central,24
B005341,Lower-Middle,430357,Self-Employed,14,A,842,West,31
B005342,Low,204575,Salaried,26,D,573,North,36
B005343,Upper-Middle,1533523,Business Owner,18,C,656,East,59
B005344,Middle,867095,Business Owner,12,F,406,West,23
B005345,Lower-Middle,395605,Salaried,23,A,869,West,43
B005346,Low,261782,Freelancer,4,A,900,North,53
B005347,Middle,747047,Salaried,28,C,670,South,50
B005348,Upper-Middle,1027670,Freelancer,2,D,597,South,56
B005349,Middle,861309,Salaried,15,A,825,North,51
B005350,Lower-Middle,536575,Salaried,7,E,493,West,22
B005351,High,3291611,Self-Employed,22,C,666,East,60
B005352,Upper-Middle,1150563,Salaried,15,F,417,South,42
B005353,Middle,772233,Salaried,23,F,412,East,42
B005354,Middle,919990,Salaried,8,E,507,North,60
B005355,Upper-Middle,1058717,Business Owner,23,E,487,South,54
B005356,High,3876728,Salaried,22,D,571,East,25
B005357,Middle,616010,Self-Employed,24,E,460,South,34
B005358,Lower-Middle,356109,Self-Employed,19,B,765,East,36
B005359,Lower-Middle,483948,Salaried,23,E,488,South,62
B005360,Upper-Middle,1378749,Salaried,12,D,614,Central,26
B005361,Middle,840184,Salaried,18,E,486,Central,41
B005362,Low,217960,Freelancer,21,D,567,Central,42
B005363,Low,275002,Business Owner,22,D,594,South,29
B005364,Upper-Middle,1772107,Freelancer,13,C,636,South,44
B005365,Upper-Middle,1616591,Business Owner,21,C,677,East,31
B005366,High,3108865,Business Owner,1,C,654,Central,38
B005367,Lower-Middle,413848,Freelancer,3,E,460,Central,55
B005368,Upper-Middle,1506009,Salaried,22,B,763,East,57
B005369,Upper-Middle,1635084,Freelancer,0,F,340,East,22
B005370,Lower-Middle,536272,Salaried,19,E,504,East,39
B005371,Low,151227,Salaried,21,F,402,East,21
B005372,High,3339175,Salaried,15,F,385,North,25
B005373,Low,180391,Salaried,16,C,694,South,22
B005374,Middle,813247,Salaried,4,F,413,Central,56
B005375,Middle,898182,Self-Employed,9,C,638,Central,44
B005376,Middle,983115,Self-Employed,15,B,775,West,30
B005377,Lower-Middle,310807,Freelancer,24,A,863,Central,41
B005378,Middle,731081,Salaried,7,A,839,Central,52
B005379,Lower-Middle,318464,Salaried,26,B,754,East,33
B005380,Upper-Middle,1616769,Self-Employed,29,C,711,West,40
B005381,Lower-Middle,351652,Self-Employed,17,G,320,South,27
B005382,Middle,649723,Business Owner,13,B,729,East,30
B005383,Upper-Middle,1077206,Salaried,23,F,403,East,30
B005384,Lower-Middle,513070,Salaried,23,E,452,Central,25
B005385,Lower-Middle,327041,Freelancer,18,F,413,East,56
B005386,Upper-Middle,1358615,Salaried,17,E,476,South,57
B005387,Low,174031,Self-Employed,19,G,300,South,44
B005388,Lower-Middle,489378,Salaried,24,B,737,Central,30
B005389,Middle,657698,Salaried,11,C,662,West,22
B005390,High,2312668,Business Owner,13,C,676,North,64
B005391,Middle,942837,Salaried,16,C,654,North,40
B005392,Lower-Middle,305020,Salaried,17,C,651,South,43
B005393,High,1876381,Business Owner,5,D,582,Central,43
B005394,Middle,893596,Salaried,14,G,302,Central,52
B005395,Lower-Middle,363543,Salaried,21,C,664,North,40
B005396,Lower-Middle,369584,Self-Employed,28,F,383,North,45
B005397,Lower-Middle,302328,Salaried,0,B,736,South,54
B005398,Lower-Middle,453240,Self-Employed,3,D,577,Central,64
B005399,Middle,758441,Salaried,12,C,688,East,51
B005400,Low,275004,Salaried,10,G,308,North,31
B005401,Middle,641487,Salaried,24,D,572,East,29
B005402,Lower-Middle,599471,Freelancer,16,A,814,West,38
B005403,Lower-Middle,316624,Salaried,13,F,388,North,56
B005404,Low,183066,Freelancer,2,C,657,West,59
B005405,Middle,655969,Salaried,1,F,402,Central,41
B005406,Middle,910661,Salaried,25,A,851,North,29
B005407,Lower-Middle,385113,Business Owner,17,B,818,North,49
B005408,Low,153491,Salaried,26,C,661,Central,48
B005409,Lower-Middle,459169,Self-Employed,13,D,600,East,26
B005410,Upper-Middle,1190942,Freelancer,6,E,511,North,60
B005411,Lower-Middle,485854,Business Owner,18,D,596,North,62
B005412,Upper-Middle,1357379,Salaried,28,A,850,Central,64
B005413,Lower-Middle,325716,Self-Employed,3,C,733,Central,44
B005414,Lower-Middle,570056,Salaried,18,D,559,Central,56
B005415,Middle,690685,Business Owner,8,C,682,West,22
B005416,Middle,603166,Salaried,17,C,688,West,24
B005417,Low,237366,Salaried,15,D,539,Central,21
B005418,High,3620694,Self-Employed,10,D,545,Central,45
B005419,Low,223913,Salaried,9,D,611,North,40
B005420,Lower-Middle,554841,Business Owner,17,B,768,West,51
B005421,Lower-Middle,322093,Salaried,16,F,371,West,30
B005422,Middle,714103,Salaried,7,E,520,Central,34
B005423,Upper-Middle,1513410,Self-Employed,9,E,486,North,36
B005424,Low,265972,Salaried,1,E,514,West,50
B005425,High,1972456,Freelancer,10,D,622,East,35
B005426,Middle,844764,Salaried,22,G,305,West,61
B005427,High,3493158,Salaried,24,C,622,Central,31
B005428,Upper-Middle,1101260,Salaried,28,C,651,Central,49
B005429,High,2124655,Salaried,17,E,440,North,31
B005430,Middle,803013,Salaried,2,F,377,East,42
B005431,Lower-Middle,429778,Business Owner,2,C,705,East,47
B005432,Lower-Middle,427593,Salaried,17,E,472,East,54
B005433,Middle,947009,Freelancer,5,D,552,East,62
B005434,Lower-Middle,319667,Self-Employed,7,C,709,Central,34
B005435,Upper-Middle,1588585,Self-Employed,11,F,395,Central,55
B005436,Low,272700,Salaried,11,D,586,West,50
B005437,Upper-Middle,1307551,Salaried,18,E,463,West,54
B005438,Lower-Middle,507819,Salaried,8,E,521,North,43
B005439,High,3091173,Self-Employed,18,A,851,South,31
B005440,Low,189734,Self-Employed,2,F,419,South,47
B005441,Low,226786,Salaried,23,B,723,North,38
B005442,Upper-Middle,1046272,Salaried,29,E,522,East,42
B005443,Upper-Middle,1647724,Unemployed,3,E,498,West,28
B005444,Upper-Middle,1044735,Salaried,17,E,471,North,39
B005445,High,2440848,Salaried,25,F,389,East,48
B005446,Lower-Middle,422852,Salaried,16,D,566,East,23
B005447,Upper-Middle,1399608,Salaried,26,C,676,East,36
B005448,Lower-Middle,459897,Salaried,17,D,583,South,48
B005449,Middle,841387,Self-Employed,1,D,620,North,41
B005450,Lower-Middle,575014,Self-Employed,2,C,619,South,63
B005451,Low,221633,Self-Employed,22,B,775,Central,61
B005452,Middle,860957,Salaried,11,D,539,Central,36
B005453,Upper-Middle,1071359,Salaried,26,F,463,West,63
B005454,Low,276236,Business Owner,27,D,617,South,48
B005455,High,2543403,Salaried,5,F,399,North,35
B005456,Middle,836382,Salaried,16,C,680,Central,52
B005457,Low,297121,Salaried,20,F,401,East,25
B005458,Middle,903016,Self-Employed,11,E,474,East,47
B005459,Lower-Middle,421568,Salaried,26,C,651,Central,61
B005460,Low,217711,Freelancer,6,C,669,Central,60
B005461,Middle,658279,Salaried,8,G,300,East,25
B005462,Low,244702,Unemployed,7,G,343,West,62
B005463,Low,232929,Salaried,5,C,713,East,37
B005464,Upper-Middle,1474257,Business Owner,24,E,483,East,59
B005465,Low,190137,Salaried,24,F,436,South,44
B005466,Upper-Middle,1568313,Business Owner,19,B,747,North,39
B005467,Upper-Middle,1238817,Salaried,6,D,566,Central,41
B005468,Low,217067,Freelancer,9,E,495,Central,27
B005469,Middle,659711,Business Owner,3,A,863,South,52
B005470,Low,257263,Self-Employed,26,E,469,West,38
B005471,Middle,670309,Salaried,15,B,768,North,34
B005472,Low,238093,Salaried,0,C,677,North,44
B005473,High,3615907,Unemployed,27,C,613,Central,35
B005474,Lower-Middle,476986,Freelancer,22,E,483,Central,22
B005475,Middle,841975,Salaried,19,B,754,West,55
B005476,Low,281970,Salaried,15,C,655,East,57
B005477,Lower-Middle,599193,Salaried,2,C,655,West,58
B005478,Middle,678014,Salaried,26,A,862,North,59
B005479,Middle,790542,Salaried,2,E,450,South,23
B005480,High,2597516,Business Owner,26,B,787,South,48
B005481,Low,160469,Salaried,2,B,757,East,29
B005482,Low,205030,Freelancer,9,A,881,Central,46
B005483,Lower-Middle,509852,Unemployed,29,D,564,North,63
B005484,Lower-Middle,555430,Salaried,1,C,694,East,38
B005485,Upper-Middle,1657851,Salaried,12,D,594,West,43
B005486,High,1844447,Self-Employed,26,E,445,Central,64
B005487,Upper-Middle,1316004,Salaried,0,A,845,Central,48
B005488,Low,292293,Business Owner,24,B,823,East,40
B005489,Lower-Middle,466005,Self-Employed,8,C,691,Central,63
B005490,Upper-Middle,1784160,Salaried,4,F,372,North,30
B005491,Lower-Middle,403260,Freelancer,28,B,748,Central,40
B005492,Middle,759935,Salaried,15,E,511,North,63
B005493,Lower-Middle,436687,Salaried,15,G,318,West,51
B005494,Lower-Middle,555913,Unemployed,11,A,812,Central,57
B005495,Upper-Middle,1232045,Salaried,26,C,626,West,32
B005496,Lower-Middle,431195,Salaried,21,E,508,North,35
B005497,High,3528302,Salaried,21,F,393,Central,40
B005498,Lower-Middle,399202,Salaried,26,B,787,Central,45
B005499,Low,211166,Salaried,10,D,589,East,46
B005500,Lower-Middle,564174,Self-Employed,18,E,470,South,46
B005501,Low,202845,Salaried,3,C,669,West,30
B005502,Middle,818879,Self-Employed,28,D,569,Central,59
B005503,Low,160154,Salaried,11,D,587,Central,57
B005504,Middle,980285,Salaried,1,F,378,North,45
B005505,Upper-Middle,1529524,Freelancer,7,D,542,North,26
B005506,Lower-Middle,588843,Business Owner,11,D,576,East,39
B005507,Low,271816,Business Owner,1,D,559,Central,36
B005508,Lower-Middle,529029,Salaried,10,B,784,North,47
B005509,Upper-Middle,1108095,Salaried,14,D,574,West,37
B005510,Middle,794639,Business Owner,7,A,857,South,63
B005511,Low,152300,Freelancer,23,D,571,South,48
B005512,Middle,824623,Self-Employed,10,D,584,Central,23
B005513,Middle,982781,Salaried,27,E,505,South,32
B005514,Lower-Middle,415906,Salaried,3,E,496,North,49
B005515,Low,202197,Salaried,23,C,629,Central,28
B005516,High,2428960,Salaried,15,D,569,Central,24
B005517,Low,236304,Salaried,24,C,721,Central,43
B005518,Lower-Middle,571387,Salaried,9,C,679,East,32
B005519,Low,238308,Salaried,24,A,839,South,21
B005520,Middle,901603,Self-Employed,17,B,747,West,51
B005521,Lower-Middle,410458,Self-Employed,8,E,525,West,52
B005522,Lower-Middle,411075,Self-Employed,12,G,323,South,52
B005523,Lower-Middle,371114,Salaried,5,D,548,East,25
B005524,Middle,638717,Salaried,0,B,810,Central,57
B005525,Lower-Middle,550684,Unemployed,12,A,857,East,24
B005526,High,3399206,Salaried,15,A,856,Central,44
B005527,Lower-Middle,339416,Freelancer,21,F,437,North,63
B005528,Lower-Middle,461357,Salaried,16,C,674,Central,56
B005529,High,3175280,Self-Employed,8,F,411,Central,62
B005530,Upper-Middle,1691945,Salaried,25,C,632,North,43
B005531,Lower-Middle,342273,Self-Employed,29,D,578,East,39
B005532,Upper-Middle,1090519,Freelancer,8,D,548,South,29
B005533,Middle,703022,Salaried,19,A,837,East,64
B005534,Lower-Middle,371628,Business Owner,22,D,586,Central,40
B005535,Upper-Middle,1117743,Freelancer,1,E,434,North,47
B005536,Upper-Middle,1701854,Business Owner,26,A,858,West,28
B005537,Lower-Middle,598018,Salaried,23,A,871,North,34
B005538,Middle,862022,Salaried,20,D,534,South,45
B005539,Lower-Middle,527160,Freelancer,4,G,300,East,57
B005540,Low,228686,Business Owner,3,G,300,East,43
B005541,High,3174121,Freelancer,17,B,773,North,29
B005542,Middle,940259,Salaried,12,E,477,East,32
B005543,Middle,954359,Business Owner,1,E,518,South,47
B005544,Middle,730439,Business Owner,12,F,367,East,42
B005545,Middle,918987,Freelancer,3,A,855,South,30
B005546,Lower-Middle,304815,Self-Employed,7,G,300,East,47
B005547,High,2067831,Salaried,17,E,490,Central,50
B005548,Middle,717288,Self-Employed,10,D,572,East,40
B005549,Middle,797275,Self-Employed,1,A,868,West,60
B005550,Middle,692991,Salaried,21,B,767,South,30
B005551,Lower-Middle,561219,Salaried,0,C,699,West,37
B005552,Low,231275,Freelancer,11,E,488,East,62
B005553,Lower-Middle,424026,Salaried,2,E,467,West,24
B005554,Low,269095,Salaried,6,F,415,North,56
B005555,Middle,882213,Self-Employed,24,C,668,Central,28
B005556,Upper-Middle,1603075,Unemployed,23,F,393,North,30
B005557,Lower-Middle,397113,Self-Employed,17,F,409,North,28
B005558,Lower-Middle,394095,Salaried,11,A,831,West,41
B005559,Middle,720015,Salaried,10,B,805,South,30
B005560,Low,268573,Salaried,12,E,516,Central,37
B005561,High,2640109,Salaried,16,D,589,West,29
B005562,Lower-Middle,336846,Business Owner,2,B,766,South,64
B005563,Low,225240,Salaried,12,E,491,Central,49
B005564,Low,181601,Salaried,23,C,657,Central,52
B005565,High,3069356,Freelancer,14,D,593,South,23
B005566,Lower-Middle,457485,Salaried,2,F,389,West,49
B005567,Middle,708564,Salaried,13,B,801,East,54
B005568,Low,288868,Salaried,17,A,886,Central,27
B005569,Lower-Middle,432104,Salaried,19,D,586,Central,62
B005570,Upper-Middle,1425726,Salaried,22,E,513,South,29
B005571,Low,257129,Unemployed,4,C,632,Central,61
B005572,Low,245650,Business Owner,3,C,674,West,61
B005573,Middle,615986,Business Owner,16,D,536,North,32
B005574,Upper-Middle,1394393,Self-Employed,9,E,493,East,40
B005575,Lower-Middle,570683,Salaried,29,D,560,South,27
B005576,Low,283348,Business Owner,29,C,693,Central,21
B005577,High,2084023,Salaried,16,C,672,North,41
B005578,Middle,719009,Salaried,13,C,661,North,42
B005579,Upper-Middle,1220062,Salaried,15,B,751,North,28
B005580,Upper-Middle,1732749,Salaried,17,B,705,North,48
B005581,Middle,987311,Salaried,27,E,512,East,61
B005582,Lower-Middle,431635,Salaried,25,E,524,Central,33
B005583,Lower-Middle,508649,Salaried,0,C,689,East,54
B005584,Middle,666788,Salaried,26,E,478,North,39
B005585,Middle,863936,Salaried,6,D,558,Central,40
B005586,High,1905472,Self-Employed,10,E,448,Central,33
B005587,Middle,631307,Salaried,14,F,390,West,64
B005588,Lower-Middle,418106,Self-Employed,25,C,612,North,40
B005589,Middle,942766,Salaried,27,D,527,South,61
B005590,Middle,605135,Salaried,9,C,694,North,64
B005591,Lower-Middle,399151,Self-Employed,18,F,440,West,29
B005592,Upper-Middle,1507533,Self-Employed,24,C,654,South,41
B005593,Middle,722640,Salaried,29,D,592,North,24
B005594,Low,151069,Self-Employed,23,B,748,West,56
B005595,Middle,812359,Business Owner,28,C,699,West,36
B005596,Middle,649273,Salaried,17,C,676,East,26
B005597,High,2493598,Self-Employed,2,E,505,North,30
B005598,Lower-Middle,569774,Salaried,19,C,625,Central,55
B005599,Middle,837345,Business Owner,20,C,668,South,25
B005600,Middle,892770,Salaried,17,A,837,West,43
B005601,Middle,663508,Freelancer,7,C,704,North,63
B005602,Low,262205,Self-Employed,3,C,656,East,37
B005603,Upper-Middle,1135327,Self-Employed,1,D,574,Central,29
B005604,High,3728461,Salaried,13,C,624,East,46
B005605,Middle,875964,Self-Employed,13,G,314,South,48
B005606,Middle,868273,Salaried,3,D,583,East,36
B005607,Low,183030,Salaried,12,A,843,South,52
B005608,Middle,772680,Salaried,1,E,522,West,56
B005609,Lower-Middle,311912,Self-Employed,7,A,850,East,49
B005610,Middle,738390,Business Owner,14,E,474,Central,55
B005611,Low,153415,Freelancer,6,C,650,North,36
B005612,Middle,602349,Salaried,7,A,869,Central,31
B005613,Lower-Middle,354253,Freelancer,1,G,300,South,60
B005614,Middle,870781,Business Owner,10,D,563,North,40
B005615,Middle,693354,Freelancer,27,E,487,South,25
B005616,Lower-Middle,570068,Business Owner,18,C,660,East,27
B005617,Lower-Middle,465839,Salaried,4,C,668,West,64
B005618,Upper-Middle,1359126,Freelancer,13,C,698,East,21
B005619,Middle,769419,Self-Employed,27,C,663,South,58
B005620,Low,217301,Business Owner,17,E,465,West,34
B005621,Lower-Middle,363019,Salaried,15,A,888,North,64
B005622,Lower-Middle,425512,Salaried,20,D,573,South,45
B005623,Middle,605541,Salaried,28,C,681,Central,54
B005624,Middle,766138,Salaried,20,D,617,Central,54
B005625,Low,207275,Salaried,20,B,742,South,40
B005626,Middle,617086,Freelancer,20,C,715,East,62
B005627,Upper-Middle,1486720,Salaried,24,D,625,South,52
B005628,Upper-Middle,1628776,Salaried,13,E,472,South,39
B005629,Low,178642,Salaried,3,F,386,North,36
B005630,Lower-Middle,438289,Salaried,21,B,778,West,21
B005631,Lower-Middle,573990,Salaried,14,D,616,West,31
B005632,Low,284939,Self-Employed,8,C,691,East,49
B005633,Lower-Middle,377918,Unemployed,19,D,579,West,51
B005634,Low,183042,Salaried,22,C,683,Central,30
B005635,Low,182872,Salaried,5,A,868,Central,41
B005636,Middle,835622,Business Owner,23,D,588,North,46
B005637,Lower-Middle,551881,Salaried,15,A,839,West,29
B005638,Middle,697401,Self-Employed,26,A,870,North,40
B005639,Low,246398,Self-Employed,23,F,393,West,56
B005640,Middle,883989,Freelancer,28,F,353,Central,33
B005641,Lower-Middle,340270,Salaried,26,D,546,Central,54
B005642,Upper-Middle,1071422,Unemployed,15,A,882,East,34
B005643,Upper-Middle,1070860,Freelancer,11,C,643,Central,25
B005644,Lower-Middle,435158,Salaried,15,C,673,South,36
B005645,Middle,702696,Salaried,8,E,522,Central,39
B005646,Lower-Middle,407012,Salaried,11,E,495,West,28
B005647,Middle,990145,Salaried,27,C,728,West,53
B005648,Low,198588,Unemployed,23,C,668,Central,52
B005649,Lower-Middle,398664,Salaried,1,B,740,West,45
B005650,Lower-Middle,522063,Salaried,8,E,454,Central,38
B005651,Upper-Middle,1753143,Salaried,18,C,624,East,23
B005652,Lower-Middle,493560,Self-Employed,19,E,529,Central,52
B005653,Middle,907783,Freelancer,0,E,462,Central,35
B005654,Lower-Middle,368420,Self-Employed,16,B,720,North,46
B005655,Lower-Middle,356210,Self-Employed,18,F,391,South,35
B005656,Lower-Middle,599276,Salaried,8,E,475,Central,30
B005657,High,3924174,Self-Employed,13,D,563,West,46
B005658,Upper-Middle,1275264,Salaried,7,A,882,North,35
B005659,Low,270621,Salaried,10,B,766,East,39
B005660,Upper-Middle,1225685,Self-Employed,4,A,872,South,61
B005661,Lower-Middle,316181,Unemployed,27,C,727,North,32
B005662,Low,254091,Business Owner,22,C,650,North,39
B005663,Middle,815375,Self-Employed,2,E,496,South,35
B005664,Low,157880,Salaried,24,C,635,South,25
B005665,Lower-Middle,427038,Salaried,19,C,709,Central,39
B005666,Middle,834354,Self-Employed,5,F,395,South,49
B005667,Lower-Middle,418399,Self-Employed,3,D,503,North,35
B005668,Upper-Middle,1034824,Self-Employed,27,C,637,Central,36
B005669,Middle,974680,Self-Employed,8,G,347,East,50
B005670,Upper-Middle,1742367,Salaried,6,C,624,Central,41
B005671,Middle,954712,Salaried,7,D,578,South,46
B005672,Upper-Middle,1557998,Salaried,3,C,682,North,30
B005673,Lower-Middle,571478,Self-Employed,15,D,594,Central,41
B005674,Middle,942213,Unemployed,26,E,554,North,21
B005675,Middle,817798,Self-Employed,17,D,578,West,46
B005676,Upper-Middle,1409607,Self-Employed,27,B,736,North,46
B005677,Low,242661,Self-Employed,27,F,378,Central,28
B005678,Middle,713423,Salaried,4,D,609,East,40
B005679,Upper-Middle,1095043,Salaried,13,E,429,North,51
B005680,Lower-Middle,578725,Salaried,5,A,856,Central,38
B005681,Upper-Middle,1393220,Freelancer,18,D,621,South,63
B005682,Lower-Middle,325726,Salaried,8,F,402,West,61
B005683,Low,291842,Self-Employed,1,D,613,North,27
B005684,Middle,923353,Salaried,1,B,706,East,32
B005685,Lower-Middle,493923,Self-Employed,15,E,522,South,34
B005686,Low,298679,Salaried,12,A,855,Central,46
B005687,Low,273154,Freelancer,24,C,657,North,47
B005688,Lower-Middle,323862,Salaried,21,B,747,East,57
B005689,Upper-Middle,1576204,Freelancer,28,B,804,South,36
B005690,Upper-Middle,1095624,Self-Employed,2,A,829,West,41
B005691,Middle,909825,Salaried,22,D,560,East,42
B005692,Low,190473,Business Owner,9,E,530,East,54
B005693,Middle,739508,Self-Employed,21,C,678,Central,41
B005694,Upper-Middle,1665738,Salaried,10,D,592,West,45
B005695,Upper-Middle,1105179,Self-Employed,23,D,554,West,25
B005696,Lower-Middle,583115,Self-Employed,28,G,300,South,36
B005697,Low,169027,Self-Employed,4,E,534,South,40
B005698,Upper-Middle,1020234,Business Owner,22,F,408,North,60
B005699,Upper-Middle,1020480,Self-Employed,3,E,489,East,26
B005700,Low,271474,Salaried,11,D,572,West,37
B005701,Upper-Middle,1383815,Salaried,18,A,846,South,49
B005702,Low,226202,Salaried,6,E,470,South,41
B005703,Low,275179,Self-Employed,25,E,500,North,34
B005704,Upper-Middle,1410466,Salaried,26,C,653,East,49
B005705,Middle,982772,Salaried,21,C,659,Central,22
B005706,Lower-Middle,301195,Business Owner,8,D,591,West,47
B005707,Upper-Middle,1130032,Salaried,26,C,705,North,59
B005708,Upper-Middle,1630470,Salaried,18,G,341,East,43
B005709,Low,287311,Business Owner,21,B,743,Central,55
B005710,Middle,882444,Self-Employed,20,B,754,North,51
B005711,Upper-Middle,1238518,Business Owner,3,A,807,South,48
B005712,Middle,936229,Salaried,23,D,595,Central,51
B005713,High,2284063,Self-Employed,27,E,508,West,64
B005714,Middle,775458,Freelancer,18,D,580,North,44
B005715,Low,267653,Salaried,11,B,791,North,33
B005716,Lower-Middle,421276,Salaried,12,F,384,North,43
B005717,Upper-Middle,1659850,Salaried,23,C,672,East,42
B005718,High,3127450,Freelancer,4,B,730,South,28
B005719,Low,279243,Salaried,23,B,756,North,62
B005720,Low,185236,Salaried,5,C,657,North,52
B005721,Upper-Middle,1508427,Self-Employed,15,D,594,North,36
B005722,Low,249352,Freelancer,17,D,570,South,64
B005723,Low,212179,Salaried,28,A,879,South,34
B005724,Upper-Middle,1346228,Self-Employed,14,F,357,West,33
B005725,Upper-Middle,1733842,Freelancer,17,C,684,West,29
B005726,Upper-Middle,1177251,Salaried,11,B,690,West,29
B005727,Middle,638269,Self-Employed,24,D,577,West,47
B005728,Lower-Middle,454789,Salaried,15,D,609,East,62
B005729,Upper-Middle,1704211,Salaried,4,G,307,North,45
B005730,Lower-Middle,592971,Salaried,25,C,700,North,39
B005731,Lower-Middle,569369,Salaried,29,B,734,West,57
B005732,Upper-Middle,1617030,Salaried,1,G,314,Central,51
B005733,Middle,643507,Business Owner,12,D,559,West,27
B005734,Upper-Middle,1496866,Salaried,4,D,616,Central,41
B005735,Low,247640,Salaried,15,A,828,Central,48
B005736,High,2888815,Self-Employed,0,C,645,North,45
B005737,Middle,936866,Freelancer,5,G,341,Central,21
B005738,Middle,993006,Salaried,9,G,300,West,35
B005739,High,3939271,Salaried,1,G,300,Central,64
B005740,Lower-Middle,306117,Salaried,4,E,503,Central,54
B005741,Middle,614357,Freelancer,17,D,585,North,53
B005742,Middle,621338,Business Owner,8,D,562,Central,43
B005743,Upper-Middle,1249971,Salaried,16,A,846,East,45
B005744,Upper-Middle,1596442,Salaried,2,E,534,South,42
B005745,Middle,829892,Self-Employed,26,E,464,Central,31
B005746,Low,222910,Self-Employed,10,E,489,West,45
B005747,Lower-Middle,520428,Salaried,4,C,662,West,58
B005748,High,2364737,Salaried,11,C,694,West,62
B005749,High,3981001,Salaried,10,E,459,West,36
B005750,High,2344417,Self-Employed,27,G,300,West,57
B005751,Low,205827,Unemployed,5,C,661,South,34
B005752,Lower-Middle,555654,Salaried,17,A,832,Central,23
B005753,Upper-Middle,1630545,Freelancer,4,F,410,West,34
B005754,Upper-Middle,1122110,Salaried,25,D,597,East,36
B005755,Low,159283,Self-Employed,25,D,590,East,64
B005756,Middle,861639,Freelancer,18,F,355,North,27
B005757,Low,254328,Self-Employed,15,D,571,North,40
B005758,Middle,957039,Salaried,13,D,573,West,61
B005759,Lower-Middle,308995,Salaried,29,E,461,South,30
B005760,Low,280309,Business Owner,26,D,557,Central,31
B005761,Low,200617,Self-Employed,18,C,713,East,47
B005762,High,2596205,Salaried,23,B,779,Central,54
B005763,Upper-Middle,1515739,Self-Employed,19,E,459,West,32
B005764,High,3691904,Salaried,0,B,775,North,48
B005765,Middle,765308,Salaried,16,F,414,South,48
B005766,Lower-Middle,302012,Business Owner,6,C,650,Central,54
B005767,Lower-Middle,494413,Salaried,17,D,591,West,46
B005768,Middle,821425,Salaried,29,A,838,North,50
B005769,Lower-Middle,591440,Salaried,11,C,624,South,36
B005770,Upper-Middle,1422405,Freelancer,23,C,658,Central,33
B005771,Upper-Middle,1504292,Salaried,29,E,462,East,39
B005772,Upper-Middle,1698945,Salaried,12,A,834,West,42
B005773,Lower-Middle,381021,Salaried,21,C,682,East,45
B005774,Middle,605691,Salaried,17,E,502,North,28
B005775,Lower-Middle,524764,Salaried,7,D,589,East,57
B005776,Low,252440,Salaried,23,E,497,North,31
B005777,Middle,952321,Salaried,11,E,463,Central,32
B005778,Middle,693226,Self-Employed,11,D,560,South,26
B005779,Middle,771940,Salaried,2,C,699,Central,32
B005780,Low,157284,Salaried,1,C,714,South,59
B005781,High,3368090,Self-Employed,8,A,850,North,59
B005782,High,2219790,Salaried,18,B,767,North,33
B005783,Middle,821605,Salaried,27,D,633,North,31
B005784,Upper-Middle,1403732,Unemployed,3,F,389,Central,26
B005785,Lower-Middle,422600,Self-Employed,10,D,584,North,35
B005786,Upper-Middle,1038937,Self-Employed,7,C,653,North,31
B005787,Upper-Middle,1484847,Salaried,15,E,437,South,24
B005788,Upper-Middle,1409218,Freelancer,15,C,655,Central,32
B005789,Upper-Middle,1193775,Salaried,26,B,769,Central,31
B005790,Middle,864831,Salaried,23,A,810,South,26
B005791,Upper-Middle,1777451,Business Owner,13,E,502,East,35
B005792,Middle,972288,Salaried,6,D,548,East,51
B005793,Low,283275,Self-Employed,17,D,564,South,64
B005794,Low,262750,Salaried,5,E,485,West,50
B005795,Upper-Middle,1640573,Salaried,29,D,557,South,53
B005796,Middle,885205,Self-Employed,12,C,671,South,46
B005797,Middle,763827,Self-Employed,12,D,577,Central,48
B005798,Upper-Middle,1150610,Self-Employed,4,B,762,East,59
B005799,Middle,902835,Salaried,20,C,707,Central,60
B005800,Lower-Middle,484903,Salaried,7,D,559,West,23
B005801,Lower-Middle,542278,Self-Employed,8,A,862,South,43
B005802,Middle,981444,Salaried,9,E,471,North,47
B005803,Upper-Middle,1314815,Self-Employed,7,A,850,North,64
B005804,Middle,961548,Salaried,23,C,694,South,46
B005805,Middle,627584,Salaried,26,C,695,West,32
B005806,Middle,702209,Salaried,19,D,568,West,52
B005807,Middle,786926,Business Owner,28,B,783,East,63
B005808,Upper-Middle,1751487,Salaried,10,E,497,South,35
B005809,Low,295898,Salaried,26,C,673,West,34
B005810,Upper-Middle,1408752,Freelancer,28,B,767,North,39
B005811,Middle,833162,Salaried,2,A,849,East,48
B005812,Low,217420,Business Owner,8,F,378,North,35
B005813,Middle,957126,Salaried,15,C,667,West,51
B005814,Middle,941441,Salaried,15,C,706,West,38
B005815,Middle,701284,Salaried,18,B,744,Central,42
B005816,Upper-Middle,1053813,Salaried,18,D,661,Central,49
B005817,Lower-Middle,321963,Business Owner,3,C,651,South,31
B005818,Lower-Middle,570203,Salaried,28,B,782,South,32
B005819,Lower-Middle,518326,Self-Employed,0,E,454,East,33
B005820,Lower-Middle,351595,Business Owner,25,F,410,East,59
B005821,Middle,881026,Self-Employed,15,C,628,West,47
B005822,Upper-Middle,1327466,Salaried,11,C,692,South,64
B005823,Middle,833682,Salaried,13,C,671,East,33
B005824,Low,239776,Salaried,15,F,425,Central,39
B005825,Lower-Middle,504553,Freelancer,0,D,550,North,39
B005826,Low,192439,Self-Employed,13,B,765,Central,64
B005827,Middle,970024,Self-Employed,28,D,595,North,49
B005828,Lower-Middle,563408,Salaried,9,C,685,South,42
B005829,Middle,604892,Salaried,10,A,828,North,45
B005830,Upper-Middle,1549178,Salaried,14,G,314,North,21
B005831,Middle,816079,Salaried,28,B,747,South,36
B005832,Lower-Middle,452184,Salaried,2,C,675,West,60
B005833,Lower-Middle,333763,Salaried,8,D,538,South,33
B005834,Middle,815280,Salaried,1,D,617,West,35
B005835,Middle,894802,Self-Employed,2,A,835,West,38
B005836,Low,152186,Salaried,2,D,592,West,23
B005837,Upper-Middle,1339083,Salaried,9,E,461,West,42
B005838,Middle,848419,Business Owner,4,E,448,South,29
B005839,Middle,659423,Self-Employed,23,B,777,Central,51
B005840,Lower-Middle,596526,Salaried,8,A,866,North,52
B005841,Lower-Middle,506427,Business Owner,12,F,421,Central,39
B005842,Lower-Middle,505291,Salaried,19,D,589,North,31
B005843,Lower-Middle,435487,Salaried,10,C,699,West,54
B005844,Middle,633886,Freelancer,25,E,499,West,53
B005845,Middle,960998,Salaried,19,B,737,Central,35
B005846,Upper-Middle,1045100,Self-Employed,23,G,370,East,57
B005847,High,3512246,Salaried,20,D,559,Central,44
B005848,Lower-Middle,350641,Salaried,9,F,421,South,61
B005849,Low,257785,Salaried,17,D,592,South,50
B005850,Upper-Middle,1391122,Salaried,1,E,517,Central,60
B005851,High,2798320,Salaried,5,C,668,East,33
B005852,Upper-Middle,1799145,Salaried,1,B,768,Central,28
B005853,Low,299613,Salaried,2,C,654,East,55
B005854,Lower-Middle,316366,Salaried,23,F,415,Central,45
B005855,Low,284476,Salaried,6,D,548,North,54
B005856,Upper-Middle,1004511,Salaried,26,C,702,West,59
B005857,Middle,840355,Salaried,28,B,819,South,36
B005858,Middle,928119,Salaried,27,D,608,West,31
B005859,Middle,728659,Self-Employed,17,D,528,South,29
B005860,Lower-Middle,510564,Unemployed,28,D,567,East,64
B005861,Middle,842070,Salaried,3,E,515,Central,45
B005862,Low,218893,Salaried,25,B,732,North,53
B005863,Middle,940427,Freelancer,3,D,546,West,62
B005864,Upper-Middle,1546707,Self-Employed,10,C,673,West,62
B005865,Middle,918163,Unemployed,9,B,748,South,64
B005866,Lower-Middle,322854,Self-Employed,14,C,657,East,34
B005867,Upper-Middle,1165842,Business Owner,19,E,455,Central,50
B005868,Middle,839965,Salaried,24,B,802,East,29
B005869,Low,273692,Salaried,17,C,646,North,41
B005870,Lower-Middle,531345,Self-Employed,26,D,569,West,62
B005871,Middle,787280,Self-Employed,17,C,680,North,33
B005872,Lower-Middle,546200,Business Owner,10,E,484,South,33
B005873,Low,282966,Unemployed,16,E,478,Central,46
B005874,Low,238921,Salaried,18,D,603,West,60
B005875,Low,172442,Salaried,14,C,679,West,48
B005876,Middle,842329,Freelancer,5,A,858,South,28
B005877,Middle,725503,Business Owner,8,C,659,North,63
B005878,Low,203675,Business Owner,0,D,547,Central,36
B005879,Middle,957446,Self-Employed,17,B,789,South,41
B005880,Lower-Middle,595598,Unemployed,10,E,472,Central,48
B005881,Lower-Middle,512926,Salaried,23,G,300,South,51
B005882,Lower-Middle,394047,Salaried,27,E,481,East,61
B005883,Upper-Middle,1223920,Salaried,29,C,668,West,31
B005884,High,1892751,Salaried,19,E,455,South,41
B005885,Middle,623895,Business Owner,28,C,659,West,35
B005886,Low,161203,Salaried,26,G,309,South,47
B005887,Lower-Middle,502920,Self-Employed,28,C,638,East,33
B005888,Low,178568,Salaried,10,D,608,Central,35
B005889,Upper-Middle,1065434,Self-Employed,8,A,817,South,50
B005890,Low,298577,Salaried,1,D,596,South,29
B005891,High,3370851,Self-Employed,17,C,674,North,40
B005892,Middle,840968,Salaried,10,B,823,Central,53
B005893,Middle,818927,Salaried,25,C,671,North,41
B005894,Upper-Middle,1765887,Salaried,12,B,725,East,53
B005895,Low,242294,Self-Employed,5,B,728,South,40
B005896,Upper-Middle,1028914,Salaried,20,F,392,Central,59
B005897,Low,238411,Unemployed,8,A,788,East,58
B005898,Upper-Middle,1344533,Freelancer,29,D,546,East,27
B005899,Middle,999656,Salaried,16,A,866,East,59
B005900,Low,222798,Salaried,9,E,544,East,23
B005901,Upper-Middle,1626416,Salaried,18,G,307,South,61
B005902,Low,272758,Salaried,22,C,643,North,48
B005903,Low,157778,Salaried,10,G,336,North,27
B005904,Upper-Middle,1770838,Freelancer,26,D,613,Central,42
B005905,Middle,807829,Freelancer,3,D,569,North,63
B005906,Upper-Middle,1663633,Salaried,7,B,776,East,48
B005907,Middle,856381,Business Owner,5,G,343,West,43
B005908,Middle,780379,Business Owner,23,F,408,West,31
B005909,Lower-Middle,382169,Salaried,12,B,743,Central,37
B005910,Low,178198,Freelancer,28,A,837,North,57
B005911,High,3366681,Unemployed,7,C,639,South,58
B005912,Low,161636,Freelancer,23,B,740,West,40
B005913,Middle,697353,Business Owner,20,C,686,North,45
B005914,Lower-Middle,457628,Salaried,11,G,304,East,50
B005915,Lower-Middle,365932,Salaried,27,F,362,West,63
B005916,Middle,819918,Unemployed,17,C,679,East,29
B005917,Upper-Middle,1288922,Salaried,13,C,698,West,23
B005918,Upper-Middle,1215394,Salaried,22,D,576,East,23
B005919,Upper-Middle,1572682,Salaried,27,F,398,North,44
B005920,Lower-Middle,372767,Salaried,24,E,527,East,36
B005921,Middle,678866,Salaried,4,F,429,East,25
B005922,Low,175451,Business Owner,21,E,504,Central,39
B005923,Upper-Middle,1162171,Salaried,16,D,616,Central,48
B005924,Lower-Middle,303776,Salaried,29,B,789,South,39
B005925,Middle,886156,Salaried,26,E,487,Central,51
B005926,Low,234816,Self-Employed,25,D,590,Central,31
B005927,Upper-Middle,1038192,Business Owner,3,E,493,East,64
B005928,Upper-Middle,1386078,Freelancer,6,E,539,North,41
B005929,Upper-Middle,1667993,Business Owner,26,B,771,West,42
B005930,Low,221902,Salaried,29,C,679,East,43
B005931,High,3999700,Business Owner,22,E,537,West,62
B005932,Lower-Middle,330710,Self-Employed,21,C,674,West,33
B005933,Lower-Middle,484165,Self-Employed,15,B,752,West,42
B005934,Lower-Middle,457910,Self-Employed,27,D,526,Central,35
B005935,Lower-Middle,475716,Salaried,2,C,659,South,47
B005936,Middle,807265,Salaried,14,D,585,South,45
B005937,Lower-Middle,468718,Self-Employed,3,D,605,North,61
B005938,Lower-Middle,572923,Salaried,26,D,580,West,22
B005939,Middle,745747,Business Owner,12,G,300,West,53
B005940,Upper-Middle,1527987,Salaried,29,C,680,West,22
B005941,Middle,688801,Self-Employed,1,G,300,North,45
B005942,Middle,742101,Business Owner,24,E,522,Central,40
B005943,Low,230638,Salaried,6,E,526,West,24
B005944,Upper-Middle,1566987,Salaried,23,E,446,Central,23
B005945,Low,287016,Self-Employed,23,A,829,North,55
B005946,Lower-Middle,511126,Salaried,6,D,589,South,53
B005947,Low,253401,Salaried,12,B,804,Central,47
B005948,Middle,771066,Business Owner,4,D,579,Central,46
B005949,Lower-Middle,371051,Salaried,18,A,860,West,25
B005950,Middle,884016,Self-Employed,23,A,856,Central,22
B005951,Lower-Middle,412121,Salaried,1,F,361,West,56
B005952,Middle,949891,Salaried,21,F,391,East,35
B005953,Middle,944683,Salaried,8,D,561,South,55
B005954,Low,161767,Freelancer,18,C,676,West,24
B005955,Lower-Middle,311528,Self-Employed,28,E,473,East,50
B005956,Middle,784288,Salaried,13,G,311,South,60
B005957,Middle,689729,Salaried,21,A,849,North,37
B005958,Low,185918,Self-Employed,1,B,761,South,34
B005959,Middle,764261,Self-Employed,1,F,427,East,53
B005960,Lower-Middle,534440,Salaried,17,A,860,South,37
B005961,Low,174793,Salaried,18,E,484,East,35
B005962,Low,292810,Salaried,15,D,592,North,55
B005963,Middle,842381,Self-Employed,21,D,566,South,50
B005964,Lower-Middle,529626,Business Owner,21,A,823,East,30
B005965,Middle,663246,Self-Employed,28,E,517,West,40
B005966,Lower-Middle,345005,Self-Employed,2,D,564,Central,30
B005967,Upper-Middle,1253082,Salaried,12,F,375,North,42
B005968,Lower-Middle,568437,Self-Employed,12,D,618,South,56
B005969,Middle,934762,Self-Employed,16,F,422,West,49
B005970,Upper-Middle,1212801,Salaried,12,B,755,North,44
B005971,Lower-Middle,424876,Freelancer,22,B,782,East,34
B005972,Low,224968,Salaried,13,F,388,South,32
B005973,Middle,729852,Self-Employed,11,A,862,East,48
B005974,High,3890297,Self-Employed,1,B,761,West,27
B005975,High,3294626,Freelancer,10,B,751,North,60
B005976,Lower-Middle,429377,Salaried,17,E,496,East,55
B005977,Upper-Middle,1006255,Freelancer,29,E,462,West,54
B005978,Lower-Middle,317358,Salaried,5,F,386,West,29
B005979,Low,232198,Salaried,22,B,709,South,36
B005980,Middle,902207,Freelancer,27,C,662,South,42
B005981,Middle,846603,Salaried,15,C,676,East,57
B005982,Middle,924550,Self-Employed,18,G,300,West,29
B005983,Upper-Middle,1619185,Salaried,5,D,590,West,57
B005984,Lower-Middle,541008,Freelancer,24,C,615,West,37
B005985,Middle,843657,Business Owner,19,C,655,South,59
B005986,Lower-Middle,558777,Salaried,14,C,668,Central,24
B005987,Low,200588,Business Owner,19,E,489,West,53
B005988,Lower-Middle,346174,Salaried,11,D,586,West,21
B005989,High,3561169,Self-Employed,5,D,539,West,35
B005990,Middle,719279,Business Owner,7,C,674,Central,46
B005991,Low,184506,Self-Employed,0,A,867,Central,54
B005992,Middle,822634,Self-Employed,11,D,569,North,46
B005993,High,3035595,Business Owner,13,E,484,West,36
B005994,Upper-Middle,1060228,Self-Employed,27,B,724,East,29
B005995,Middle,849734,Freelancer,12,D,602,East,36
B005996,Lower-Middle,368346,Salaried,27,F,368,East,29
B005997,Middle,653300,Salaried,3,D,607,North,22
B005998,Upper-Middle,1771780,Business Owner,28,D,635,Central,55
B005999,Upper-Middle,1233313,Salaried,12,E,478,North,64
B006000,Upper-Middle,1329247,Salaried,22,C,651,East,40
B006001,Middle,657274,Business Owner,7,B,755,Central,35
B006002,Low,292001,Self-Employed,5,C,695,West,47
B006003,Middle,606238,Salaried,17,B,737,Central,21
B006004,Low,151408,Salaried,21,D,526,Central,33
B006005,Low,210860,Salaried,7,E,518,North,40
B006006,Middle,648386,Salaried,10,A,850,North,46
B006007,Middle,677844,Salaried,12,G,304,North,34
B006008,Upper-Middle,1230092,Business Owner,12,F,401,South,39
B006009,Upper-Middle,1375319,Salaried,29,B,739,South,31
B006010,Upper-Middle,1711990,Business Owner,13,C,665,South,33
B006011,Upper-Middle,1337774,Unemployed,22,B,766,North,35
B006012,Middle,915668,Salaried,7,G,322,North,45
B006013,Low,294100,Unemployed,20,D,581,East,61
B006014,Middle,937601,Salaried,6,E,429,East,24
B006015,Low,277973,Self-Employed,21,G,302,South,29
B006016,Low,269861,Unemployed,3,D,581,South,26
B006017,Low,167191,Business Owner,9,F,403,East,28
B006018,Upper-Middle,1136690,Salaried,13,B,749,North,40
B006019,Upper-Middle,1219417,Salaried,27,B,809,North,62
B006020,High,3284518,Salaried,17,C,659,North,34
B006021,High,2721785,Freelancer,5,F,411,South,52
B006022,Upper-Middle,1402057,Salaried,26,A,838,North,56
B006023,Low,271908,Salaried,23,C,681,South,29
B006024,Upper-Middle,1026367,Salaried,0,E,453,South,29
B006025,Upper-Middle,1692558,Salaried,3,B,797,South,52
B006026,Upper-Middle,1451457,Salaried,1,D,588,West,26
B006027,Low,238723,Salaried,6,A,836,North,57
B006028,Low,192071,Self-Employed,22,A,840,South,23
B006029,High,2162700,Salaried,5,C,651,Central,46
B006030,Low,235798,Salaried,23,E,481,Central,56
B006031,Lower-Middle,552673,Salaried,12,A,849,North,62
B006032,Middle,902289,Salaried,1,C,656,South,58
B006033,Low,269954,Business Owner,16,E,508,East,49
B006034,Low,200613,Salaried,22,C,725,South,60
B006035,High,3183306,Salaried,10,C,664,North,43
B006036,Upper-Middle,1452277,Salaried,16,D,524,South,60
B006037,High,1995381,Salaried,24,F,391,Central,64
B006038,Lower-Middle,461701,Business Owner,9,F,397,North,59
B006039,Lower-Middle,300482,Freelancer,11,A,869,West,50
B006040,Lower-Middle,520648,Salaried,19,D,562,Central,63
B006041,Middle,955580,Salaried,27,D,562,Central,64
B006042,Low,283156,Salaried,9,C,652,West,38
B006043,Upper-Middle,1259102,Self-Employed,6,D,547,South,34
B006044,High,3143295,Salaried,13,F,355,South,49
B006045,Middle,898450,Unemployed,1,E,492,West,42
B006046,Lower-Middle,492125,Salaried,14,D,543,Central,22
B006047,Lower-Middle,304119,Unemployed,10,B,752,South,34
B006048,Low,228709,Salaried,8,D,596,West,59
B006049,Lower-Middle,454475,Salaried,8,D,557,Central,60
B006050,Middle,923791,Salaried,9,C,698,West,27
B006051,Lower-Middle,541210,Salaried,9,F,381,Central,51
B006052,Middle,863525,Unemployed,26,G,300,South,51
B006053,Upper-Middle,1124046,Salaried,4,G,300,West,55
B006054,Lower-Middle,467862,Salaried,12,E,498,South,35
B006055,Low,282907,Unemployed,10,D,600,North,54
B006056,Low,174437,Salaried,8,C,679,East,46
B006057,Low,278614,Salaried,4,F,444,West,28
B006058,Middle,633136,Salaried,15,C,675,East,55
B006059,Upper-Middle,1770606,Salaried,15,B,747,South,63
B006060,Upper-Middle,1772022,Freelancer,4,B,758,Central,43
B006061,Middle,993600,Salaried,29,E,457,East,26
B006062,Lower-Middle,402201,Business Owner,16,C,691,North,62
B006063,Low,278032,Salaried,22,E,455,North,27
B006064,Lower-Middle,403004,Salaried,25,D,554,North,34
B006065,Lower-Middle,330282,Self-Employed,7,C,666,Central,33
B006066,Upper-Middle,1344938,Business Owner,14,E,466,West,45
B006067,Middle,920844,Self-Employed,24,E,499,North,31
B006068,Lower-Middle,307331,Salaried,0,B,767,East,58
B006069,Lower-Middle,432309,Salaried,8,B,778,East,35
B006070,Low,240430,Business Owner,27,D,594,East,45
B006071,High,3594303,Self-Employed,19,B,765,Central,27
B006072,Low,187410,Salaried,22,C,668,East,44
B006073,Low,166460,Salaried,14,F,417,South,31
B006074,Lower-Middle,360812,Business Owner,29,B,760,South,38
B006075,Upper-Middle,1489796,Salaried,19,C,705,West,43
B006076,Middle,847221,Self-Employed,24,C,692,North,55
B006077,Middle,743982,Self-Employed,16,C,663,West,57
B006078,Lower-Middle,455210,Salaried,25,C,700,West,36
B006079,Low,205950,Salaried,20,B,798,Central,36
B006080,Upper-Middle,1072592,Self-Employed,27,E,543,East,31
B006081,Lower-Middle,326995,Self-Employed,1,E,518,East,60
B006082,Low,226237,Freelancer,7,D,553,Central,26
B006083,Middle,971862,Self-Employed,11,F,376,Central,25
B006084,Low,215633,Salaried,29,B,734,East,39
B006085,Low,228270,Salaried,8,D,605,South,38
B006086,Upper-Middle,1646904,Self-Employed,7,E,554,Central,33
B006087,Middle,818024,Salaried,17,D,589,East,40
B006088,Lower-Middle,316349,Business Owner,29,G,311,Central,64
B006089,Lower-Middle,412828,Salaried,29,D,593,East,32
B006090,Middle,608905,Salaried,23,G,324,East,47
B006091,Low,287944,Salaried,24,A,882,East,53
B006092,Low,296966,Freelancer,21,A,835,West,64
B006093,Middle,689399,Self-Employed,12,C,681,West,58
B006094,Middle,817912,Self-Employed,6,E,510,North,51
B006095,High,1967539,Salaried,19,A,856,Central,57
B006096,Lower-Middle,366307,Freelancer,9,B,721,North,58
B006097,Low,163141,Freelancer,27,G,300,Central,55
B006098,Middle,601578,Salaried,4,D,545,West,25
B006099,Middle,861286,Business Owner,25,C,698,East,35
B006100,Low,215443,Freelancer,8,A,889,North,51
B006101,Middle,878118,Salaried,17,E,462,Central,59
B006102,Lower-Middle,590906,Salaried,27,F,420,West,26
B006103,Upper-Middle,1716642,Self-Employed,6,E,439,East,64
B006104,Upper-Middle,1028855,Salaried,13,B,745,South,27
B006105,Lower-Middle,422674,Business Owner,16,D,589,West,29
B006106,High,3858119,Self-Employed,28,C,691,South,24
B006107,High,3917217,Salaried,1,F,383,East,49
B006108,Low,258540,Salaried,17,E,487,South,48
B006109,Lower-Middle,375922,Self-Employed,29,E,488,East,59
B006110,Middle,772278,Salaried,0,C,637,Central,49
B006111,Low,192327,Salaried,11,A,876,West,24
B006112,Lower-Middle,376158,Salaried,10,E,495,West,33
B006113,Lower-Middle,377603,Business Owner,2,D,560,West,36
B006114,High,3316021,Salaried,10,B,758,West,60
B006115,Lower-Middle,511254,Salaried,14,E,517,West,52
B006116,Upper-Middle,1455719,Business Owner,12,B,740,West,61
B006117,Lower-Middle,582174,Salaried,16,E,461,North,57
B006118,Low,264145,Self-Employed,20,E,462,Central,56
B006119,Upper-Middle,1336320,Salaried,12,A,900,South,40
B006120,Low,273483,Business Owner,8,E,512,North,48
B006121,Low,186349,Salaried,27,C,646,North,54
B006122,Lower-Middle,424645,Salaried,12,D,583,Central,47
B006123,Middle,621098,Salaried,28,G,316,Central,39
B006124,Lower-Middle,574500,Freelancer,29,F,401,South,38
B006125,Low,191396,Business Owner,18,C,656,Central,60
B006126,Lower-Middle,330851,Salaried,10,E,455,East,41
B006127,Lower-Middle,531827,Salaried,29,D,562,Central,38
B006128,Low,291728,Salaried,15,E,477,Central,27
B006129,Middle,935602,Salaried,10,C,691,South,46
B006130,Low,198495,Salaried,15,C,674,Central,63
B006131,Lower-Middle,599324,Freelancer,21,B,774,Central,55
B006132,Middle,710342,Salaried,5,F,372,East,46
B006133,Middle,692133,Freelancer,5,F,394,South,35
B006134,Lower-Middle,360208,Salaried,14,C,696,East,37
B006135,Lower-Middle,304478,Business Owner,18,D,548,Central,41
B006136,Lower-Middle,474287,Salaried,6,C,712,East,29
B006137,High,3417489,Salaried,2,B,763,North,53
B006138,Lower-Middle,482544,Business Owner,3,A,866,North,38
B006139,Lower-Middle,459795,Salaried,1,E,442,West,56
B006140,Lower-Middle,492435,Freelancer,24,C,688,West,28
B006141,Lower-Middle,561359,Business Owner,18,D,558,South,23
B006142,Low,196294,Unemployed,21,F,402,West,56
B006143,Low,221402,Business Owner,15,A,820,South,24
B006144,Middle,961076,Salaried,8,D,605,East,52
B006145,Middle,708555,Salaried,12,G,300,South,34
B006146,Middle,618901,Self-Employed,4,E,502,North,53
B006147,Upper-Middle,1266326,Salaried,11,B,769,Central,54
B006148,Lower-Middle,499172,Self-Employed,29,B,767,East,51
B006149,High,1939048,Salaried,28,E,486,Central,38
B006150,Upper-Middle,1157134,Self-Employed,27,A,864,North,60
B006151,Upper-Middle,1344853,Salaried,21,D,579,South,41
B006152,Middle,750048,Salaried,10,B,753,East,29
B006153,Lower-Middle,576721,Freelancer,23,E,508,North,48
B006154,Lower-Middle,458917,Business Owner,19,C,721,West,44
B006155,Lower-Middle,566503,Salaried,21,C,669,Central,21
B006156,Low,210022,Salaried,8,E,457,South,48
B006157,Middle,833150,Business Owner,24,A,843,Central,24
B006158,Low,234704,Salaried,11,D,596,Central,64
B006159,Low,174117,Self-Employed,19,G,301,East,25
B006160,High,1832646,Business Owner,16,D,544,West,36
B006161,Middle,707541,Salaried,8,A,856,East,37
B006162,Middle,620610,Salaried,8,F,395,South,33
B006163,Lower-Middle,523704,Salaried,13,B,744,South,40
B006164,Middle,938183,Salaried,2,C,677,South,23
B006165,Upper-Middle,1272578,Self-Employed,0,B,782,Central,63
B006166,Middle,670171,Salaried,21,E,480,North,63
B006167,Middle,659802,Freelancer,26,C,690,East,25
B006168,Middle,803739,Business Owner,5,C,673,Central,32
B006169,Lower-Middle,432787,Salaried,0,C,645,East,41
B006170,Middle,977508,Self-Employed,9,C,622,North,25
B006171,High,3796617,Salaried,22,E,496,South,33
B006172,Lower-Middle,584714,Salaried,28,D,579,West,60
B006173,Lower-Middle,495853,Self-Employed,11,D,562,North,46
B006174,Lower-Middle,554635,Salaried,18,B,745,West,61
B006175,Lower-Middle,542167,Salaried,28,F,371,West,32
B006176,High,2455657,Salaried,6,C,677,South,44
B006177,Middle,846269,Salaried,4,C,644,West,64
B006178,Lower-Middle,451895,Self-Employed,8,B,753,South,32
B006179,Lower-Middle,470837,Unemployed,22,G,300,South,54
B006180,Lower-Middle,431818,Self-Employed,6,D,542,South,42
B006181,Low,187411,Unemployed,1,A,865,South,34
B006182,Middle,918196,Self-Employed,26,B,756,Central,25
B006183,Upper-Middle,1123351,Salaried,23,D,640,North,62
B006184,Middle,708014,Freelancer,24,B,738,Central,26
B006185,Lower-Middle,544685,Salaried,18,D,625,West,26
B006186,Middle,959066,Salaried,16,C,671,Central,42
B006187,Middle,974145,Freelancer,6,C,658,West,25
B006188,Lower-Middle,586236,Self-Employed,3,E,465,North,58
B006189,Middle,657940,Freelancer,18,D,547,West,53
B006190,Middle,815812,Salaried,22,B,744,West,27
B006191,Upper-Middle,1143334,Business Owner,25,C,652,East,60
B006192,Low,222967,Salaried,25,F,389,East,49
B006193,Lower-Middle,521534,Salaried,20,E,472,South,51
B006194,Middle,990096,Freelancer,15,E,512,Central,35
B006195,Low,295337,Salaried,13,E,463,Central,57
B006196,Lower-Middle,473298,Self-Employed,6,A,831,East,23
B006197,Upper-Middle,1313719,Freelancer,8,B,754,Central,64
B006198,Low,203906,Freelancer,20,A,829,East,32
B006199,Middle,818686,Salaried,18,B,783,South,27
B006200,High,2058264,Salaried,9,E,467,East,24
B006201,Middle,750985,Freelancer,10,A,842,Central,24
B006202,Middle,653436,Self-Employed,27,C,660,Central,29
B006203,Middle,624697,Salaried,12,B,750,North,44
B006204,Lower-Middle,588237,Salaried,24,E,543,West,34
B006205,Low,197634,Salaried,13,E,521,Central,44
B006206,Middle,789190,Freelancer,12,E,502,North,28
B006207,Lower-Middle,508813,Salaried,17,C,677,East,57
B006208,Lower-Middle,452956,Business Owner,1,F,445,Central,38
B006209,Low,284920,Salaried,9,F,395,South,45
B006210,Upper-Middle,1727670,Salaried,28,D,572,West,21
B006211,Low,191686,Self-Employed,24,D,577,South,35
B006212,Upper-Middle,1342755,Freelancer,28,C,666,North,22
B006213,Lower-Middle,360062,Salaried,25,E,497,South,36
B006214,Middle,972447,Salaried,14,F,401,East,54
B006215,Lower-Middle,318053,Self-Employed,27,C,615,East,41
B006216,Low,270964,Salaried,0,C,675,South,55
B006217,Middle,932418,Salaried,7,C,681,Central,24
B006218,Middle,951466,Self-Employed,21,G,321,East,37
B006219,Lower-Middle,494994,Salaried,5,D,562,West,21
B006220,Lower-Middle,454746,Self-Employed,8,G,300,East,64
B006221,Lower-Middle,481067,Salaried,6,D,608,South,63
B006222,Lower-Middle,357391,Self-Employed,22,C,661,Central,33
B006223,Middle,670200,Business Owner,23,D,568,East,53
B006224,Low,268857,Business Owner,0,B,744,North,53
B006225,Middle,818017,Self-Employed,6,C,682,East,37
B006226,Low,289823,Self-Employed,18,C,692,East,40
B006227,Middle,707044,Salaried,27,D,589,South,64
B006228,Lower-Middle,384752,Salaried,28,C,679,North,36
B006229,Middle,804148,Salaried,24,C,660,East,40
B006230,Lower-Middle,323672,Self-Employed,15,F,388,North,33
B006231,Upper-Middle,1594049,Salaried,1,B,750,South,39
B006232,Middle,666742,Salaried,28,F,409,West,31
B006233,Upper-Middle,1449860,Salaried,22,D,566,West,22
B006234,Lower-Middle,329615,Self-Employed,21,D,593,West,50
B006235,Lower-Middle,422741,Salaried,25,B,775,North,33
B006236,Low,233802,Salaried,17,B,776,Central,22
B006237,Lower-Middle,459071,Self-Employed,21,E,479,North,25
B006238,Middle,990081,Freelancer,25,F,378,East,60
B006239,Upper-Middle,1536211,Self-Employed,24,D,580,Central,40
B006240,Middle,813257,Salaried,27,B,748,South,32
B006241,Middle,861377,Business Owner,5,E,474,North,35
B006242,Low,260930,Salaried,25,F,393,South,42
B006243,Low,293204,Salaried,14,D,595,North,34
B006244,Upper-Middle,1117843,Salaried,27,B,738,West,38
B006245,Low,257121,Salaried,29,C,712,West,39
B006246,Low,151925,Self-Employed,1,F,413,West,62
B006247,High,1813958,Self-Employed,26,B,748,South,35
B006248,High,3370181,Business Owner,6,B,778,North,28
B006249,Middle,821703,Self-Employed,27,E,468,South,41
B006250,Lower-Middle,539879,Salaried,8,D,584,Central,37
B006251,Upper-Middle,1302121,Self-Employed,20,B,771,South,48
B006252,Lower-Middle,345802,Business Owner,28,D,596,Central,50
B006253,Lower-Middle,493029,Salaried,2,F,396,Central,41
B006254,Lower-Middle,456228,Salaried,27,E,463,West,33
B006255,High,2456490,Self-Employed,24,A,850,South,52
B006256,High,2824474,Self-Employed,24,F,430,South,44
B006257,Middle,819353,Salaried,27,D,563,North,34
B006258,Low,180925,Freelancer,23,C,652,South,22
B006259,Middle,893510,Salaried,8,A,844,East,22
B006260,Lower-Middle,482232,Salaried,13,G,324,West,60
B006261,Upper-Middle,1052737,Business Owner,16,A,822,North,48
B006262,Low,225078,Business Owner,2,B,745,South,57
B006263,Low,190475,Self-Employed,25,D,554,South,39
B006264,Middle,955501,Salaried,19,E,524,South,26
B006265,Middle,780238,Unemployed,28,C,647,East,64
B006266,Upper-Middle,1114912,Salaried,15,E,493,West,53
B006267,Low,249877,Salaried,0,E,473,Central,50
B006268,Upper-Middle,1211364,Self-Employed,12,E,499,North,23
B006269,Low,293903,Salaried,6,E,514,North,23
B006270,Low,155288,Self-Employed,10,A,846,North,61
B006271,Middle,652499,Freelancer,17,F,419,South,58
B006272,Lower-Middle,597866,Salaried,4,D,594,North,26
B006273,Middle,979266,Salaried,18,C,676,South,45
B006274,Low,159155,Salaried,12,A,872,South,36
B006275,Low,206849,Salaried,24,D,636,East,48
B006276,Middle,976249,Self-Employed,27,B,791,East,58
B006277,Lower-Middle,381229,Freelancer,10,D,540,West,48
B006278,Middle,943775,Self-Employed,5,B,725,Central,30
B006279,Upper-Middle,1416939,Unemployed,0,D,578,North,38
B006280,Low,271150,Salaried,17,A,799,North,61
B006281,Upper-Middle,1530844,Salaried,13,D,576,West,23
B006282,Lower-Middle,541328,Salaried,18,D,542,South,50
B006283,Lower-Middle,403316,Business Owner,7,C,674,Central,42
B006284,Low,297691,Salaried,11,F,409,North,41
B006285,Upper-Middle,1316431,Salaried,28,D,576,North,22
B006286,Middle,615270,Salaried,8,E,481,East,26
B006287,Middle,907201,Salaried,16,C,652,East,40
B006288,High,2278839,Self-Employed,4,E,492,North,49
B006289,Lower-Middle,327812,Freelancer,2,F,369,East,28
B006290,Upper-Middle,1548083,Salaried,12,C,647,South,46
B006291,Middle,911886,Self-Employed,2,G,320,West,60
B006292,High,3193045,Salaried,15,B,751,Central,39
B006293,Upper-Middle,1196230,Salaried,4,E,478,East,52
B006294,High,2261408,Salaried,1,D,604,Central,38
B006295,Low,196974,Self-Employed,18,B,759,East,24
B006296,Upper-Middle,1550414,Self-Employed,27,D,568,South,46
B006297,Upper-Middle,1047414,Self-Employed,29,B,777,North,24
B006298,Middle,944450,Business Owner,0,F,377,South,39
B006299,Lower-Middle,588891,Salaried,18,E,410,South,34
B006300,High,3746956,Business Owner,1,D,614,West,51
B006301,Lower-Middle,427041,Self-Employed,18,B,730,East,22
B006302,Middle,810862,Salaried,20,G,351,West,40
B006303,Middle,805632,Salaried,4,E,476,North,25
B006304,Low,239572,Salaried,23,E,443,South,64
B006305,Middle,941930,Salaried,26,C,646,West,51
B006306,Low,279828,Salaried,13,D,589,Central,45
B006307,Middle,724362,Salaried,15,C,709,South,59
B006308,Upper-Middle,1088775,Freelancer,9,E,512,East,27
B006309,Lower-Middle,466757,Freelancer,29,C,695,South,49
B006310,Middle,615424,Self-Employed,21,B,728,Central,63
B006311,Low,251629,Business Owner,13,B,780,North,41
B006312,Upper-Middle,1570351,Unemployed,26,C,664,Central,64
B006313,High,3277025,Salaried,24,D,624,West,58
B006314,Low,188776,Self-Employed,9,E,501,Central,64
B006315,Middle,896993,Self-Employed,29,F,410,North,27
B006316,Middle,717110,Freelancer,18,A,815,North,34
B006317,Middle,769760,Business Owner,1,A,866,North,55
B006318,Middle,879651,Salaried,26,C,655,South,36
B006319,Middle,724135,Self-Employed,8,E,507,South,52
B006320,Middle,954849,Salaried,19,F,395,South,21
B006321,Lower-Middle,397811,Salaried,24,B,747,South,48
B006322,Lower-Middle,558010,Self-Employed,2,C,683,West,60
B006323,Upper-Middle,1752169,Self-Employed,24,F,404,South,32
B006324,Low,206178,Salaried,4,D,549,South,52
B006325,Middle,620609,Salaried,5,C,708,Central,25
B006326,Lower-Middle,376161,Self-Employed,24,B,755,South,33
B006327,Upper-Middle,1616189,Salaried,15,B,781,South,28
B006328,Middle,638084,Business Owner,14,B,757,South,29
B006329,Lower-Middle,562639,Salaried,16,D,558,East,42
B006330,Lower-Middle,479568,Self-Employed,6,E,485,South,60
B006331,Lower-Middle,539101,Salaried,29,C,684,East,25
B006332,High,3470045,Freelancer,2,D,640,Central,36
B006333,Middle,901205,Freelancer,5,B,785,East,23
B006334,Middle,609776,Salaried,2,A,836,Central,45
B006335,Upper-Middle,1591145,Self-Employed,1,A,812,West,48
B006336,Lower-Middle,503307,Business Owner,15,B,761,South,27
B006337,Lower-Middle,480518,Salaried,3,G,311,South,31
B006338,Lower-Middle,557096,Self-Employed,22,B,785,North,28
B006339,Low,229348,Freelancer,29,B,793,North,23
B006340,Middle,828163,Salaried,12,E,506,West,38
B006341,Upper-Middle,1414225,Freelancer,4,C,694,West,34
B006342,Upper-Middle,1595558,Salaried,11,B,755,East,32
B006343,Upper-Middle,1744473,Freelancer,12,B,782,North,58
B006344,Middle,839668,Unemployed,0,B,768,East,30
B006345,Lower-Middle,406035,Salaried,21,A,900,East,32
B006346,Middle,804633,Salaried,10,D,586,South,38
B006347,High,3880601,Self-Employed,22,C,665,East,58
B006348,Middle,673368,Freelancer,5,B,779,East,30
B006349,Middle,962533,Salaried,0,E,528,North,47
B006350,Middle,932674,Salaried,11,A,870,North,62
B006351,Upper-Middle,1294815,Business Owner,14,C,681,North,57
B006352,High,3730842,Salaried,1,B,759,West,46
B006353,Upper-Middle,1599240,Self-Employed,16,A,828,Central,53
B006354,Lower-Middle,584526,Self-Employed,16,D,610,Central,22
B006355,Lower-Middle,452559,Unemployed,29,B,790,West,51
B006356,Middle,886693,Salaried,17,A,797,Central,30
B006357,Lower-Middle,405979,Freelancer,4,C,649,South,33
B006358,High,2641975,Self-Employed,25,E,508,West,40
B006359,Middle,672077,Freelancer,28,D,568,East,56
B006360,Middle,830179,Salaried,4,A,864,South,39
B006361,Lower-Middle,301135,Self-Employed,10,C,645,West,30
B006362,Middle,967457,Business Owner,18,C,649,Central,51
B006363,Middle,732597,Business Owner,1,C,641,East,47
B006364,Low,243355,Salaried,25,C,667,West,54
B006365,Upper-Middle,1779325,Salaried,21,D,580,South,43
B006366,Lower-Middle,425566,Salaried,27,F,370,East,46
B006367,Lower-Middle,321442,Salaried,22,E,464,West,24
B006368,Lower-Middle,412602,Self-Employed,5,B,749,South,36
B006369,Middle,992179,Freelancer,21,E,481,West,22
B006370,Middle,983136,Self-Employed,18,C,651,West,29
B006371,Upper-Middle,1545826,Salaried,8,E,505,Central,56
B006372,Low,251970,Salaried,4,D,569,West,22
B006373,High,2863014,Salaried,27,D,584,West,33
B006374,Middle,801935,Salaried,5,C,680,East,23
B006375,Lower-Middle,465930,Business Owner,4,E,468,Central,40
B006376,Lower-Middle,418932,Salaried,21,D,593,South,39
B006377,Lower-Middle,545095,Salaried,23,D,584,North,53
B006378,Upper-Middle,1726685,Business Owner,25,D,582,South,21
B006379,Lower-Middle,558809,Salaried,15,A,829,East,26
B006380,Middle,713107,Salaried,10,C,693,West,35
B006381,Middle,680463,Salaried,21,A,809,North,23
B006382,Upper-Middle,1780546,Salaried,23,B,756,South,21
B006383,Middle,662796,Self-Employed,4,C,649,Central,46
B006384,Upper-Middle,1298643,Salaried,20,C,659,East,58
B006385,Low,157545,Self-Employed,6,A,815,East,24
B006386,Upper-Middle,1167959,Salaried,10,B,742,North,30
B006387,Lower-Middle,428183,Salaried,27,C,642,North,59
B006388,Low,159180,Self-Employed,8,G,300,Central,50
B006389,High,3063018,Salaried,21,D,593,West,33
B006390,Lower-Middle,429143,Salaried,21,E,472,South,60
B006391,Low,214631,Salaried,6,C,664,South,45
B006392,Middle,905069,Salaried,25,B,769,East,60
B006393,Lower-Middle,418601,Salaried,20,A,857,Central,41
B006394,Low,160262,Unemployed,2,C,666,Central,57
B006395,Middle,873352,Salaried,24,F,382,East,37
B006396,Upper-Middle,1557739,Self-Employed,14,C,660,South,48
B006397,Upper-Middle,1411059,Salaried,16,C,674,East,31
B006398,Low,150824,Salaried,8,D,606,East,30
B006399,Middle,979520,Business Owner,5,E,431,South,25
B006400,Upper-Middle,1243235,Business Owner,3,D,589,South,39
B006401,Low,195911,Unemployed,0,C,640,East,29
B006402,Lower-Middle,355457,Salaried,5,F,387,Central,39
B006403,Low,245520,Salaried,6,C,664,South,41
B006404,Middle,838123,Self-Employed,24,C,667,East,46
B006405,Lower-Middle,566545,Salaried,4,E,474,South,25
B006406,Middle,850151,Salaried,20,F,428,East,38
B006407,High,2397516,Salaried,19,G,324,North,60
B006408,Lower-Middle,535448,Salaried,29,D,568,East,25
B006409,Middle,715920,Business Owner,28,F,439,West,61
B006410,Lower-Middle,568841,Freelancer,9,B,742,West,22
B006411,Low,165937,Self-Employed,7,F,380,West,63
B006412,Upper-Middle,1339480,Salaried,27,E,492,East,38
B006413,Lower-Middle,593964,Business Owner,9,C,655,West,51
B006414,High,3462518,Self-Employed,2,B,769,East,59
B006415,Middle,737786,Business Owner,29,E,482,Central,54
B006416,Low,261787,Salaried,26,C,678,West,52
B006417,Lower-Middle,304534,Freelancer,25,G,300,South,24
B006418,Lower-Middle,305345,Salaried,1,E,535,West,34
B006419,Upper-Middle,1323937,Self-Employed,7,E,477,South,59
B006420,Middle,983355,Business Owner,5,C,705,West,62
B006421,Lower-Middle,470089,Freelancer,13,E,456,South,33
B006422,Middle,640369,Freelancer,24,E,534,East,49
B006423,Middle,831047,Salaried,22,C,666,East,40
B006424,Upper-Middle,1721810,Self-Employed,28,A,843,Central,57
B006425,Low,236136,Salaried,15,E,426,East,59
B006426,Low,192469,Self-Employed,17,C,636,East,57
B006427,Low,295975,Salaried,25,B,735,Central,54
B006428,Lower-Middle,582337,Salaried,25,A,821,West,48
B006429,Middle,788541,Freelancer,27,C,685,North,64
B006430,Low,275617,Business Owner,3,D,568,East,62
B006431,Lower-Middle,392088,Salaried,1,A,849,West,38
B006432,Lower-Middle,366183,Salaried,25,D,584,South,40
B006433,Low,217739,Salaried,21,F,319,South,37
B006434,High,3757757,Salaried,8,D,571,East,55
B006435,Middle,906196,Salaried,27,D,630,North,59
B006436,Lower-Middle,598747,Freelancer,28,B,786,East,29
B006437,Middle,915216,Salaried,27,C,681,West,42
B006438,Lower-Middle,535778,Salaried,12,D,582,South,62
B006439,Upper-Middle,1676853,Self-Employed,21,F,434,West,30
B006440,Middle,617640,Salaried,23,F,414,West,53
B006441,Middle,885436,Salaried,4,C,665,South,56
B006442,High,1972420,Salaried,20,B,768,East,32
B006443,Upper-Middle,1399040,Salaried,7,E,509,East,30
B006444,Upper-Middle,1382290,Self-Employed,0,G,340,West,46
B006445,Lower-Middle,526116,Self-Employed,27,G,300,West,56
B006446,Low,291042,Salaried,6,G,312,South,21
B006447,Middle,668922,Business Owner,14,B,783,North,63
B006448,Middle,972988,Freelancer,17,E,474,East,44
B006449,Middle,883905,Business Owner,21,A,844,South,26
B006450,Upper-Middle,1489842,Freelancer,6,A,890,South,54
B006451,Lower-Middle,521770,Freelancer,11,D,585,West,43
B006452,Lower-Middle,365708,Business Owner,23,B,740,East,37
B006453,Middle,624693,Salaried,23,C,633,Central,35
B006454,Lower-Middle,364298,Salaried,24,A,846,West,53
B006455,Middle,741270,Business Owner,15,A,834,North,39
B006456,Upper-Middle,1343328,Business Owner,0,B,790,North,53
B006457,Middle,648224,Business Owner,26,D,561,West,57
B006458,Middle,902429,Self-Employed,18,C,691,South,62
B006459,Middle,820747,Business Owner,11,D,578,Central,60
B006460,Middle,864431,Self-Employed,29,D,568,South,63
B006461,Lower-Middle,325554,Self-Employed,27,A,842,North,50
B006462,Upper-Middle,1400301,Salaried,15,E,520,South,30
B006463,Middle,949884,Salaried,20,A,869,Central,22
B006464,Lower-Middle,558108,Salaried,25,F,405,North,35
B006465,Middle,880480,Salaried,2,G,300,East,42
B006466,Upper-Middle,1484748,Self-Employed,3,F,418,Central,30
B006467,Lower-Middle,577359,Salaried,4,D,582,Central,55
B006468,Upper-Middle,1085676,Freelancer,21,E,479,North,38
B006469,High,1889302,Salaried,19,B,736,West,61
B006470,Upper-Middle,1581677,Self-Employed,6,F,385,West,22
B006471,Lower-Middle,406158,Salaried,18,A,822,North,26
B006472,Middle,653153,Business Owner,8,D,559,East,42
B006473,High,3860381,Salaried,19,C,737,North,33
B006474,Middle,608052,Self-Employed,14,E,443,North,59
B006475,Low,268451,Self-Employed,14,E,511,Central,43
B006476,Low,210431,Self-Employed,28,C,682,South,52
B006477,Upper-Middle,1304236,Self-Employed,23,B,720,South,51
B006478,Lower-Middle,423784,Business Owner,20,E,510,North,45
B006479,Lower-Middle,404881,Business Owner,24,G,362,South,49
B006480,Lower-Middle,332473,Salaried,27,A,849,North,31
B006481,Upper-Middle,1567649,Freelancer,12,E,513,West,38
B006482,Middle,806833,Salaried,22,D,576,South,31
B006483,Upper-Middle,1317653,Salaried,17,C,680,Central,59
B006484,Upper-Middle,1426611,Salaried,22,A,803,West,24
B006485,High,2854451,Salaried,25,E,490,Central,58
B006486,Upper-Middle,1196508,Salaried,25,B,760,South,24
B006487,Lower-Middle,346590,Business Owner,16,E,479,Central,40
B006488,Middle,919894,Self-Employed,9,C,706,East,54
B006489,Low,257191,Freelancer,7,D,579,North,41
B006490,High,2223190,Salaried,23,C,666,North,62
B006491,Lower-Middle,336601,Self-Employed,16,E,481,Central,59
B006492,Middle,819939,Salaried,25,B,749,Central,58
B006493,Upper-Middle,1521975,Salaried,14,C,666,West,52
B006494,Low,237810,Salaried,22,D,573,South,62
B006495,Upper-Middle,1219387,Self-Employed,8,D,591,West,35
B006496,Low,259782,Business Owner,20,D,594,North,24
B006497,Lower-Middle,363539,Salaried,4,A,886,Central,44
B006498,Middle,805012,Salaried,5,A,839,South,36
B006499,Lower-Middle,357049,Salaried,25,B,735,South,24
B006500,Middle,740091,Salaried,28,A,854,Central,31
B006501,High,2897437,Self-Employed,12,B,765,Central,23
B006502,Lower-Middle,471734,Salaried,8,A,873,West,25
B006503,Middle,643284,Business Owner,26,D,545,North,56
B006504,Upper-Middle,1285390,Unemployed,12,B,758,North,31
B006505,Upper-Middle,1430162,Salaried,20,C,699,East,44
B006506,Low,269649,Freelancer,2,E,512,North,49
B006507,High,2368615,Business Owner,24,E,519,South,34
B006508,Low,268553,Salaried,0,D,571,West,42
B006509,Middle,985869,Business Owner,22,A,795,South,41
B006510,Middle,858864,Salaried,5,D,586,Central,61
B006511,Upper-Middle,1590732,Self-Employed,27,B,772,West,63
B006512,Low,270276,Self-Employed,18,D,563,North,26
B006513,Low,279947,Freelancer,15,F,409,North,52
B006514,Upper-Middle,1078161,Business Owner,8,D,583,South,51
B006515,Low,197334,Business Owner,7,F,363,North,62
B006516,Middle,802530,Salaried,26,B,786,North,46
B006517,Upper-Middle,1267971,Unemployed,11,C,632,East,40
B006518,Middle,688313,Self-Employed,0,B,778,North,53
B006519,Lower-Middle,574369,Business Owner,2,A,828,Central,51
B006520,Lower-Middle,530932,Freelancer,5,A,854,North,41
B006521,High,2291205,Salaried,27,F,402,Central,52
B006522,Lower-Middle,372317,Salaried,2,C,672,East,22
B006523,Low,244867,Business Owner,21,F,427,East,62
B006524,Lower-Middle,439924,Freelancer,3,F,421,North,38
B006525,Lower-Middle,392322,Business Owner,0,E,471,West,34
B006526,High,3636871,Salaried,7,F,401,West,30
B006527,Lower-Middle,580123,Salaried,2,C,685,East,26
B006528,Low,204376,Self-Employed,25,E,504,East,34
B006529,Middle,858333,Salaried,27,D,593,East,21
B006530,Low,200305,Freelancer,25,D,582,East,30
B006531,Lower-Middle,586414,Self-Employed,16,D,602,Central,51
B006532,High,2690509,Salaried,9,F,419,Central,48
B006533,Middle,682984,Salaried,29,F,409,East,42
B006534,Low,209814,Freelancer,2,B,755,South,61
B006535,Lower-Middle,395513,Self-Employed,9,A,891,West,54
B006536,Low,226383,Salaried,20,C,662,North,27
B006537,Low,163997,Salaried,9,E,468,East,45
B006538,Middle,847226,Salaried,20,A,842,East,38
B006539,Middle,909546,Salaried,26,D,584,East,42
B006540,Upper-Middle,1210448,Business Owner,27,C,662,East,33
B006541,Upper-Middle,1200500,Salaried,3,F,379,West,64
B006542,Lower-Middle,400263,Salaried,27,E,487,East,26
B006543,High,2929108,Salaried,29,D,608,South,25
B006544,Middle,641206,Salaried,7,C,636,East,38
B006545,Lower-Middle,465768,Self-Employed,0,E,494,West,58
B006546,Upper-Middle,1528427,Self-Employed,26,B,732,South,56
B006547,Low,296860,Salaried,27,D,552,East,36
B006548,Middle,986055,Salaried,15,F,358,East,33
B006549,Middle,727133,Business Owner,8,D,580,East,35
B006550,Lower-Middle,499958,Freelancer,27,F,356,Central,32
B006551,Upper-Middle,1586214,Salaried,23,C,673,Central,46
B006552,Lower-Middle,549669,Salaried,20,D,576,South,61
B006553,Upper-Middle,1068603,Freelancer,14,F,411,West,47
B006554,Low,169438,Salaried,13,E,437,East,49
B006555,Low,194752,Unemployed,27,F,357,West,35
B006556,Lower-Middle,380260,Business Owner,17,E,480,Central,33
B006557,Upper-Middle,1625891,Salaried,10,A,849,Central,25
B006558,Low,272276,Salaried,7,B,784,South,22
B006559,Upper-Middle,1374129,Unemployed,16,E,486,Central,40
B006560,Lower-Middle,442686,Salaried,17,F,379,North,64
B006561,Middle,807490,Self-Employed,22,E,518,West,54
B006562,Lower-Middle,309581,Salaried,8,C,654,East,63
B006563,Low,209617,Self-Employed,24,D,542,East,33
B006564,High,2001312,Business Owner,13,D,588,East,50
B006565,Lower-Middle,339958,Self-Employed,19,C,670,West,47
B006566,Middle,874032,Salaried,8,D,601,Central,26
B006567,Middle,817732,Self-Employed,14,G,300,South,22
B006568,Middle,774135,Self-Employed,13,D,581,Central,52
B006569,Middle,903593,Salaried,21,B,743,Central,32
B006570,Upper-Middle,1464871,Business Owner,25,D,586,West,40
B006571,Middle,705065,Self-Employed,14,B,742,West,56
B006572,Middle,865283,Salaried,17,D,580,South,23
B006573,Middle,714892,Freelancer,21,F,429,South,28
B006574,Middle,644378,Salaried,1,D,582,South,26
B006575,Lower-Middle,586610,Salaried,17,F,392,South,47
B006576,Middle,933401,Salaried,20,E,525,East,22
B006577,Lower-Middle,464213,Salaried,8,C,667,South,50
B006578,Upper-Middle,1076606,Salaried,19,D,586,South,26
B006579,High,2735921,Salaried,2,D,601,South,44
B006580,High,3066738,Business Owner,2,C,665,Central,45
B006581,Upper-Middle,1265929,Self-Employed,6,A,847,East,55
B006582,Middle,677120,Salaried,9,E,487,North,53
B006583,Upper-Middle,1405837,Self-Employed,23,A,858,East,40
B006584,Low,283026,Business Owner,7,B,820,East,64
B006585,Middle,727018,Salaried,16,C,699,East,31
B006586,Lower-Middle,561653,Unemployed,13,G,335,South,64
B006587,Low,206979,Salaried,3,C,648,East,64
B006588,High,2418695,Salaried,11,E,479,West,56
B006589,Upper-Middle,1691548,Salaried,21,C,684,West,44
B006590,Middle,637528,Salaried,24,B,713,East,23
B006591,Lower-Middle,529310,Salaried,16,A,830,West,40
B006592,Middle,790299,Salaried,11,A,880,North,40
B006593,Lower-Middle,323803,Self-Employed,8,C,696,North,38
B006594,Upper-Middle,1539330,Freelancer,3,C,677,West,23
B006595,High,2614236,Business Owner,1,D,598,East,61
B006596,Lower-Middle,527074,Self-Employed,8,A,900,East,49
B006597,Lower-Middle,454327,Self-Employed,20,C,664,Central,23
B006598,Lower-Middle,541500,Business Owner,4,A,900,West,27
B006599,Low,153557,Salaried,13,F,412,East,56
B006600,Lower-Middle,445538,Salaried,9,C,665,North,49
B006601,Low,225006,Salaried,10,D,616,Central,28
B006602,Low,278284,Salaried,25,E,471,East,32
B006603,Lower-Middle,557481,Self-Employed,9,C,671,South,26
B006604,Low,221977,Salaried,15,B,755,East,49
B006605,Upper-Middle,1220611,Salaried,15,D,620,Central,23
B006606,Low,216035,Salaried,10,F,391,North,53
B006607,Upper-Middle,1580151,Business Owner,19,F,394,North,37
B006608,Lower-Middle,323098,Salaried,26,C,668,West,33
B006609,Low,296603,Salaried,12,C,623,Central,38
B006610,Low,245663,Salaried,13,C,701,Central,64
B006611,Middle,770647,Salaried,25,B,759,Central,39
B006612,Lower-Middle,478233,Business Owner,21,G,300,North,31
B006613,Middle,957395,Salaried,13,A,871,East,63
B006614,Low,210348,Salaried,6,B,754,South,25
B006615,High,2298134,Unemployed,22,A,859,North,33
B006616,Low,250198,Salaried,11,E,468,South,46
B006617,Lower-Middle,316485,Self-Employed,19,C,654,Central,45
B006618,Upper-Middle,1300608,Self-Employed,15,B,767,East,39
B006619,Lower-Middle,362525,Salaried,16,C,655,South,36
B006620,Lower-Middle,525591,Salaried,15,B,720,West,57
B006621,Upper-Middle,1687141,Salaried,20,B,796,Central,23
B006622,Lower-Middle,541569,Salaried,24,F,365,West,43
B006623,Low,165362,Salaried,23,D,601,East,51
B006624,Lower-Middle,342702,Self-Employed,17,D,575,East,32
B006625,Low,289514,Salaried,4,C,698,South,55
B006626,Upper-Middle,1496567,Salaried,26,D,581,Central,44
B006627,Middle,709637,Self-Employed,16,E,487,South,39
B006628,Middle,839403,Salaried,27,A,862,South,58
B006629,Lower-Middle,518838,Self-Employed,27,D,581,North,25
B006630,Middle,869306,Salaried,13,D,586,West,31
B006631,Middle,746864,Self-Employed,11,C,668,East,56
B006632,Low,242751,Business Owner,20,B,782,Central,26
B006633,Upper-Middle,1070415,Self-Employed,4,F,384,North,22
B006634,Middle,965690,Business Owner,23,F,435,North,59
B006635,Upper-Middle,1640641,Salaried,24,A,859,East,21
B006636,Lower-Middle,564370,Salaried,10,B,788,North,58
B006637,Low,189070,Salaried,10,D,563,West,56
B006638,Middle,694984,Salaried,8,E,540,Central,58
B006639,Upper-Middle,1448845,Freelancer,7,D,596,Central,23
B006640,Lower-Middle,412568,Salaried,26,F,449,South,33
B006641,Low,179703,Salaried,27,F,392,South,29
B006642,Upper-Middle,1637957,Freelancer,17,B,734,West,56
B006643,Lower-Middle,325717,Salaried,11,B,757,North,32
B006644,Lower-Middle,307944,Self-Employed,5,A,870,North,32
B006645,Middle,931490,Salaried,2,F,432,East,46
B006646,Low,182713,Freelancer,17,D,566,West,48
B006647,Low,281491,Salaried,14,F,428,Central,42
B006648,Low,233663,Business Owner,6,E,500,South,26
B006649,High,3126960,Self-Employed,2,E,514,North,39
B006650,Lower-Middle,306220,Unemployed,13,B,732,East,39
B006651,Middle,776616,Unemployed,7,B,741,West,43
B006652,High,3810654,Business Owner,20,F,368,North,60
B006653,Middle,898043,Salaried,0,D,580,East,36
B006654,Middle,702956,Salaried,24,G,335,North,21
B006655,Middle,616281,Freelancer,15,C,702,East,25
B006656,Lower-Middle,342614,Self-Employed,12,D,563,Central,27
B006657,Middle,917696,Freelancer,22,D,591,East,59
B006658,High,2886873,Business Owner,2,A,861,East,49
B006659,Upper-Middle,1389467,Salaried,3,D,537,North,33
B006660,Lower-Middle,557527,Salaried,23,F,408,West,55
B006661,Lower-Middle,436643,Salaried,11,C,624,Central,64
B006662,Upper-Middle,1356842,Self-Employed,19,C,667,North,40
B006663,Low,159574,Salaried,23,E,474,West,55
B006664,Upper-Middle,1631043,Salaried,18,E,505,South,54
B006665,Lower-Middle,433475,Business Owner,4,E,508,Central,32
B006666,Middle,976384,Salaried,9,C,704,Central,63
B006667,Upper-Middle,1180219,Salaried,4,C,672,West,62
B006668,Middle,675793,Salaried,1,C,678,East,51
B006669,Lower-Middle,300969,Salaried,28,G,300,South,63
B006670,Upper-Middle,1551721,Salaried,17,F,385,West,40
B006671,Lower-Middle,461545,Business Owner,6,D,567,West,51
B006672,Lower-Middle,384940,Business Owner,23,C,667,South,48
B006673,Middle,732336,Self-Employed,2,F,451,East,47
B006674,Lower-Middle,390901,Freelancer,9,B,763,East,34
B006675,Middle,753387,Salaried,9,B,794,Central,36
B006676,Low,195982,Salaried,20,C,685,West,25
B006677,Lower-Middle,430890,Salaried,21,D,600,Central,42
B006678,Upper-Middle,1676794,Business Owner,3,A,855,North,27
B006679,Low,229631,Salaried,5,C,667,West,43
B006680,Middle,910657,Freelancer,21,E,494,South,40
B006681,Middle,828976,Self-Employed,26,D,560,South,26
B006682,Upper-Middle,1221360,Business Owner,25,A,835,North,33
B006683,Middle,987697,Salaried,15,B,760,East,60
B006684,Upper-Middle,1147151,Business Owner,11,E,493,Central,22
B006685,Lower-Middle,584934,Salaried,12,B,710,West,30
B006686,Lower-Middle,580832,Self-Employed,4,A,825,Central,37
B006687,High,2205609,Business Owner,19,G,325,West,53
B006688,Upper-Middle,1129642,Salaried,14,D,599,North,58
B006689,Middle,717036,Freelancer,4,C,629,West,55
B006690,Middle,842916,Self-Employed,17,D,584,Central,24
B006691,Middle,771872,Business Owner,23,D,666,Central,37
B006692,Low,277690,Salaried,3,D,609,East,60
B006693,Upper-Middle,1784421,Salaried,11,D,551,East,53
B006694,Upper-Middle,1354652,Salaried,5,E,494,Central,28
B006695,Middle,605746,Self-Employed,25,B,765,Central,38
B006696,Lower-Middle,593117,Salaried,1,C,665,East,41
B006697,Lower-Middle,426278,Unemployed,2,C,695,West,30
B006698,Low,225334,Freelancer,25,E,519,South,60
B006699,Middle,850709,Salaried,15,E,477,West,53
B006700,Middle,905209,Business Owner,11,E,506,Central,24
B006701,Lower-Middle,444286,Salaried,22,C,652,Central,30
B006702,Middle,615509,Salaried,16,D,577,Central,46
B006703,High,3169029,Salaried,21,E,530,North,52
B006704,Low,217376,Business Owner,20,C,647,East,54
B006705,Middle,816664,Freelancer,7,G,331,East,62
B006706,Middle,709788,Salaried,7,C,638,East,46
B006707,Low,150686,Salaried,24,D,565,North,29
B006708,Middle,652537,Salaried,22,E,473,West,22
B006709,Middle,832453,Self-Employed,23,E,468,West,23
B006710,Low,246847,Salaried,4,D,545,North,45
B006711,Low,168655,Business Owner,10,C,638,South,48
B006712,Upper-Middle,1349679,Freelancer,29,D,534,Central,27
B006713,Lower-Middle,488661,Salaried,10,C,649,South,38
B006714,Middle,770444,Freelancer,14,D,557,Central,38
B006715,Middle,879468,Self-Employed,27,E,489,North,35
B006716,Upper-Middle,1747319,Self-Employed,14,B,793,South,30
B006717,Upper-Middle,1261024,Business Owner,26,D,592,Central,34
B006718,Upper-Middle,1634446,Salaried,16,A,858,North,54
B006719,Middle,694922,Self-Employed,28,E,472,East,51
B006720,Lower-Middle,473359,Salaried,8,B,771,North,56
B006721,Lower-Middle,562333,Self-Employed,28,D,595,North,60
B006722,Lower-Middle,563383,Salaried,13,C,654,Central,30
B006723,Lower-Middle,425055,Salaried,7,C,696,East,37
B006724,Low,273832,Salaried,1,D,571,West,49
B006725,Lower-Middle,441488,Salaried,25,C,662,Central,45
B006726,Lower-Middle,494146,Salaried,25,D,589,South,56
B006727,Low,229775,Salaried,10,G,300,West,62
B006728,Lower-Middle,468084,Freelancer,28,B,746,Central,40
B006729,Upper-Middle,1054141,Self-Employed,3,C,666,East,49
B006730,Middle,939327,Salaried,11,D,564,Central,61
B006731,Upper-Middle,1246534,Business Owner,27,E,502,North,44
B006732,Middle,643045,Business Owner,25,C,650,Central,30
B006733,Upper-Middle,1289017,Salaried,19,C,655,South,56
B006734,Upper-Middle,1064639,Self-Employed,19,E,512,East,26
B006735,Low,154059,Salaried,9,D,579,South,51
B006736,High,2623405,Self-Employed,9,E,507,Central,27
B006737,Low,224631,Self-Employed,27,A,863,South,32
B006738,Middle,960394,Salaried,6,C,713,North,61
B006739,Upper-Middle,1310013,Salaried,8,D,568,North,30
B006740,Lower-Middle,542378,Salaried,17,B,728,North,48
B006741,Middle,849352,Self-Employed,22,D,539,West,42
B006742,Lower-Middle,439389,Salaried,7,A,834,West,26
B006743,Low,157124,Business Owner,6,D,606,North,47
B006744,Low,277829,Self-Employed,20,F,416,North,38
B006745,Low,242623,Salaried,3,F,395,South,63
B006746,Low,182567,Business Owner,7,C,723,North,34
B006747,Middle,710853,Salaried,16,A,817,South,47
B006748,Middle,897767,Self-Employed,25,F,424,North,59
B006749,Middle,927015,Salaried,15,D,566,South,41
B006750,Middle,890545,Salaried,26,D,624,East,36
B006751,Low,181204,Salaried,13,E,480,South,38
B006752,Lower-Middle,322022,Salaried,14,C,697,East,24
B006753,Upper-Middle,1349873,Business Owner,18,C,665,South,54
B006754,Upper-Middle,1431549,Self-Employed,17,E,553,Central,21
B006755,Lower-Middle,462095,Salaried,11,D,586,North,55
B006756,Low,232671,Salaried,10,E,490,East,46
B006757,Upper-Middle,1567538,Freelancer,18,F,408,North,21
B006758,Upper-Middle,1454301,Salaried,26,C,687,East,27
B006759,Lower-Middle,371065,Salaried,24,F,440,East,25
B006760,Lower-Middle,311877,Self-Employed,26,C,707,Central,64
B006761,Low,222000,Salaried,26,F,350,West,24
B006762,Middle,675763,Freelancer,18,C,663,Central,60
B006763,Upper-Middle,1327218,Salaried,1,B,744,East,22
B006764,Middle,691461,Business Owner,3,E,509,South,43
B006765,Lower-Middle,444931,Salaried,22,F,385,West,46
B006766,Middle,693473,Salaried,15,E,540,West,51
B006767,Upper-Middle,1240683,Salaried,4,E,469,North,41
B006768,Middle,676109,Unemployed,20,G,300,Central,29
B006769,Upper-Middle,1476163,Self-Employed,0,D,585,East,32
B006770,Lower-Middle,505227,Salaried,28,F,419,Central,21
B006771,Lower-Middle,461603,Freelancer,27,A,825,North,57
B006772,Middle,999043,Salaried,28,B,792,South,22
B006773,Middle,770411,Salaried,9,C,654,South,48
B006774,High,2204755,Salaried,23,F,391,West,45
B006775,Middle,929981,Business Owner,9,B,763,South,34
B006776,Lower-Middle,436194,Salaried,0,C,656,West,28
B006777,Lower-Middle,414006,Salaried,12,A,899,Central,46
B006778,Middle,815306,Freelancer,12,A,817,South,52
B006779,Lower-Middle,340571,Self-Employed,8,D,543,Central,41
B006780,Middle,965015,Salaried,28,A,832,West,51
B006781,Lower-Middle,546735,Self-Employed,10,F,371,East,48
B006782,Lower-Middle,578476,Salaried,11,F,360,North,63
B006783,Middle,790052,Salaried,27,D,586,East,33
B006784,Low,199740,Salaried,18,C,640,South,54
B006785,Middle,656125,Self-Employed,28,F,397,East,37
B006786,Middle,865972,Business Owner,24,D,568,North,45
B006787,Middle,694118,Salaried,3,B,794,West,42
B006788,Middle,721448,Salaried,6,C,638,North,36
B006789,Upper-Middle,1011692,Salaried,15,C,681,East,51
B006790,Upper-Middle,1769516,Business Owner,5,D,578,North,63
B006791,Lower-Middle,552985,Business Owner,16,C,653,South,40
B006792,Lower-Middle,514744,Business Owner,27,E,487,Central,29
B006793,Middle,902711,Unemployed,17,D,590,North,40
B006794,Middle,932614,Business Owner,25,B,722,North,29
B006795,Middle,688412,Freelancer,1,C,674,Central,43
B006796,Middle,787031,Self-Employed,13,E,490,North,48
B006797,Upper-Middle,1350475,Salaried,8,B,780,Central,41
B006798,Lower-Middle,313008,Self-Employed,27,A,861,West,64
B006799,Middle,845369,Salaried,23,E,531,South,31
B006800,Low,169487,Salaried,16,C,698,West,24
B006801,Lower-Middle,471392,Salaried,29,B,754,East,51
B006802,Middle,899484,Salaried,6,C,705,West,64
B006803,Middle,640451,Self-Employed,6,D,585,North,23
B006804,Lower-Middle,352126,Salaried,10,A,877,Central,38
B006805,Upper-Middle,1696627,Salaried,28,E,488,East,45
B006806,Upper-Middle,1580961,Freelancer,24,D,590,West,49
B006807,Middle,913281,Self-Employed,3,A,806,West,59
B006808,High,2141031,Salaried,16,F,405,West,51
B006809,Lower-Middle,505564,Salaried,17,D,595,East,60
B006810,Upper-Middle,1110009,Salaried,0,G,325,East,45
B006811,Low,212508,Freelancer,8,C,627,East,30
B006812,Lower-Middle,312407,Salaried,15,C,661,East,61
B006813,Lower-Middle,398206,Freelancer,12,D,560,Central,37
B006814,Low,295163,Salaried,0,F,399,West,35
B006815,Middle,878279,Business Owner,21,E,436,West,50
B006816,Lower-Middle,311211,Salaried,4,D,562,South,53
B006817,Middle,906923,Salaried,20,E,492,East,51
B006818,Lower-Middle,416690,Salaried,19,A,838,North,44
B006819,Low,193670,Salaried,13,E,532,South,51
B006820,High,2222008,Unemployed,18,D,571,East,54
B006821,Middle,768414,Business Owner,8,C,668,West,30
B006822,High,2369089,Salaried,16,B,717,South,59
B006823,Middle,967723,Business Owner,28,C,645,North,45
B006824,Low,255163,Salaried,18,B,781,North,38
B006825,Middle,965048,Freelancer,1,C,655,North,36
B006826,Middle,614016,Salaried,12,A,847,West,21
B006827,Low,156392,Salaried,18,D,566,Central,41
B006828,Upper-Middle,1502303,Salaried,0,D,597,Central,55
B006829,Middle,846256,Salaried,17,B,730,East,62
B006830,Upper-Middle,1574591,Freelancer,19,D,565,North,26
B006831,Middle,826530,Salaried,13,B,771,Central,52
B006832,Middle,614081,Salaried,21,D,572,East,33
B006833,Lower-Middle,506477,Business Owner,28,F,351,West,25
B006834,High,3624680,Salaried,16,E,488,South,46
B006835,Lower-Middle,510517,Salaried,27,D,537,South,22
B006836,Low,273123,Self-Employed,18,D,578,East,29
B006837,Low,216502,Salaried,24,A,871,West,32
B006838,Middle,641665,Business Owner,5,C,655,North,58
B006839,High,3774838,Self-Employed,28,C,695,East,28
B006840,Upper-Middle,1611580,Salaried,7,C,686,Central,33
B006841,Middle,814908,Salaried,0,G,330,West,63
B006842,High,2111548,Salaried,16,E,447,North,35
B006843,Middle,668007,Self-Employed,29,D,572,West,33
B006844,Lower-Middle,357974,Self-Employed,8,E,505,Central,52
B006845,Middle,661550,Business Owner,1,E,476,Central,22
B006846,Low,273068,Salaried,6,C,625,North,26
B006847,Lower-Middle,433797,Business Owner,17,F,424,North,37
B006848,Lower-Middle,387313,Salaried,23,D,602,West,50
B006849,Lower-Middle,400707,Freelancer,29,E,523,Central,21
B006850,High,2390251,Salaried,18,A,802,South,22
B006851,High,2966767,Business Owner,21,D,574,North,22
B006852,Lower-Middle,434024,Salaried,3,C,658,West,51
B006853,Middle,959636,Salaried,24,A,824,West,52
B006854,Lower-Middle,352124,Salaried,25,D,583,Central,38
B006855,Low,278483,Freelancer,5,F,407,West,26
B006856,Lower-Middle,393878,Business Owner,15,E,482,Central,54
B006857,Lower-Middle,593078,Business Owner,24,A,890,Central,52
B006858,Lower-Middle,507172,Salaried,22,A,799,Central,23
B006859,Lower-Middle,578116,Self-Employed,13,C,680,West,53
B006860,Low,285238,Salaried,16,B,726,East,61
B006861,Lower-Middle,446348,Self-Employed,10,A,852,North,50
B006862,Upper-Middle,1342932,Salaried,14,A,860,East,36
B006863,Low,176159,Business Owner,9,C,702,South,30
B006864,Lower-Middle,403919,Self-Employed,21,B,752,Central,38
B006865,Middle,721053,Salaried,22,B,763,South,35
B006866,Lower-Middle,404683,Self-Employed,14,F,343,Central,28
B006867,Middle,671258,Salaried,5,G,338,South,62
B006868,Low,181667,Salaried,19,E,504,East,26
B006869,Middle,923678,Salaried,4,B,763,West,33
B006870,Middle,917523,Salaried,17,B,763,South,23
B006871,Middle,944599,Salaried,5,D,563,West,46
B006872,Middle,671932,Self-Employed,21,E,478,North,25
B006873,Lower-Middle,585713,Business Owner,14,D,561,East,54
B006874,Lower-Middle,375010,Salaried,23,E,467,South,45
B006875,Lower-Middle,358240,Unemployed,20,D,584,North,43
B006876,Middle,652919,Freelancer,21,G,345,East,53
B006877,Low,170464,Salaried,9,E,478,North,61
B006878,Lower-Middle,381625,Salaried,27,A,853,Central,25
B006879,Middle,992272,Freelancer,15,C,665,Central,50
B006880,Low,258061,Salaried,28,D,575,South,26
B006881,Low,230075,Salaried,20,B,752,South,25
B006882,Middle,738955,Freelancer,3,C,709,South,24
B006883,Lower-Middle,477136,Business Owner,8,D,577,Central,32
B006884,Upper-Middle,1375999,Business Owner,18,D,602,North,42
B006885,High,3767371,Freelancer,1,F,399,North,29
B006886,High,2393563,Salaried,17,C,713,North,30
B006887,Lower-Middle,356861,Self-Employed,25,F,432,West,62
B006888,Lower-Middle,382635,Business Owner,1,C,690,Central,27
B006889,Middle,899401,Salaried,1,F,418,West,24
B006890,Middle,821866,Salaried,11,B,776,North,39
B006891,Middle,889179,Salaried,28,D,568,South,51
B006892,Lower-Middle,447646,Business Owner,7,F,406,Central,47
B006893,Low,211002,Self-Employed,9,C,729,Central,49
B006894,Lower-Middle,376333,Freelancer,12,E,501,North,28
B006895,Low,270923,Salaried,6,D,565,North,38
B006896,Low,203113,Self-Employed,23,C,633,Central,55
B006897,High,1890696,Salaried,18,D,568,West,36
B006898,Low,194752,Freelancer,8,B,731,North,47
B006899,Middle,662626,Self-Employed,16,D,589,South,26
B006900,High,3028689,Business Owner,27,B,726,West,54
B006901,Lower-Middle,449911,Salaried,28,E,452,West,64
B006902,Middle,791802,Salaried,26,D,585,West,35
B006903,Middle,700523,Salaried,14,B,722,North,24
B006904,Lower-Middle,330620,Business Owner,18,B,765,South,38
B006905,Middle,648191,Salaried,6,D,620,East,58
B006906,Upper-Middle,1284314,Business Owner,29,B,770,East,64
B006907,Upper-Middle,1501970,Salaried,20,D,598,Central,44
B006908,Upper-Middle,1013695,Self-Employed,0,G,325,West,47
B006909,High,1816304,Salaried,28,B,712,South,49
B006910,Lower-Middle,339243,Salaried,10,C,615,North,27
B006911,Upper-Middle,1405641,Self-Employed,7,F,411,North,29
B006912,Middle,733181,Salaried,7,F,417,East,52
B006913,Middle,777331,Salaried,4,A,862,North,40
B006914,Upper-Middle,1245047,Self-Employed,4,E,497,East,53
B006915,Upper-Middle,1549314,Salaried,10,B,743,West,38
B006916,Upper-Middle,1242721,Self-Employed,23,E,500,West,63
B006917,Lower-Middle,361714,Self-Employed,16,C,692,East,54
B006918,Middle,905391,Salaried,15,B,748,South,45
B006919,Lower-Middle,589533,Salaried,14,C,650,Central,56
B006920,Middle,824641,Salaried,27,B,726,West,46
B006921,Upper-Middle,1046006,Salaried,24,C,637,West,31
B006922,Upper-Middle,1641209,Salaried,11,C,659,Central,34
B006923,Lower-Middle,428614,Self-Employed,27,G,314,Central,29
B006924,Middle,877082,Salaried,28,D,615,West,45
B006925,Lower-Middle,474973,Freelancer,26,D,565,North,49
B006926,Low,225099,Business Owner,19,B,730,North,22
B006927,Lower-Middle,410399,Salaried,13,G,316,East,40
B006928,High,2256614,Self-Employed,11,D,566,North,57
B006929,Lower-Middle,415590,Salaried,21,A,881,Central,54
B006930,High,2154750,Salaried,19,D,598,South,51
B006931,Lower-Middle,501594,Unemployed,0,C,684,South,33
B006932,Middle,635242,Salaried,26,C,635,East,51
B006933,Middle,886176,Salaried,5,C,655,West,31
B006934,Middle,919349,Freelancer,1,C,695,South,50
B006935,Middle,845786,Freelancer,22,C,664,North,56
B006936,Middle,929557,Self-Employed,13,E,434,East,30
B006937,Upper-Middle,1275233,Self-Employed,23,B,802,East,53
B006938,Middle,799921,Business Owner,1,B,752,Central,22
B006939,Low,225406,Business Owner,28,B,768,North,49
B006940,Lower-Middle,491163,Salaried,18,C,680,Central,44
B006941,Middle,788074,Business Owner,1,B,757,South,62
B006942,Middle,623848,Self-Employed,0,A,880,North,44
B006943,Middle,805986,Salaried,12,C,666,North,22
B006944,Middle,610986,Salaried,15,G,302,East,58
B006945,Lower-Middle,430925,Salaried,5,A,900,West,32
B006946,Upper-Middle,1025861,Salaried,5,A,809,West,50
B006947,Middle,792616,Salaried,0,D,584,West,55
B006948,Middle,748612,Salaried,5,D,589,North,35
B006949,Middle,803803,Freelancer,10,B,775,West,22
B006950,Upper-Middle,1424309,Salaried,22,F,449,North,43
B006951,Middle,917495,Salaried,20,D,583,East,38
B006952,High,3873229,Business Owner,5,D,552,Central,44
B006953,Low,187084,Salaried,9,D,586,West,60
B006954,Middle,964910,Business Owner,1,E,489,West,51
B006955,Middle,750343,Self-Employed,28,A,879,North,30
B006956,Middle,665625,Self-Employed,11,F,418,Central,54
B006957,Lower-Middle,480562,Salaried,22,B,755,South,33
B006958,Middle,756740,Salaried,13,C,658,West,48
B006959,Lower-Middle,396141,Self-Employed,7,B,770,South,32
B006960,Upper-Middle,1498961,Salaried,10,D,587,West,58
B006961,Lower-Middle,508708,Salaried,28,E,450,East,42
B006962,Low,217052,Salaried,15,D,545,West,35
B006963,Middle,711004,Self-Employed,21,B,772,Central,64
B006964,Lower-Middle,535865,Salaried,10,E,466,East,57
B006965,Low,247070,Self-Employed,3,F,365,North,29
B006966,Middle,851947,Business Owner,8,B,768,South,22
B006967,Middle,967643,Salaried,19,B,730,South,58
B006968,Low,299497,Freelancer,15,D,573,North,57
B006969,Middle,618560,Business Owner,22,E,509,East,32
B006970,Middle,701802,Salaried,0,B,731,East,34
B006971,Upper-Middle,1648509,Salaried,9,A,863,East,50
B006972,Lower-Middle,330184,Salaried,0,D,600,South,51
B006973,Lower-Middle,308470,Freelancer,6,E,464,South,41
B006974,High,2525734,Salaried,26,C,708,Central,52
B006975,Middle,915070,Salaried,9,D,560,North,34
B006976,Low,211592,Freelancer,19,E,498,East,37
B006977,Upper-Middle,1171123,Self-Employed,0,A,823,West,42
B006978,Lower-Middle,351083,Salaried,10,C,649,Central,31
B006979,Upper-Middle,1440646,Self-Employed,9,C,706,East,56
B006980,Middle,740648,Business Owner,10,E,533,South,54
B006981,High,3184644,Salaried,19,D,603,West,43
B006982,High,3544055,Self-Employed,10,E,478,East,34
B006983,Lower-Middle,301194,Self-Employed,0,D,554,West,43
B006984,Upper-Middle,1259534,Salaried,25,B,714,South,35
B006985,Lower-Middle,463885,Unemployed,19,C,675,South,31
B006986,Middle,870389,Salaried,29,C,625,South,49
B006987,Middle,721640,Self-Employed,23,D,571,West,29
B006988,Low,221071,Business Owner,9,G,322,East,51
B006989,Low,165816,Salaried,25,C,646,West,50
B006990,Low,164591,Salaried,20,D,577,North,21
B006991,Low,279151,Unemployed,8,B,748,West,28
B006992,Lower-Middle,461721,Business Owner,7,D,591,Central,43
B006993,Upper-Middle,1370323,Salaried,0,E,489,North,22
B006994,Middle,774943,Salaried,22,E,472,North,57
B006995,Upper-Middle,1762594,Salaried,3,G,300,East,46
B006996,Upper-Middle,1337964,Salaried,28,G,358,Central,38
B006997,Upper-Middle,1208430,Salaried,7,D,563,Central,39
B006998,Lower-Middle,328710,Self-Employed,1,F,377,South,36
B006999,Upper-Middle,1642879,Salaried,26,E,519,Central,50
B007000,Upper-Middle,1755845,Self-Employed,1,D,576,East,48
B007001,Upper-Middle,1743391,Freelancer,11,A,873,West,23
B007002,Upper-Middle,1135542,Unemployed,23,G,309,Central,29
B007003,Middle,857634,Business Owner,11,G,316,North,57
B007004,Middle,812788,Salaried,13,D,592,West,61
B007005,Upper-Middle,1326404,Self-Employed,21,C,668,East,58
B007006,Middle,925642,Salaried,16,B,734,South,31
B007007,Upper-Middle,1719180,Salaried,6,A,838,East,58
B007008,Low,170393,Freelancer,11,E,435,South,51
B007009,Low,150782,Self-Employed,10,C,686,West,30
B007010,Middle,678133,Self-Employed,1,D,561,North,50
B007011,Low,271433,Salaried,24,C,639,East,54
B007012,High,3815676,Salaried,12,D,596,West,52
B007013,Low,252066,Freelancer,9,E,489,Central,63
B007014,Middle,607034,Salaried,4,F,428,West,57
B007015,Lower-Middle,473526,Salaried,13,D,527,West,52
B007016,High,2724295,Self-Employed,9,C,661,Central,44
B007017,Lower-Middle,534373,Self-Employed,5,A,835,East,47
B007018,Low,262895,Salaried,5,E,509,South,60
B007019,Low,179814,Salaried,28,E,494,West,38
B007020,Middle,726631,Business Owner,25,C,710,North,47
B007021,High,2275241,Freelancer,19,B,802,South,36
B007022,High,2962275,Salaried,7,D,597,South,63
B007023,Lower-Middle,324554,Business Owner,2,E,497,Central,60
B007024,Middle,837617,Salaried,17,E,455,Central,25
B007025,Low,221800,Self-Employed,2,A,864,South,27
B007026,Middle,824251,Self-Employed,29,G,363,Central,58
B007027,Middle,935362,Business Owner,18,D,613,Central,47
B007028,Lower-Middle,446258,Business Owner,29,D,566,South,48
B007029,Middle,914821,Salaried,17,A,843,South,28
B007030,Upper-Middle,1748401,Salaried,19,A,895,East,60
B007031,Low,163654,Business Owner,14,B,732,Central,54
B007032,Lower-Middle,323084,Salaried,9,C,677,Central,36
B007033,Lower-Middle,355346,Self-Employed,0,F,383,West,59
B007034,Low,259071,Salaried,15,E,478,East,49
B007035,Low,245464,Salaried,26,G,320,East,59
B007036,Middle,841112,Self-Employed,15,D,595,Central,43
B007037,Low,250992,Salaried,21,A,838,East,38
B007038,Upper-Middle,1366580,Freelancer,26,D,602,Central,54
B007039,Upper-Middle,1232422,Salaried,11,D,598,Central,23
B007040,High,2207479,Salaried,21,F,419,West,49
B007041,Middle,975795,Salaried,16,D,585,Central,62
B007042,Lower-Middle,374426,Salaried,26,B,797,West,60
B007043,Low,201171,Self-Employed,20,E,465,East,34
B007044,Lower-Middle,516386,Salaried,0,E,494,South,39
B007045,High,3451808,Salaried,1,D,571,North,30
B007046,High,2961644,Unemployed,29,A,859,North,46
B007047,Lower-Middle,455343,Salaried,11,C,698,Central,50
B007048,Lower-Middle,590013,Salaried,20,E,458,Central,58
B007049,Middle,784995,Freelancer,26,C,670,East,58
B007050,Lower-Middle,569632,Self-Employed,27,E,476,South,45
B007051,High,3970614,Salaried,22,B,790,North,33
B007052,Lower-Middle,318979,Unemployed,23,C,709,South,39
B007053,Lower-Middle,496902,Salaried,23,C,641,South,37
B007054,Lower-Middle,589017,Salaried,21,B,775,Central,41
B007055,Low,216596,Salaried,28,C,753,West,33
B007056,Lower-Middle,413964,Freelancer,2,E,495,North,54
B007057,Upper-Middle,1299576,Salaried,8,C,669,North,50
B007058,Low,264256,Business Owner,4,C,680,West,62
B007059,Middle,867932,Salaried,23,E,513,North,23
B007060,Lower-Middle,431761,Salaried,6,D,615,West,29
B007061,Low,237733,Freelancer,4,C,709,East,21
B007062,Low,239844,Unemployed,14,E,465,North,31
B007063,Lower-Middle,387558,Salaried,5,C,700,West,25
B007064,Low,150929,Salaried,23,D,579,North,29
B007065,Lower-Middle,301131,Business Owner,12,A,846,South,45
B007066,Upper-Middle,1359297,Self-Employed,7,C,663,South,29
B007067,Middle,874558,Salaried,17,B,779,Central,46
B007068,High,3828670,Salaried,29,F,387,South,23
B007069,Lower-Middle,551775,Freelancer,22,A,884,South,50
B007070,Middle,738394,Salaried,19,E,486,North,56
B007071,Middle,815760,Salaried,20,E,510,Central,57
B007072,Lower-Middle,434731,Salaried,22,C,684,Central,35
B007073,Lower-Middle,362071,Salaried,18,B,735,Central,35
B007074,Middle,683042,Self-Employed,27,B,738,Central,39
B007075,Upper-Middle,1673774,Salaried,7,C,687,East,60
B007076,Middle,649825,Self-Employed,15,F,366,North,59
B007077,Lower-Middle,321023,Salaried,21,A,854,East,43
B007078,High,2407508,Salaried,4,C,658,East,61
B007079,Low,223357,Freelancer,14,C,660,West,33
B007080,High,1903642,Salaried,12,D,589,East,44
B007081,Upper-Middle,1272498,Salaried,9,C,703,North,29
B007082,Upper-Middle,1663856,Salaried,15,C,684,South,25
B007083,Upper-Middle,1296066,Self-Employed,21,A,816,East,51
B007084,Lower-Middle,478220,Business Owner,29,F,401,Central,41
B007085,Middle,984645,Self-Employed,13,D,601,West,46
B007086,Upper-Middle,1562875,Business Owner,2,A,842,North,61
B007087,Upper-Middle,1544382,Salaried,29,E,487,East,42
B007088,Lower-Middle,591487,Unemployed,9,E,476,Central,60
B007089,Lower-Middle,328020,Salaried,11,C,698,South,46
B007090,Lower-Middle,580927,Salaried,22,G,300,South,35
B007091,Middle,660922,Salaried,9,B,750,North,24
B007092,Middle,614190,Salaried,21,E,464,East,63
B007093,Upper-Middle,1372298,Salaried,0,E,510,South,56
B007094,Upper-Middle,1707777,Salaried,25,D,554,Central,35
B007095,Middle,725332,Business Owner,15,D,561,South,52
B007096,Lower-Middle,327239,Business Owner,28,B,752,West,56
B007097,Middle,607620,Self-Employed,18,B,763,West,22
B007098,Lower-Middle,417444,Salaried,16,C,660,West,62
B007099,Lower-Middle,595398,Salaried,14,F,400,South,26
B007100,Low,251723,Business Owner,25,B,712,North,26
B007101,Lower-Middle,452549,Salaried,5,C,687,North,40
B007102,Lower-Middle,361588,Salaried,28,A,858,East,33
B007103,Middle,980143,Salaried,10,C,672,South,37
B007104,Low,156326,Salaried,3,C,608,South,45
B007105,Lower-Middle,310415,Salaried,4,G,311,North,39
B007106,Low,194768,Self-Employed,17,B,743,East,37
B007107,Middle,781909,Business Owner,27,B,744,East,44
B007108,Middle,955819,Unemployed,13,A,849,South,64
B007109,Lower-Middle,513572,Salaried,5,D,610,West,51
B007110,Low,209338,Salaried,23,D,626,West,38
B007111,High,3230666,Business Owner,8,B,790,South,51
B007112,Middle,889885,Salaried,5,B,757,East,57
B007113,Middle,674841,Self-Employed,19,C,710,West,23
B007114,Middle,735385,Self-Employed,25,A,887,North,29
B007115,Upper-Middle,1193038,Salaried,28,E,492,South,64
B007116,Upper-Middle,1664015,Salaried,13,E,444,West,64
B007117,Lower-Middle,566271,Salaried,28,C,649,West,52
B007118,Middle,957901,Self-Employed,10,D,526,South,53
B007119,Lower-Middle,477668,Salaried,14,C,658,West,61
B007120,Middle,742112,Salaried,21,A,852,East,21
B007121,Lower-Middle,452391,Salaried,27,D,537,East,44
B007122,Low,281877,Business Owner,9,E,512,Central,28
B007123,High,3298781,Freelancer,7,C,675,South,62
B007124,Upper-Middle,1666380,Freelancer,26,B,714,South,25
B007125,Lower-Middle,326366,Business Owner,4,C,675,East,26
B007126,High,2966450,Salaried,26,C,625,West,47
B007127,Lower-Middle,544131,Salaried,14,C,722,West,35
B007128,Middle,812363,Salaried,0,E,458,Central,57
B007129,Upper-Middle,1244333,Self-Employed,22,B,736,North,34
B007130,Lower-Middle,405552,Business Owner,5,E,479,West,55
B007131,Middle,626373,Salaried,13,G,313,North,38
B007132,Middle,952366,Freelancer,22,B,750,Central,46
B007133,Low,254464,Salaried,13,D,540,North,63
B007134,Lower-Middle,570666,Self-Employed,16,C,672,North,48
B007135,Lower-Middle,348832,Freelancer,6,D,565,Central,29
B007136,Middle,693480,Self-Employed,2,F,385,South,62
B007137,Low,231521,Business Owner,6,F,440,South,62
B007138,Lower-Middle,327837,Business Owner,12,C,660,West,40
B007139,Middle,848863,Business Owner,8,E,481,North,37
B007140,Low,198578,Business Owner,1,D,584,East,54
B007141,Lower-Middle,350506,Salaried,13,E,502,South,45
B007142,Middle,736145,Salaried,7,F,407,South,25
B007143,Upper-Middle,1754200,Business Owner,24,E,431,North,35
B007144,Low,241530,Self-Employed,5,A,842,South,24
B007145,Upper-Middle,1497317,Self-Employed,17,B,750,East,33
B007146,Middle,904339,Salaried,24,E,460,West,28
B007147,Lower-Middle,549280,Salaried,14,A,818,North,64
B007148,Upper-Middle,1464890,Salaried,25,D,607,West,63
B007149,Middle,781840,Freelancer,22,D,583,North,21
B007150,Middle,639064,Salaried,24,E,476,West,54
B007151,Middle,909747,Salaried,9,E,498,South,56
B007152,Upper-Middle,1194263,Salaried,0,A,880,Central,61
B007153,High,2153146,Salaried,22,D,593,West,59
B007154,Middle,973874,Salaried,22,E,524,East,35
B007155,Upper-Middle,1532016,Self-Employed,27,B,766,North,42
B007156,Upper-Middle,1473655,Salaried,18,D,597,Central,28
B007157,Upper-Middle,1552705,Salaried,16,D,574,Central,59
B007158,High,2578009,Salaried,20,C,700,North,23
B007159,Lower-Middle,565372,Salaried,22,C,712,East,43
B007160,Low,224754,Business Owner,1,B,765,Central,40
B007161,Middle,817476,Freelancer,20,E,458,West,35
B007162,Lower-Middle,401343,Business Owner,6,B,763,Central,63
B007163,Middle,991529,Freelancer,16,C,668,Central,41
B007164,Upper-Middle,1393480,Salaried,6,D,597,Central,22
B007165,High,1878109,Freelancer,13,A,841,South,58
B007166,Lower-Middle,569330,Salaried,4,C,673,Central,61
B007167,Middle,766479,Business Owner,26,B,775,North,36
B007168,Lower-Middle,476152,Self-Employed,17,B,744,Central,33
B007169,Middle,706301,Salaried,0,C,678,East,51
B007170,Low,154854,Salaried,10,D,586,North,23
B007171,Middle,637625,Salaried,2,C,615,West,49
B007172,Middle,714389,Salaried,13,A,846,Central,28
B007173,Upper-Middle,1666450,Salaried,7,C,633,Central,30
B007174,Middle,996615,Unemployed,21,A,885,North,25
B007175,Lower-Middle,333328,Salaried,28,B,745,Central,49
B007176,Low,246670,Self-Employed,16,A,839,Central,50
B007177,Low,290441,Self-Employed,0,B,780,Central,41
B007178,High,2481884,Salaried,13,D,520,East,63
B007179,High,3839813,Salaried,28,F,371,Central,24
B007180,Lower-Middle,439943,Salaried,27,B,792,South,64
B007181,Lower-Middle,403853,Salaried,15,E,488,East,56
B007182,Lower-Middle,544665,Salaried,19,A,813,South,24
B007183,Middle,640678,Salaried,10,C,651,South,39
B007184,Lower-Middle,446414,Salaried,20,C,636,South,45
B007185,Low,180595,Business Owner,26,B,743,West,47
B007186,Lower-Middle,438417,Business Owner,5,D,570,West,40
B007187,Lower-Middle,458101,Salaried,27,B,804,Central,34
B007188,Lower-Middle,487306,Self-Employed,18,E,463,West,33
B007189,Low,171271,Freelancer,1,D,545,North,47
B007190,Middle,921804,Salaried,15,E,482,East,44
B007191,Middle,967453,Salaried,4,B,761,West,37
B007192,Lower-Middle,565528,Salaried,28,C,661,East,31
B007193,Middle,829615,Salaried,27,E,488,North,43
B007194,Middle,869720,Business Owner,22,C,710,South,31
B007195,Upper-Middle,1725255,Business Owner,5,D,552,East,39
B007196,High,2035628,Self-Employed,25,C,665,South,63
B007197,Low,256026,Salaried,29,D,615,West,53
B007198,Upper-Middle,1454779,Business Owner,19,D,623,West,53
B007199,Middle,887228,Salaried,15,C,678,South,23
B007200,Middle,678463,Salaried,9,F,355,West,54
B007201,Lower-Middle,389240,Salaried,17,E,510,East,48
B007202,Lower-Middle,575007,Freelancer,19,A,871,North,43
B007203,Low,163999,Self-Employed,6,A,859,Central,33
B007204,High,3836176,Self-Employed,29,E,479,West,39
B007205,Middle,888273,Business Owner,17,D,562,Central,37
B007206,Lower-Middle,377102,Salaried,9,F,423,Central,37
B007207,Middle,877674,Salaried,1,D,591,South,56
B007208,Low,284939,Business Owner,5,B,788,Central,27
B007209,Low,180246,Freelancer,21,A,844,Central,48
B007210,Middle,876578,Salaried,9,D,592,North,63
B007211,Middle,984418,Salaried,5,D,554,West,28
B007212,Upper-Middle,1201878,Unemployed,23,F,439,Central,50
B007213,Middle,966227,Salaried,23,E,535,North,25
B007214,Middle,651640,Salaried,2,F,400,North,43
B007215,Upper-Middle,1581941,Salaried,9,E,445,South,35
B007216,Low,157195,Salaried,27,D,611,North,48
B007217,Middle,811585,Self-Employed,3,D,632,North,54
B007218,Middle,621871,Self-Employed,21,D,572,South,64
B007219,Lower-Middle,593055,Salaried,11,D,571,South,25
B007220,Lower-Middle,551760,Salaried,18,E,482,East,32
B007221,Lower-Middle,558507,Self-Employed,18,B,753,Central,52
B007222,Lower-Middle,577598,Salaried,5,F,428,Central,59
B007223,Middle,888117,Salaried,20,D,593,North,37
B007224,Low,193533,Salaried,16,C,643,Central,25
B007225,Middle,999963,Freelancer,10,B,753,West,25
B007226,Low,202496,Unemployed,0,C,678,South,21
B007227,Low,280567,Salaried,29,D,564,East,24
B007228,Lower-Middle,525260,Self-Employed,17,B,771,East,61
B007229,Lower-Middle,490591,Freelancer,9,A,853,Central,64
B007230,High,3278512,Salaried,8,B,788,North,24
B007231,Lower-Middle,300053,Freelancer,10,C,689,East,64
B007232,Lower-Middle,472002,Salaried,16,F,389,Central,51
B007233,Lower-Middle,328448,Self-Employed,28,D,581,West,45
B007234,Lower-Middle,599709,Self-Employed,10,C,651,South,42
B007235,Middle,684313,Salaried,24,G,362,Central,32
B007236,Upper-Middle,1679085,Business Owner,13,C,687,South,39
B007237,Lower-Middle,537323,Business Owner,16,G,300,South,63
B007238,Middle,868295,Salaried,16,F,394,Central,64
B007239,Middle,830411,Self-Employed,26,D,539,West,49
B007240,Upper-Middle,1342425,Freelancer,28,D,569,South,35
B007241,Middle,905097,Freelancer,17,E,492,West,36
B007242,Lower-Middle,416535,Self-Employed,29,C,692,North,25
B007243,Middle,901993,Salaried,13,C,695,South,32
B007244,Upper-Middle,1146395,Salaried,18,B,726,Central,31
B007245,Middle,927543,Salaried,26,B,764,South,63
B007246,High,3494128,Business Owner,4,B,768,North,63
B007247,Upper-Middle,1609634,Business Owner,23,E,492,Central,48
B007248,Lower-Middle,422576,Freelancer,1,A,812,North,62
B007249,Upper-Middle,1561661,Salaried,1,C,650,Central,46
B007250,Middle,803862,Freelancer,29,C,665,East,33
B007251,Middle,707675,Freelancer,2,C,689,South,43
B007252,Middle,787762,Self-Employed,18,E,467,South,45
B007253,Upper-Middle,1320209,Freelancer,19,E,476,North,34
B007254,Middle,664722,Salaried,17,D,573,Central,47
B007255,Middle,606039,Salaried,2,D,539,Central,60
B007256,Low,248169,Salaried,1,E,480,West,64
B007257,Lower-Middle,522323,Salaried,0,C,679,South,62
B007258,Upper-Middle,1247760,Salaried,28,C,646,East,48
B007259,Middle,998778,Self-Employed,22,B,748,West,48
B007260,Low,182943,Salaried,4,B,745,North,58
B007261,Upper-Middle,1487261,Salaried,14,F,416,West,34
B007262,Upper-Middle,1652861,Salaried,16,E,448,South,27
B007263,Middle,888053,Self-Employed,11,C,656,West,21
B007264,Low,209475,Freelancer,9,A,888,Central,42
B007265,Middle,942797,Salaried,3,E,518,South,27
B007266,Low,261684,Business Owner,11,F,426,South,54
B007267,Lower-Middle,376746,Unemployed,0,F,434,East,30
B007268,Middle,895202,Self-Employed,9,E,466,North,22
B007269,High,2527131,Business Owner,21,D,612,South,37
B007270,Lower-Middle,378982,Self-Employed,7,B,708,South,40
B007271,Upper-Middle,1303488,Unemployed,29,A,836,North,44
B007272,High,2678677,Salaried,7,C,686,West,62
B007273,Low,152072,Business Owner,26,D,585,East,43
B007274,Lower-Middle,378930,Salaried,2,F,406,Central,55
B007275,Middle,873516,Salaried,17,F,376,South,53
B007276,Upper-Middle,1298695,Business Owner,0,C,599,South,27
B007277,Lower-Middle,489813,Business Owner,13,C,679,East,31
B007278,Middle,861975,Freelancer,12,C,695,South,42
B007279,Middle,991558,Freelancer,2,D,583,West,34
B007280,Upper-Middle,1341611,Business Owner,2,E,496,Central,41
B007281,Middle,836760,Self-Employed,21,E,499,West,29
B007282,Low,257644,Freelancer,10,F,379,North,26
B007283,Low,251420,Salaried,7,D,576,West,38
B007284,Low,229628,Salaried,7,D,550,South,34
B007285,High,3547365,Salaried,14,G,335,Central,46
B007286,High,3240903,Self-Employed,14,D,522,South,28
B007287,Upper-Middle,1535125,Self-Employed,23,B,753,West,48
B007288,Low,192888,Business Owner,18,C,713,South,64
B007289,Middle,917259,Salaried,20,A,862,Central,40
B007290,Lower-Middle,469104,Business Owner,11,B,731,North,43
B007291,Lower-Middle,553403,Self-Employed,27,D,590,Central,24
B007292,Lower-Middle,347131,Freelancer,13,E,510,Central,27
B007293,Upper-Middle,1311624,Salaried,24,B,764,North,22
B007294,Low,255076,Self-Employed,29,C,684,South,41
B007295,Middle,963080,Business Owner,22,C,639,South,42
B007296,High,3705431,Salaried,13,E,472,South,24
B007297,Middle,844321,Salaried,28,B,768,East,39
B007298,Low,260684,Salaried,12,A,842,West,58
B007299,Upper-Middle,1328648,Salaried,1,D,569,North,59
B007300,Middle,668772,Salaried,17,D,554,Central,49
B007301,Middle,794859,Self-Employed,16,A,885,North,54
B007302,Middle,981897,Self-Employed,0,E,492,East,43
B007303,Upper-Middle,1299166,Self-Employed,25,C,694,West,35
B007304,Middle,811427,Salaried,14,D,525,South,53
B007305,Middle,977217,Salaried,25,D,603,East,58
B007306,Middle,640502,Business Owner,1,A,822,North,34
B007307,Low,157792,Business Owner,7,B,753,North,38
B007308,Upper-Middle,1496053,Self-Employed,8,C,675,East,38
B007309,Low,202233,Business Owner,24,B,809,North,52
B007310,Lower-Middle,499317,Freelancer,23,B,805,East,24
B007311,Lower-Middle,418545,Freelancer,1,C,668,Central,53
B007312,Lower-Middle,453186,Self-Employed,6,C,680,South,31
B007313,Lower-Middle,589720,Salaried,5,E,475,West,41
B007314,Middle,786960,Salaried,14,D,581,West,22
B007315,Lower-Middle,503414,Self-Employed,22,F,399,West,56
B007316,Low,299505,Salaried,20,C,678,West,25
B007317,Upper-Middle,1318596,Salaried,2,C,656,West,31
B007318,High,1820055,Salaried,29,C,682,North,49
B007319,Middle,881438,Freelancer,27,A,859,Central,35
B007320,Lower-Middle,492583,Salaried,19,B,733,Central,30
B007321,Low,203198,Business Owner,27,A,847,South,45
B007322,Low,259728,Freelancer,26,E,477,East,21
B007323,Lower-Middle,529406,Self-Employed,26,C,721,Central,37
B007324,High,2306527,Salaried,6,A,882,South,29
B007325,Upper-Middle,1154860,Business Owner,19,E,515,North,45
B007326,Lower-Middle,504425,Self-Employed,2,B,748,West,34
B007327,High,2738240,Salaried,0,F,446,South,50
B007328,Lower-Middle,337605,Self-Employed,14,E,481,West,27
B007329,Lower-Middle,333549,Salaried,28,C,652,East,24
B007330,Lower-Middle,301994,Self-Employed,17,B,817,West,30
B007331,Lower-Middle,324056,Freelancer,28,G,327,North,59
B007332,Upper-Middle,1538306,Self-Employed,9,E,470,East,63
B007333,Lower-Middle,581264,Freelancer,19,F,390,East,24
B007334,Middle,918207,Salaried,21,A,870,East,22
B007335,Lower-Middle,444372,Freelancer,1,D,572,Central,28
B007336,Upper-Middle,1555756,Business Owner,16,C,668,East,45
B007337,Middle,836163,Salaried,24,C,712,Central,61
B007338,Middle,692777,Freelancer,17,A,834,South,55
B007339,Low,209909,Freelancer,26,E,478,Central,31
B007340,Upper-Middle,1382659,Salaried,26,D,650,North,64
B007341,Middle,708707,Business Owner,29,E,502,East,32
B007342,Lower-Middle,582056,Salaried,4,B,773,Central,36
B007343,Upper-Middle,1222615,Salaried,19,G,349,Central,57
B007344,Low,254183,Salaried,9,C,684,North,34
B007345,Lower-Middle,398464,Salaried,5,G,343,South,53
B007346,Middle,791419,Salaried,22,D,545,West,39
B007347,Lower-Middle,511776,Salaried,29,B,772,North,57
B007348,Middle,904601,Freelancer,14,E,486,South,48
B007349,Lower-Middle,370277,Salaried,10,D,593,Central,61
B007350,Low,232213,Business Owner,26,B,705,Central,40
B007351,Low,245751,Salaried,0,B,724,East,37
B007352,Low,155253,Salaried,4,G,309,East,35
B007353,High,3467070,Business Owner,19,G,329,South,44
B007354,Middle,850108,Salaried,13,D,548,North,61
B007355,Middle,856003,Salaried,0,B,746,West,28
B007356,Lower-Middle,361007,Unemployed,23,C,679,North,39
B007357,Middle,797049,Salaried,25,B,758,West,31
B007358,Low,235317,Salaried,18,D,606,South,29
B007359,Lower-Middle,403894,Self-Employed,21,C,699,West,50
B007360,Middle,873705,Salaried,4,C,644,East,64
B007361,Middle,615723,Self-Employed,3,E,488,Central,64
B007362,Upper-Middle,1405222,Salaried,20,G,300,West,45
B007363,Upper-Middle,1047642,Salaried,11,B,792,Central,21
B007364,Upper-Middle,1350263,Salaried,16,C,693,Central,58
B007365,Lower-Middle,567539,Salaried,25,D,557,West,52
B007366,Low,217414,Self-Employed,29,B,795,South,35
B007367,Low,297221,Freelancer,1,C,637,North,59
B007368,Upper-Middle,1603506,Business Owner,19,A,839,West,31
B007369,High,3882618,Salaried,26,A,823,West,47
B007370,High,3725963,Freelancer,9,E,479,South,29
B007371,Lower-Middle,557008,Business Owner,16,C,614,North,43
B007372,Upper-Middle,1264028,Salaried,16,E,490,Central,54
B007373,Middle,929078,Salaried,22,A,807,East,52
B007374,Upper-Middle,1269355,Salaried,4,D,568,North,63
B007375,Middle,939040,Salaried,11,D,609,Central,54
B007376,Low,220362,Salaried,22,E,494,Central,62
B007377,Low,151252,Salaried,13,B,816,East,59
B007378,High,3810655,Unemployed,25,D,607,South,52
B007379,Lower-Middle,509027,Salaried,8,F,426,South,36
B007380,Lower-Middle,506013,Salaried,17,B,746,West,52
B007381,Lower-Middle,562951,Unemployed,27,B,753,South,22
B007382,Lower-Middle,588460,Salaried,17,C,683,East,32
B007383,High,3486213,Salaried,21,G,300,North,41
B007384,Low,235491,Salaried,3,B,760,East,37
B007385,Low,176760,Self-Employed,7,B,788,South,33
B007386,Upper-Middle,1573887,Salaried,5,G,314,Central,23
B007387,Middle,800638,Self-Employed,24,C,634,West,60
B007388,Low,228868,Business Owner,28,B,777,East,45
B007389,Low,248065,Self-Employed,29,D,569,East,40
B007390,Lower-Middle,527634,Freelancer,11,A,837,South,63
B007391,Lower-Middle,378208,Business Owner,6,C,731,West,54
B007392,Low,197592,Self-Employed,23,A,854,East,50
B007393,Lower-Middle,372269,Salaried,11,D,632,North,39
B007394,Upper-Middle,1603977,Salaried,26,D,561,North,40
B007395,Upper-Middle,1371266,Salaried,7,A,833,East,39
B007396,Upper-Middle,1476377,Self-Employed,2,D,568,South,34
B007397,Lower-Middle,459605,Salaried,7,F,398,North,62
B007398,Lower-Middle,554363,Self-Employed,26,C,663,South,42
B007399,High,3080870,Salaried,8,G,300,Central,41
B007400,Upper-Middle,1784049,Self-Employed,5,G,334,West,36
B007401,Middle,838744,Salaried,18,B,763,North,38
B007402,Lower-Middle,450729,Freelancer,23,D,601,Central,61
B007403,Lower-Middle,318614,Salaried,15,E,498,Central,55
B007404,Middle,769430,Business Owner,8,E,554,South,52
B007405,Middle,734234,Self-Employed,27,E,494,East,49
B007406,Low,237328,Salaried,25,C,695,Central,32
B007407,High,2568182,Business Owner,18,F,433,East,26
B007408,Middle,723734,Freelancer,13,B,731,Central,40
B007409,Middle,999585,Business Owner,24,D,554,East,49
B007410,Lower-Middle,396027,Freelancer,13,F,375,West,21
B007411,Upper-Middle,1680960,Salaried,17,C,661,Central,21
B007412,Upper-Middle,1647644,Freelancer,17,D,573,West,21
B007413,Low,198674,Freelancer,15,D,586,North,21
B007414,Middle,752123,Business Owner,25,F,440,West,40
B007415,Middle,896502,Business Owner,12,C,630,North,43
B007416,Upper-Middle,1308705,Business Owner,8,D,542,South,40
B007417,Lower-Middle,312429,Salaried,15,B,746,North,25
B007418,Upper-Middle,1402594,Self-Employed,29,A,826,Central,21
B007419,Middle,812385,Salaried,14,A,813,West,48
B007420,Low,199911,Self-Employed,25,C,662,South,37
B007421,Low,158010,Salaried,26,D,586,Central,26
B007422,Lower-Middle,431364,Business Owner,11,A,848,North,32
B007423,Lower-Middle,588629,Salaried,15,B,746,South,32
B007424,Middle,971960,Salaried,0,C,670,West,33
B007425,Upper-Middle,1667517,Salaried,11,F,357,Central,27
B007426,Lower-Middle,411003,Salaried,5,A,868,South,35
B007427,High,2203437,Self-Employed,3,D,580,West,28
B007428,Low,296283,Salaried,16,E,499,North,47
B007429,Middle,943673,Salaried,18,F,402,South,38
B007430,High,2229719,Salaried,24,D,540,North,52
B007431,Upper-Middle,1340549,Salaried,17,C,659,East,55
B007432,Middle,840794,Salaried,28,B,795,South,38
B007433,Middle,843512,Salaried,7,B,775,North,60
B007434,Low,246762,Self-Employed,11,E,485,South,64
B007435,Low,292555,Business Owner,26,C,691,North,40
B007436,Lower-Middle,346390,Freelancer,1,C,696,North,46
B007437,Low,284215,Salaried,20,B,795,West,40
B007438,Lower-Middle,382972,Salaried,21,C,690,North,51
B007439,Lower-Middle,465482,Salaried,8,C,707,North,25
B007440,High,3018094,Self-Employed,9,C,672,West,40
B007441,Upper-Middle,1558168,Salaried,16,A,874,West,42
B007442,Upper-Middle,1280722,Salaried,17,C,645,North,62
B007443,Middle,646025,Self-Employed,4,B,780,South,57
B007444,Low,276788,Salaried,12,D,585,West,44
B007445,Low,177065,Self-Employed,24,D,596,North,46
B007446,Middle,695893,Self-Employed,18,D,612,Central,53
B007447,Middle,631690,Business Owner,4,B,738,West,23
B007448,Lower-Middle,452830,Salaried,7,D,617,West,43
B007449,Middle,842313,Salaried,1,C,687,Central,42
B007450,Middle,808591,Self-Employed,4,C,678,South,59
B007451,Lower-Middle,325373,Salaried,1,B,730,South,52
B007452,Lower-Middle,551283,Salaried,5,G,300,East,54
B007453,Lower-Middle,318648,Salaried,23,C,694,West,24
B007454,Middle,992682,Salaried,27,C,670,North,57
B007455,High,2621825,Salaried,27,A,880,West,50
B007456,Middle,828075,Self-Employed,26,D,601,Central,23
B007457,Upper-Middle,1551218,Business Owner,0,C,652,West,49
B007458,Upper-Middle,1421309,Salaried,25,E,490,North,46
B007459,Low,276261,Self-Employed,19,A,848,North,26
B007460,Middle,912813,Unemployed,18,C,693,South,44
B007461,Middle,832052,Salaried,2,E,492,South,57
B007462,Middle,606149,Business Owner,12,C,669,North,38
B007463,Low,245829,Salaried,8,A,862,West,32
B007464,Upper-Middle,1631397,Freelancer,6,E,484,Central,33
B007465,High,3591561,Salaried,19,G,331,South,52
B007466,Low,231633,Salaried,19,C,675,North,56
B007467,Lower-Middle,402690,Unemployed,3,D,612,West,55
B007468,Lower-Middle,407620,Self-Employed,9,C,690,North,33
B007469,Upper-Middle,1293356,Salaried,15,D,586,South,40
B007470,Middle,877435,Business Owner,17,E,527,North,45
B007471,Low,255031,Freelancer,7,D,566,West,51
B007472,Upper-Middle,1475245,Salaried,10,C,675,Central,42
B007473,Lower-Middle,529867,Salaried,11,B,764,South,50
B007474,Middle,791928,Salaried,0,D,591,East,43
B007475,Lower-Middle,460285,Freelancer,21,D,567,East,23
B007476,Middle,946949,Salaried,18,D,584,Central,62
B007477,Middle,800177,Salaried,26,B,746,West,33
B007478,Lower-Middle,389864,Salaried,29,C,635,Central,60
B007479,Lower-Middle,425508,Salaried,21,E,487,South,42
B007480,Upper-Middle,1203403,Self-Employed,14,B,767,West,46
B007481,Middle,689814,Salaried,4,F,375,Central,59
B007482,High,3138375,Salaried,4,C,662,North,29
B007483,Middle,606529,Salaried,3,E,504,East,25
B007484,Upper-Middle,1248573,Salaried,22,C,687,Central,29
B007485,Lower-Middle,492308,Salaried,13,C,690,East,57
B007486,Upper-Middle,1170506,Salaried,15,G,300,East,25
B007487,Lower-Middle,599353,Business Owner,25,D,637,West,49
B007488,Low,244167,Salaried,21,B,722,East,41
B007489,Low,244362,Salaried,16,G,306,East,24
B007490,Low,230005,Self-Employed,26,C,613,West,29
B007491,High,3486028,Business Owner,18,E,465,North,56
B007492,High,3329896,Self-Employed,8,B,738,West,40
B007493,Upper-Middle,1670078,Unemployed,25,E,522,Central,47
B007494,Low,188441,Salaried,7,G,352,Central,36
B007495,Upper-Middle,1341786,Salaried,0,C,676,West,43
B007496,Upper-Middle,1428375,Salaried,14,B,748,Central,22
B007497,Lower-Middle,406603,Salaried,24,D,516,East,64
B007498,Middle,704871,Unemployed,2,B,740,East,55
B007499,Middle,606902,Self-Employed,24,C,624,West,47
B007500,Low,205770,Business Owner,3,D,563,North,62
B007501,Middle,782576,Unemployed,23,B,752,East,63
B007502,Upper-Middle,1641505,Business Owner,15,F,405,Central,38
B007503,Lower-Middle,505691,Salaried,16,E,485,North,63
B007504,Lower-Middle,401985,Freelancer,11,C,659,North,34
B007505,Middle,894744,Salaried,24,C,657,West,58
B007506,Upper-Middle,1123771,Salaried,11,E,487,East,23
B007507,High,2457299,Self-Employed,17,C,697,West,36
B007508,Upper-Middle,1264715,Freelancer,19,G,327,North,21
B007509,Middle,610917,Business Owner,3,A,833,East,57
B007510,Middle,948661,Salaried,27,C,662,South,48
B007511,Middle,771053,Freelancer,6,D,629,Central,23
B007512,Middle,722189,Salaried,28,B,745,East,44
B007513,Low,261452,Self-Employed,19,C,686,North,31
B007514,Middle,813053,Salaried,12,D,605,West,55
B007515,Middle,953885,Salaried,27,C,671,West,29
B007516,Middle,872291,Salaried,19,B,744,Central,44
B007517,Upper-Middle,1715600,Freelancer,14,C,623,East,50
B007518,Middle,888535,Unemployed,11,A,865,Central,29
B007519,Lower-Middle,534210,Salaried,5,B,766,South,23
B007520,Low,214501,Salaried,22,A,832,East,58
B007521,Low,165725,Salaried,10,G,324,South,26
B007522,Lower-Middle,444825,Business Owner,15,B,764,South,60
B007523,Middle,816673,Self-Employed,0,A,831,East,31
B007524,Low,187637,Self-Employed,3,G,300,East,55
B007525,Lower-Middle,368968,Salaried,3,E,479,Central,48
B007526,Lower-Middle,410837,Salaried,16,C,706,South,62
B007527,Upper-Middle,1335845,Freelancer,15,F,417,West,39
B007528,Upper-Middle,1496916,Self-Employed,29,F,410,East,59
B007529,Lower-Middle,387544,Salaried,10,E,501,Central,42
B007530,Low,160366,Salaried,8,D,559,Central,41
B007531,Low,199958,Salaried,15,D,568,South,58
B007532,Low,183396,Salaried,23,G,312,East,58
B007533,Lower-Middle,485509,Salaried,16,C,668,South,22
B007534,Low,206559,Self-Employed,8,E,464,North,53
B007535,Lower-Middle,475040,Salaried,10,B,732,Central,59
B007536,High,2593425,Salaried,21,E,488,West,42
B007537,Middle,829579,Self-Employed,23,G,300,Central,47
B007538,Upper-Middle,1002908,Salaried,14,A,843,South,39
B007539,Low,239145,Salaried,17,B,755,South,60
B007540,Lower-Middle,315054,Freelancer,21,E,525,South,51
B007541,High,3484078,Salaried,0,E,479,South,55
B007542,Lower-Middle,572898,Business Owner,25,E,502,West,24
B007543,Middle,812477,Salaried,12,G,300,Central,27
B007544,High,1853490,Salaried,0,A,885,North,50
B007545,Middle,722706,Salaried,25,D,624,North,25
B007546,Lower-Middle,331717,Self-Employed,19,D,570,West,39
B007547,Middle,628433,Salaried,23,B,729,North,61
B007548,Low,245954,Business Owner,2,B,717,Central,37
B007549,Low,250038,Salaried,14,D,585,North,23
B007550,Low,243337,Self-Employed,28,D,573,South,41
B007551,Upper-Middle,1121387,Salaried,11,D,615,South,27
B007552,Middle,671480,Salaried,15,C,677,East,62
B007553,Lower-Middle,390315,Self-Employed,11,D,563,Central,53
B007554,Lower-Middle,422649,Salaried,8,C,693,East,64
B007555,Middle,691857,Salaried,25,B,708,South,40
B007556,High,3758295,Self-Employed,20,D,579,West,63
B007557,Lower-Middle,308082,Business Owner,15,D,582,East,54
B007558,Lower-Middle,444972,Self-Employed,20,E,502,Central,49
B007559,Upper-Middle,1759235,Salaried,14,C,657,Central,37
B007560,Upper-Middle,1789361,Salaried,13,E,486,Central,56
B007561,High,2514346,Salaried,16,F,387,North,64
B007562,Lower-Middle,489171,Salaried,27,C,683,South,28
B007563,Low,270692,Salaried,20,D,599,North,55
B007564,Lower-Middle,368276,Salaried,28,F,379,East,44
B007565,Lower-Middle,466417,Salaried,27,C,688,Central,37
B007566,Upper-Middle,1775629,Salaried,13,E,460,North,34
B007567,Low,284065,Salaried,2,D,574,Central,30
B007568,Middle,954128,Salaried,21,C,692,North,28
B007569,Upper-Middle,1486654,Salaried,14,F,388,East,31
B007570,High,3170959,Salaried,0,B,748,South,51
B007571,Middle,692931,Business Owner,1,A,855,Central,34
B007572,High,3581170,Salaried,9,B,684,South,21
B007573,Low,265414,Salaried,10,F,382,North,29
B007574,Lower-Middle,429208,Freelancer,25,C,660,East,59
B007575,Low,278554,Salaried,17,D,574,North,38
B007576,High,2338851,Salaried,3,B,765,West,64
B007577,Upper-Middle,1678091,Business Owner,15,D,579,North,34
B007578,Low,243772,Self-Employed,1,D,611,South,35
B007579,Low,156799,Freelancer,14,B,804,East,42
B007580,Lower-Middle,406558,Freelancer,20,C,667,Central,26
B007581,Lower-Middle,506036,Self-Employed,11,C,654,West,27
B007582,Upper-Middle,1579210,Salaried,11,B,791,Central,55
B007583,Low,205253,Salaried,27,C,664,Central,32
B007584,Upper-Middle,1182926,Salaried,26,D,564,West,56
B007585,Middle,669676,Self-Employed,15,A,870,South,33
B007586,Lower-Middle,593331,Freelancer,28,C,670,South,55
B007587,Low,208940,Salaried,18,C,691,Central,30
B007588,High,2690641,Freelancer,10,F,382,South,52
B007589,Middle,667312,Self-Employed,4,D,573,Central,31
B007590,Lower-Middle,412701,Salaried,29,F,421,North,55
B007591,Lower-Middle,593669,Freelancer,1,D,525,Central,33
B007592,Upper-Middle,1400241,Self-Employed,20,E,478,South,58
B007593,Upper-Middle,1565671,Salaried,20,A,875,West,43
B007594,Upper-Middle,1753089,Salaried,13,D,574,Central,22
B007595,Middle,969798,Salaried,24,C,697,Central,52
B007596,Upper-Middle,1704444,Salaried,16,E,472,East,64
B007597,Lower-Middle,572419,Self-Employed,13,F,406,North,30
B007598,Middle,844450,Freelancer,27,E,483,East,54
B007599,Lower-Middle,560209,Self-Employed,3,A,809,West,33
B007600,Middle,917328,Business Owner,2,D,572,East,44
B007601,High,3981765,Business Owner,3,E,478,West,29
B007602,High,3737596,Salaried,10,A,834,West,38
B007603,Middle,815181,Business Owner,23,B,738,North,52
B007604,Middle,600981,Business Owner,11,D,615,Central,64
B007605,Upper-Middle,1794890,Salaried,6,C,653,South,32
B007606,High,2975360,Salaried,12,A,858,North,25
B007607,Upper-Middle,1754677,Business Owner,7,F,397,South,51
B007608,Low,213304,Unemployed,18,G,331,Central,54
B007609,Lower-Middle,494942,Unemployed,13,C,713,West,36
B007610,Upper-Middle,1703240,Salaried,5,G,349,East,26
B007611,Upper-Middle,1124555,Business Owner,20,E,477,East,31
B007612,Upper-Middle,1292016,Salaried,17,D,594,South,45
B007613,Middle,950091,Freelancer,28,E,520,Central,26
B007614,Lower-Middle,448880,Self-Employed,28,F,393,East,41
B007615,Lower-Middle,497567,Freelancer,12,E,515,North,34
B007616,Upper-Middle,1434752,Unemployed,14,C,671,East,25
B007617,Lower-Middle,440475,Salaried,22,B,728,North,23
B007618,Middle,743496,Unemployed,12,C,720,North,28
B007619,Middle,984986,Self-Employed,17,B,717,South,53
B007620,Upper-Middle,1579550,Salaried,3,A,816,North,36
B007621,Lower-Middle,585706,Salaried,11,C,658,Central,34
B007622,Upper-Middle,1689691,Self-Employed,22,C,693,West,35
B007623,Low,156596,Salaried,28,A,865,East,21
B007624,Low,279919,Salaried,20,F,447,West,31
B007625,Lower-Middle,326645,Self-Employed,2,B,785,West,57
B007626,Low,291141,Salaried,19,D,584,West,42
B007627,High,2943640,Salaried,5,D,610,East,52
B007628,Upper-Middle,1240548,Business Owner,28,G,303,South,47
B007629,Low,249995,Salaried,13,B,763,North,22
B007630,Upper-Middle,1724888,Self-Employed,11,B,748,East,52
B007631,Middle,996434,Salaried,20,D,607,West,42
B007632,Middle,689252,Freelancer,17,D,571,Central,35
B007633,Upper-Middle,1593324,Salaried,10,E,457,South,24
B007634,Middle,685770,Business Owner,27,B,727,Central,49
B007635,Low,156068,Business Owner,18,C,642,North,46
B007636,Low,174820,Freelancer,21,A,862,South,47
B007637,Middle,907164,Salaried,14,E,486,Central,47
B007638,High,2069192,Salaried,19,C,670,North,51
B007639,Middle,891566,Salaried,29,B,770,East,55
B007640,Lower-Middle,586114,Self-Employed,19,D,593,West,63
B007641,Low,260165,Self-Employed,11,B,752,North,63
B007642,High,2391350,Self-Employed,8,A,847,North,60
B007643,Lower-Middle,563508,Salaried,26,B,748,South,64
B007644,Middle,918574,Self-Employed,2,E,499,Central,57
B007645,Middle,841362,Salaried,22,D,577,West,38
B007646,Lower-Middle,591722,Self-Employed,1,C,648,South,52
B007647,Low,176696,Self-Employed,2,D,582,South,46
B007648,Lower-Middle,302430,Salaried,19,G,327,North,33
B007649,Lower-Middle,378598,Salaried,11,A,894,East,21
B007650,Middle,716744,Salaried,14,B,730,Central,27
B007651,Upper-Middle,1137358,Business Owner,22,F,368,North,63
B007652,Lower-Middle,465165,Business Owner,26,D,544,South,51
B007653,Middle,642658,Salaried,19,G,300,South,59
B007654,Low,243184,Salaried,0,D,575,North,46
B007655,Lower-Middle,337207,Self-Employed,8,E,479,Central,27
B007656,Upper-Middle,1316212,Business Owner,19,D,544,Central,45
B007657,Upper-Middle,1371515,Salaried,14,A,886,South,61
B007658,Upper-Middle,1128305,Salaried,5,F,353,North,52
B007659,Low,294836,Salaried,26,D,624,East,34
B007660,Middle,638836,Business Owner,13,A,864,East,48
B007661,Lower-Middle,359716,Salaried,24,B,796,North,48
B007662,High,2645744,Business Owner,25,C,645,South,31
B007663,Middle,926930,Self-Employed,9,C,661,Central,42
B007664,High,2999273,Business Owner,11,A,845,North,61
B007665,Low,203527,Unemployed,20,C,659,Central,45
B007666,Middle,789695,Salaried,15,F,406,North,59
B007667,Upper-Middle,1682578,Self-Employed,22,D,586,East,51
B007668,Lower-Middle,432061,Self-Employed,23,C,648,North,26
B007669,Middle,693477,Business Owner,6,A,897,West,45
B007670,Middle,683188,Salaried,0,E,462,East,47
B007671,High,3652074,Salaried,16,E,502,West,49
B007672,Low,187483,Unemployed,0,A,856,Central,61
B007673,High,2975073,Salaried,24,G,317,Central,37
B007674,Lower-Middle,509267,Freelancer,23,C,608,West,50
B007675,Middle,661396,Salaried,22,C,665,South,57
B007676,Middle,607847,Salaried,12,C,666,West,44
B007677,Lower-Middle,596770,Freelancer,9,G,319,East,22
B007678,High,3591079,Self-Employed,25,E,457,West,61
B007679,High,3882528,Self-Employed,25,D,588,West,30
B007680,High,3046247,Salaried,24,D,601,West,54
B007681,High,2293387,Salaried,13,C,687,West,53
B007682,Middle,808802,Salaried,22,C,671,East,49
B007683,Middle,904923,Self-Employed,0,C,700,North,55
B007684,Upper-Middle,1478351,Salaried,29,F,422,Central,40
B007685,Low,221198,Salaried,1,D,563,North,25
B007686,Upper-Middle,1446953,Salaried,15,C,675,West,55
B007687,Middle,689286,Freelancer,29,G,335,South,45
B007688,Middle,755291,Business Owner,4,B,801,West,59
B007689,Lower-Middle,436077,Salaried,24,A,835,East,34
B007690,Lower-Middle,528137,Unemployed,11,C,649,North,28
B007691,Low,229999,Salaried,10,G,300,Central,28
B007692,Lower-Middle,434670,Salaried,26,A,818,West,51
B007693,Lower-Middle,585839,Salaried,27,A,851,South,24
B007694,Lower-Middle,362998,Freelancer,19,C,654,South,51
B007695,Lower-Middle,542929,Salaried,6,G,325,East,31
B007696,Middle,601675,Salaried,18,C,655,West,27
B007697,Lower-Middle,417590,Freelancer,15,D,552,Central,36
B007698,Upper-Middle,1154749,Business Owner,1,F,424,Central,58
B007699,Low,222077,Business Owner,17,D,579,North,23
B007700,Middle,797086,Business Owner,21,A,871,North,59
B007701,Low,208567,Self-Employed,10,B,748,North,61
B007702,Middle,621851,Salaried,20,B,804,South,26
B007703,Middle,692478,Business Owner,0,E,499,North,36
B007704,Middle,704451,Salaried,23,E,463,Central,53
B007705,Lower-Middle,439328,Salaried,26,B,719,West,41
B007706,Middle,769410,Unemployed,22,C,678,North,31
B007707,Lower-Middle,360493,Salaried,27,B,771,Central,44
B007708,Middle,843302,Salaried,12,C,688,West,31
B007709,Lower-Middle,440859,Salaried,29,C,626,South,21
B007710,Middle,688427,Business Owner,3,G,300,South,26
B007711,Lower-Middle,323217,Unemployed,15,C,625,West,61
B007712,Upper-Middle,1098089,Salaried,7,A,827,East,51
B007713,Lower-Middle,321062,Salaried,0,D,595,Central,57
B007714,Lower-Middle,312856,Business Owner,8,F,401,Central,60
B007715,Lower-Middle,328997,Self-Employed,2,C,628,Central,28
B007716,Low,200958,Salaried,28,E,452,West,46
B007717,Middle,812684,Salaried,9,C,679,West,36
B007718,Upper-Middle,1377803,Self-Employed,10,D,609,East,32
B007719,Upper-Middle,1721108,Salaried,27,D,593,West,36
B007720,Lower-Middle,571509,Business Owner,3,F,439,West,29
B007721,Lower-Middle,355088,Salaried,12,D,590,East,45
B007722,Upper-Middle,1693647,Business Owner,28,C,709,South,28
B007723,Low,234562,Self-Employed,29,E,551,Central,26
B007724,Lower-Middle,521393,Self-Employed,22,A,845,North,30
B007725,Upper-Middle,1632736,Business Owner,9,C,688,North,48
B007726,Lower-Middle,420671,Salaried,10,C,616,West,45
B007727,Low,213697,Salaried,1,D,598,South,57
B007728,Lower-Middle,526440,Self-Employed,0,E,464,Central,64
B007729,Middle,929220,Business Owner,0,D,596,North,31
B007730,Low,215874,Business Owner,0,C,659,West,62
B007731,Middle,698717,Salaried,20,A,861,South,33
B007732,Lower-Middle,500845,Business Owner,13,G,300,East,25
B007733,Lower-Middle,533836,Salaried,9,C,661,East,56
B007734,Lower-Middle,529494,Salaried,25,B,779,North,29
B007735,Upper-Middle,1312386,Salaried,1,E,499,East,32
B007736,Lower-Middle,354699,Freelancer,19,F,352,North,50
B007737,Upper-Middle,1400292,Self-Employed,7,C,667,Central,56
B007738,Lower-Middle,384872,Salaried,1,D,564,South,51
B007739,Low,197274,Business Owner,15,E,465,North,27
B007740,Lower-Middle,505489,Salaried,4,A,832,Central,30
B007741,Middle,729237,Salaried,13,G,329,West,44
B007742,Middle,921250,Salaried,21,C,709,East,63
B007743,Upper-Middle,1314402,Salaried,17,C,685,East,28
B007744,High,2174340,Salaried,13,A,834,Central,46
B007745,Upper-Middle,1361751,Salaried,6,A,851,East,64
B007746,Middle,740106,Business Owner,21,B,761,North,44
B007747,Middle,728077,Business Owner,10,C,693,West,32
B007748,Middle,679809,Freelancer,27,F,401,East,57
B007749,Lower-Middle,371911,Salaried,23,D,595,North,28
B007750,Upper-Middle,1603271,Salaried,21,C,672,South,37
B007751,Upper-Middle,1611643,Salaried,18,C,683,South,29
B007752,Lower-Middle,426887,Salaried,19,C,693,Central,52
B007753,Upper-Middle,1231348,Self-Employed,15,D,553,Central,64
B007754,Upper-Middle,1499290,Salaried,25,D,576,North,61
B007755,Lower-Middle,498041,Self-Employed,24,C,664,South,24
B007756,Upper-Middle,1440383,Business Owner,13,D,599,North,62
B007757,Low,263125,Salaried,15,C,670,South,47
B007758,Low,213111,Freelancer,19,E,472,North,22
B007759,Lower-Middle,494799,Salaried,15,D,569,East,26
B007760,Middle,805076,Unemployed,24,B,764,North,24
B007761,Lower-Middle,395687,Self-Employed,20,B,775,East,41
B007762,High,2088568,Salaried,25,B,743,South,52
B007763,Lower-Middle,356801,Salaried,17,F,386,West,41
B007764,Lower-Middle,447262,Salaried,11,E,475,Central,21
B007765,Middle,679953,Business Owner,4,G,300,Central,34
B007766,Low,294397,Salaried,10,E,479,Central,50
B007767,Middle,744596,Business Owner,25,F,410,East,42
B007768,Lower-Middle,346516,Salaried,6,C,693,East,57
B007769,High,3852264,Unemployed,4,D,565,East,54
B007770,Middle,935674,Salaried,26,C,627,Central,24
B007771,Low,187689,Self-Employed,21,F,407,South,52
B007772,Low,250224,Business Owner,17,G,300,South,22
B007773,Low,258305,Salaried,25,E,523,South,22
B007774,High,2887136,Salaried,17,E,488,Central,43
B007775,Middle,835314,Self-Employed,7,F,405,South,64
B007776,Lower-Middle,552939,Self-Employed,7,A,876,South,64
B007777,Lower-Middle,447099,Business Owner,11,D,573,South,54
B007778,Upper-Middle,1365393,Salaried,10,E,499,East,44
B007779,Lower-Middle,522204,Freelancer,7,D,590,West,53
B007780,Middle,977505,Freelancer,2,D,622,North,63
B007781,Upper-Middle,1738174,Business Owner,0,C,721,South,64
B007782,Lower-Middle,484948,Salaried,9,B,759,Central,51
B007783,Middle,818229,Salaried,21,F,437,West,29
B007784,Lower-Middle,487931,Unemployed,29,E,437,South,34
B007785,Lower-Middle,317155,Business Owner,4,D,574,Central,35
B007786,High,3757902,Self-Employed,18,A,866,South,31
B007787,Middle,614680,Freelancer,23,B,724,West,63
B007788,Upper-Middle,1057854,Salaried,20,C,724,South,47
B007789,Middle,615789,Business Owner,20,B,797,West,38
B007790,Lower-Middle,518720,Self-Employed,18,B,751,East,35
B007791,Middle,712166,Business Owner,25,A,900,North,57
B007792,Middle,763527,Business Owner,19,C,690,East,31
B007793,Low,187244,Salaried,29,A,856,East,52
B007794,Lower-Middle,576675,Salaried,27,E,501,West,38
B007795,Middle,998184,Freelancer,24,D,561,Central,23
B007796,Upper-Middle,1351890,Business Owner,27,D,584,Central,44
B007797,Lower-Middle,545008,Salaried,9,G,300,South,25
B007798,Upper-Middle,1202189,Unemployed,1,D,580,West,61
B007799,Lower-Middle,494610,Salaried,7,F,403,East,30
B007800,Lower-Middle,339808,Salaried,8,B,765,East,63
B007801,Lower-Middle,559167,Unemployed,21,C,670,South,50
B007802,Upper-Middle,1344459,Self-Employed,5,C,729,East,53
B007803,Lower-Middle,517363,Freelancer,26,G,300,South,26
B007804,Middle,856296,Freelancer,27,F,355,Central,31
B007805,Lower-Middle,534490,Self-Employed,12,C,648,East,21
B007806,Middle,751191,Salaried,23,E,490,East,41
B007807,Upper-Middle,1482098,Business Owner,13,B,750,North,33
B007808,Lower-Middle,483409,Salaried,27,D,545,South,25
B007809,High,2238179,Self-Employed,11,B,808,Central,34
B007810,Low,178030,Self-Employed,1,D,593,West,46
B007811,Low,256468,Salaried,0,B,752,West,44
B007812,Middle,693264,Salaried,18,D,557,West,49
B007813,Middle,850661,Self-Employed,17,C,663,East,57
B007814,Lower-Middle,588208,Business Owner,1,D,567,Central,38
B007815,Middle,708361,Salaried,23,B,770,South,59
B007816,Lower-Middle,563268,Salaried,5,D,547,South,30
B007817,Middle,810052,Salaried,27,C,650,West,43
B007818,Middle,835135,Business Owner,24,B,781,East,64
B007819,High,2389828,Salaried,20,D,565,South,21
B007820,Middle,970274,Self-Employed,18,B,776,West,22
B007821,Middle,884491,Self-Employed,18,C,668,Central,44
B007822,Middle,883812,Salaried,16,C,663,West,53
B007823,Lower-Middle,556841,Self-Employed,3,D,562,East,26
B007824,Lower-Middle,333216,Freelancer,0,D,582,North,51
B007825,High,2021164,Salaried,24,B,755,Central,22
B007826,Lower-Middle,324791,Salaried,8,C,610,Central,45
B007827,Upper-Middle,1705465,Salaried,29,D,608,West,29
B007828,Low,285311,Business Owner,10,E,498,North,29
B007829,Upper-Middle,1342828,Freelancer,15,A,814,Central,64
B007830,Lower-Middle,499836,Self-Employed,12,A,845,South,58
B007831,High,3667323,Unemployed,14,E,481,Central,36
B007832,Middle,743979,Self-Employed,3,C,646,West,47
B007833,Low,189498,Salaried,2,B,776,East,64
B007834,Middle,987011,Salaried,7,B,795,North,50
B007835,Middle,676959,Self-Employed,9,G,300,East,52
B007836,Lower-Middle,450427,Self-Employed,20,D,569,North,52
B007837,Lower-Middle,476653,Self-Employed,26,B,736,West,43
B007838,Middle,750413,Self-Employed,18,C,614,Central,26
B007839,Upper-Middle,1393574,Salaried,22,C,681,Central,22
B007840,Lower-Middle,542126,Salaried,10,B,808,West,41
B007841,Upper-Middle,1575743,Self-Employed,18,G,306,Central,46
B007842,Lower-Middle,538600,Business Owner,10,C,665,Central,55
B007843,Low,192394,Business Owner,2,D,578,Central,22
B007844,Middle,706126,Salaried,24,F,387,North,38
B007845,Low,187537,Freelancer,27,B,731,Central,36
B007846,Lower-Middle,460578,Salaried,8,B,824,North,53
B007847,Middle,664574,Salaried,14,C,682,South,45
B007848,Lower-Middle,589589,Business Owner,1,E,505,South,37
B007849,Lower-Middle,546187,Freelancer,5,C,726,Central,52
B007850,Middle,993468,Freelancer,9,D,585,North,56
B007851,Middle,697974,Salaried,16,A,829,Central,48
B007852,Upper-Middle,1517747,Salaried,4,A,823,East,58
B007853,Middle,962867,Business Owner,23,C,718,North,44
B007854,Middle,776558,Business Owner,8,B,780,Central,57
B007855,Lower-Middle,445368,Salaried,25,E,487,North,53
B007856,Upper-Middle,1032467,Salaried,9,G,300,South,49
B007857,Lower-Middle,587166,Salaried,15,F,393,South,42
B007858,Lower-Middle,522548,Salaried,5,C,680,West,43
B007859,Upper-Middle,1773244,Salaried,29,C,716,South,50
B007860,Upper-Middle,1178226,Self-Employed,8,D,578,West,58
B007861,Middle,908988,Salaried,1,B,739,North,52
B007862,Low,181276,Self-Employed,18,F,368,North,37
B007863,Low,172787,Self-Employed,11,D,596,North,22
B007864,Middle,966636,Salaried,17,C,697,South,63
B007865,Upper-Middle,1102512,Salaried,24,E,536,East,32
B007866,Middle,868777,Freelancer,1,B,827,West,57
B007867,Low,212383,Self-Employed,25,E,452,West,25
B007868,Lower-Middle,579061,Freelancer,8,C,671,North,32
B007869,Middle,806450,Salaried,7,F,390,South,22
B007870,Middle,856251,Self-Employed,13,G,305,East,37
B007871,Low,264279,Freelancer,13,C,649,South,25
B007872,Low,202737,Salaried,0,D,589,West,60
B007873,Lower-Middle,581965,Salaried,25,B,728,East,38
B007874,Low,161134,Freelancer,28,E,502,South,32
B007875,Middle,651572,Salaried,12,D,609,South,34
B007876,Low,250029,Salaried,7,G,300,South,24
B007877,Middle,773964,Unemployed,6,F,428,Central,30
B007878,Upper-Middle,1273682,Salaried,19,C,673,West,24
B007879,High,3463892,Self-Employed,11,B,784,East,21
B007880,High,3487864,Business Owner,3,D,588,East,59
B007881,Lower-Middle,560918,Business Owner,28,C,647,South,51
B007882,Low,176002,Salaried,11,B,759,East,37
B007883,Lower-Middle,543332,Salaried,27,D,569,Central,32
B007884,Middle,869750,Business Owner,0,D,601,North,30
B007885,Low,277934,Business Owner,18,D,574,East,37
B007886,Lower-Middle,478607,Salaried,4,C,696,West,32
B007887,Lower-Middle,564674,Salaried,3,B,773,North,56
B007888,Lower-Middle,532631,Salaried,3,B,765,East,47
B007889,Middle,972524,Salaried,11,E,496,East,24
B007890,Middle,859228,Business Owner,18,C,695,Central,39
B007891,Middle,764928,Freelancer,23,C,687,South,27
B007892,High,2673484,Salaried,0,G,334,West,27
B007893,Low,210961,Freelancer,18,F,374,North,49
B007894,Low,251798,Business Owner,9,A,836,East,42
B007895,Lower-Middle,400537,Business Owner,0,E,490,South,29
B007896,Middle,604251,Freelancer,5,B,753,West,49
B007897,Middle,639504,Salaried,28,E,467,West,40
B007898,Low,269364,Freelancer,20,B,791,South,38
B007899,High,3831008,Salaried,22,B,731,Central,22
B007900,Lower-Middle,321500,Salaried,1,F,424,East,48
B007901,Lower-Middle,397628,Self-Employed,29,D,625,South,33
B007902,Middle,810729,Salaried,18,C,657,West,51
B007903,High,3488482,Business Owner,18,F,345,East,35
B007904,Middle,879008,Salaried,17,C,658,East,49
B007905,High,3976253,Salaried,18,A,831,North,48
B007906,Lower-Middle,475433,Self-Employed,3,C,635,Central,27
B007907,Middle,768269,Salaried,26,E,500,South,25
B007908,Upper-Middle,1727444,Salaried,20,D,591,East,40
B007909,Middle,718949,Salaried,4,C,682,North,33
B007910,Lower-Middle,363196,Freelancer,6,D,557,North,61
B007911,High,2396446,Business Owner,18,D,607,West,26
B007912,Low,196514,Self-Employed,2,C,654,North,27
B007913,Lower-Middle,443821,Self-Employed,25,A,824,West,41
B007914,Upper-Middle,1231425,Self-Employed,2,B,733,North,59
B007915,Upper-Middle,1681584,Salaried,23,E,471,South,39
B007916,High,3980736,Salaried,29,E,493,Central,40
B007917,Upper-Middle,1771879,Self-Employed,11,C,644,East,61
B007918,Low,252342,Salaried,8,C,650,South,47
B007919,High,3341274,Freelancer,28,D,620,North,59
B007920,Lower-Middle,315491,Salaried,25,A,834,Central,34
B007921,Middle,794763,Self-Employed,4,D,602,East,28
B007922,Lower-Middle,480602,Salaried,15,C,672,East,52
B007923,Upper-Middle,1731266,Business Owner,12,C,694,West,32
B007924,Middle,634610,Freelancer,25,A,855,Central,28
B007925,Upper-Middle,1409335,Salaried,22,F,400,West,47
B007926,Lower-Middle,429641,Salaried,24,B,752,East,54
B007927,Lower-Middle,345276,Self-Employed,12,B,740,West,60
B007928,Lower-Middle,587842,Salaried,7,C,676,Central,27
B007929,Low,287889,Salaried,13,E,476,South,59
B007930,Middle,658031,Self-Employed,14,E,441,West,28
B007931,Lower-Middle,373896,Salaried,25,D,589,East,51
B007932,Middle,828630,Salaried,6,D,577,South,21
B007933,Low,188348,Salaried,20,C,679,South,43
B007934,Low,251827,Salaried,10,A,850,East,58
B007935,Middle,920078,Freelancer,28,C,690,North,28
B007936,Lower-Middle,425594,Salaried,29,C,681,South,58
B007937,Lower-Middle,587381,Salaried,2,D,577,South,24
B007938,Lower-Middle,345159,Self-Employed,11,D,590,North,38
B007939,Lower-Middle,361147,Business Owner,23,G,343,South,29
B007940,Middle,889163,Salaried,3,D,559,South,21
B007941,Low,230535,Self-Employed,7,D,530,North,33
B007942,Lower-Middle,486979,Self-Employed,15,G,334,South,62
B007943,Middle,815641,Salaried,15,C,685,West,60
B007944,Middle,947511,Salaried,21,C,740,East,28
B007945,Middle,752538,Self-Employed,27,E,493,South,45
B007946,Lower-Middle,318185,Salaried,9,D,574,West,27
B007947,High,3306279,Salaried,11,F,411,North,60
B007948,Lower-Middle,453335,Self-Employed,13,D,602,Central,30
B007949,Lower-Middle,483785,Salaried,26,F,415,North,59
B007950,Upper-Middle,1188080,Salaried,24,B,754,East,32
B007951,Middle,915782,Salaried,3,E,522,West,27
B007952,Middle,625249,Freelancer,9,B,736,West,61
B007953,Upper-Middle,1157951,Business Owner,26,A,833,East,27
B007954,Low,151207,Salaried,26,B,800,East,48
B007955,Upper-Middle,1551786,Salaried,21,D,597,Central,48
B007956,Middle,906424,Unemployed,23,C,660,East,36
B007957,Lower-Middle,462156,Self-Employed,8,B,763,North,52
B007958,Lower-Middle,353687,Self-Employed,22,D,632,East,54
B007959,Low,157236,Salaried,18,D,575,North,48
B007960,High,2444091,Salaried,26,C,653,Central,55
B007961,Low,207885,Salaried,3,D,582,South,33
B007962,Lower-Middle,442210,Business Owner,18,F,422,North,31
B007963,Middle,904892,Freelancer,18,E,500,West,42
B007964,Middle,977230,Salaried,13,D,607,South,28
B007965,Low,270520,Self-Employed,9,E,469,West,25
B007966,Upper-Middle,1281010,Freelancer,25,F,371,West,27
B007967,Middle,607779,Freelancer,29,C,698,East,22
B007968,Upper-Middle,1779571,Salaried,17,B,732,South,36
B007969,Low,252004,Salaried,22,B,731,South,33
B007970,Low,198222,Freelancer,9,D,562,North,22
B007971,Middle,972462,Salaried,4,F,377,Central,50
B007972,Low,163653,Salaried,6,A,834,South,40
B007973,Middle,737393,Salaried,5,D,537,East,34
B007974,Low,224825,Self-Employed,10,B,795,North,29
B007975,Upper-Middle,1224223,Salaried,26,D,542,East,42
B007976,Upper-Middle,1091918,Self-Employed,22,E,547,South,54
B007977,Upper-Middle,1099749,Freelancer,13,E,511,East,22
B007978,High,3258483,Salaried,6,G,379,South,35
B007979,Upper-Middle,1773500,Freelancer,28,D,562,West,39
B007980,Lower-Middle,595515,Freelancer,20,D,570,Central,49
B007981,Lower-Middle,442242,Business Owner,28,F,435,West,57
B007982,Upper-Middle,1612063,Self-Employed,12,D,556,Central,51
B007983,High,2261939,Freelancer,17,G,331,East,48
B007984,High,3324140,Self-Employed,4,B,758,North,56
B007985,Upper-Middle,1364721,Salaried,6,B,785,South,48
B007986,Lower-Middle,493588,Freelancer,19,B,795,North,41
B007987,High,1869636,Salaried,18,E,478,North,50
B007988,High,3478539,Freelancer,29,A,831,Central,38
B007989,Middle,823628,Salaried,29,E,458,East,60
B007990,Upper-Middle,1439131,Salaried,0,C,634,West,32
B007991,Middle,689011,Business Owner,26,D,567,East,49
B007992,High,2588147,Self-Employed,19,E,491,West,21
B007993,Low,157655,Salaried,7,C,657,South,52
B007994,Upper-Middle,1277461,Freelancer,4,B,768,East,27
B007995,Low,190956,Salaried,26,D,599,East,46
B007996,Lower-Middle,534481,Salaried,0,G,300,North,30
B007997,Low,170241,Self-Employed,15,A,840,East,22
B007998,Middle,665857,Salaried,5,B,791,South,49
B007999,Lower-Middle,540203,Salaried,29,F,410,East,51
B008000,High,3089711,Salaried,4,A,846,East,55
B008001,Middle,859173,Salaried,20,A,834,South,54
B008002,Upper-Middle,1103304,Unemployed,8,F,423,East,41
B008003,Lower-Middle,495405,Salaried,8,E,484,North,61
B008004,Low,246812,Business Owner,18,B,713,Central,57
B008005,Upper-Middle,1375251,Self-Employed,8,G,300,East,23
B008006,Middle,983552,Salaried,26,E,471,North,37
B008007,Middle,708670,Freelancer,14,B,735,North,50
B008008,Upper-Middle,1460662,Salaried,2,C,672,North,49
B008009,Upper-Middle,1103640,Salaried,15,F,354,South,59
B008010,Middle,754639,Business Owner,7,D,582,Central,45
B008011,High,2383350,Business Owner,27,D,556,West,39
B008012,Middle,878356,Salaried,0,C,696,Central,27
B008013,Middle,905037,Business Owner,3,B,741,East,63
B008014,Lower-Middle,557784,Freelancer,14,D,602,South,41
B008015,Low,187227,Salaried,8,B,758,South,57
B008016,Lower-Middle,494577,Self-Employed,10,E,478,South,63
B008017,Upper-Middle,1405305,Salaried,6,B,728,Central,50
B008018,Middle,814141,Salaried,27,B,740,East,27
B008019,Lower-Middle,367452,Salaried,0,A,884,Central,44
B008020,Middle,883386,Salaried,3,E,488,South,38
B008021,Lower-Middle,486956,Self-Employed,28,C,648,Central,47
B008022,Lower-Middle,571975,Salaried,14,C,678,Central,35
B008023,High,3120991,Salaried,28,D,568,East,27
B008024,Lower-Middle,508308,Salaried,25,D,562,South,53
B008025,Lower-Middle,403426,Salaried,9,F,389,East,60
B008026,Middle,675165,Self-Employed,21,C,694,North,22
B008027,Lower-Middle,584101,Self-Employed,4,B,759,North,30
B008028,Middle,841334,Salaried,18,F,417,East,40
B008029,High,2852505,Salaried,10,D,569,Central,52
B008030,Middle,999418,Salaried,20,D,564,West,32
B008031,Middle,705947,Self-Employed,4,B,796,South,46
B008032,Lower-Middle,511811,Salaried,25,F,373,Central,34
B008033,Middle,690121,Self-Employed,8,F,392,East,36
B008034,Lower-Middle,432040,Self-Employed,13,C,698,West,38
B008035,Low,206884,Salaried,25,A,838,Central,37
B008036,Upper-Middle,1603455,Salaried,14,A,896,North,33
B008037,Lower-Middle,440240,Salaried,15,C,648,North,28
B008038,Middle,738537,Salaried,3,D,596,West,45
B008039,Low,193790,Salaried,21,C,713,East,54
B008040,Upper-Middle,1670503,Freelancer,29,D,585,North,33
B008041,Low,181269,Salaried,22,B,770,North,34
B008042,Lower-Middle,437792,Salaried,27,B,781,North,61
B008043,Upper-Middle,1338758,Business Owner,29,G,300,East,34
B008044,Middle,788512,Freelancer,20,C,706,South,40
B008045,High,3268094,Salaried,25,F,409,Central,36
B008046,Lower-Middle,566021,Self-Employed,15,D,582,North,27
B008047,Middle,663065,Salaried,10,A,854,East,37
B008048,High,3376556,Business Owner,17,D,529,South,33
B008049,Middle,657164,Self-Employed,25,G,333,North,35
B008050,Middle,602663,Salaried,5,E,499,West,56
B008051,Lower-Middle,302378,Salaried,18,C,646,West,60
B008052,Upper-Middle,1716853,Salaried,20,A,860,North,25
B008053,Upper-Middle,1677064,Business Owner,21,C,684,East,28
B008054,Middle,730397,Salaried,21,A,836,East,37
B008055,High,3227891,Salaried,19,C,702,North,44
B008056,Middle,659989,Salaried,18,F,397,South,62
B008057,Middle,901635,Business Owner,27,D,573,South,57
B008058,Lower-Middle,599518,Salaried,0,E,507,East,21
B008059,Middle,977867,Freelancer,13,D,558,East,52
B008060,Upper-Middle,1507146,Salaried,2,B,748,East,63
B008061,Middle,778794,Salaried,26,B,731,West,28
B008062,Lower-Middle,409924,Salaried,4,E,486,North,36
B008063,Middle,710656,Salaried,23,C,662,North,32
B008064,Upper-Middle,1068477,Salaried,21,D,583,Central,30
B008065,High,2261017,Salaried,9,B,785,South,38
B008066,Low,233797,Salaried,12,C,687,East,57
B008067,Low,190772,Salaried,6,B,763,North,24
B008068,Lower-Middle,517656,Business Owner,24,B,792,Central,41
B008069,Low,265168,Salaried,21,F,384,West,61
B008070,High,2848604,Business Owner,28,E,502,Central,25
B008071,Lower-Middle,571666,Freelancer,18,E,513,Central,55
B008072,Middle,926112,Self-Employed,15,F,447,South,50
B008073,Lower-Middle,323331,Salaried,27,D,584,East,30
B008074,Lower-Middle,540748,Self-Employed,9,C,660,Central,55
B008075,High,3625524,Business Owner,26,D,580,East,30
B008076,Middle,738641,Salaried,17,A,852,West,40
B008077,Low,223948,Salaried,23,E,473,East,60
B008078,Lower-Middle,321034,Salaried,9,E,490,East,52
B008079,High,2385023,Salaried,14,D,624,East,42
B008080,High,3893220,Salaried,11,C,628,Central,25
B008081,Lower-Middle,579914,Salaried,23,B,699,East,25
B008082,Middle,873166,Self-Employed,2,A,812,East,22
B008083,Low,152746,Salaried,28,C,647,East,23
B008084,Middle,609571,Salaried,10,F,370,East,30
B008085,Low,239258,Freelancer,12,A,830,South,43
B008086,Upper-Middle,1184202,Salaried,29,F,374,South,64
B008087,High,3233740,Salaried,3,D,591,West,58
B008088,Low,164383,Salaried,22,C,646,Central,28
B008089,Middle,994985,Salaried,2,B,731,East,59
B008090,Low,167204,Self-Employed,28,A,801,Central,61
B008091,Lower-Middle,401012,Salaried,8,D,605,Central,46
B008092,Low,164653,Freelancer,9,D,613,North,34
B008093,Lower-Middle,415215,Freelancer,22,C,676,South,36
B008094,High,2540141,Salaried,6,C,673,East,42
B008095,Low,246855,Business Owner,2,A,866,South,31
B008096,Upper-Middle,1687413,Self-Employed,2,C,690,North,51
B008097,Low,271533,Business Owner,27,E,461,West,50
B008098,Middle,893152,Salaried,16,D,574,Central,28
B008099,Middle,999128,Self-Employed,28,B,784,South,22
B008100,High,1895927,Salaried,24,E,476,South,29
B008101,Lower-Middle,536865,Salaried,11,B,764,Central,37
B008102,Low,169546,Freelancer,29,E,520,North,32
B008103,Upper-Middle,1486486,Salaried,24,D,640,North,45
B008104,Middle,924466,Salaried,6,E,515,West,41
B008105,Middle,864557,Salaried,4,A,818,North,38
B008106,Low,167183,Freelancer,2,E,473,West,36
B008107,Lower-Middle,355156,Salaried,1,E,520,East,52
B008108,Upper-Middle,1709602,Salaried,13,B,741,East,24
B008109,Middle,964276,Self-Employed,12,B,782,Central,36
B008110,Middle,898582,Salaried,11,E,533,West,32
B008111,Lower-Middle,388074,Salaried,1,C,697,South,55
B008112,Lower-Middle,375139,Self-Employed,18,D,625,West,57
B008113,High,1958582,Freelancer,1,A,822,North,58
B008114,Middle,787151,Business Owner,17,B,712,North,43
B008115,Low,209193,Salaried,3,E,470,South,61
B008116,High,2339149,Salaried,17,B,760,South,62
B008117,Middle,860085,Business Owner,8,A,827,Central,61
B008118,Lower-Middle,362125,Salaried,28,B,741,East,33
B008119,Lower-Middle,326673,Business Owner,4,E,486,East,37
B008120,Middle,772933,Salaried,24,C,658,West,32
B008121,Lower-Middle,518118,Freelancer,17,D,601,East,49
B008122,Middle,673580,Salaried,14,D,580,West,39
B008123,Middle,835137,Freelancer,24,C,655,East,49
B008124,Lower-Middle,326224,Salaried,5,A,874,East,24
B008125,High,2391092,Business Owner,25,B,831,Central,26
B008126,Lower-Middle,550476,Salaried,25,B,772,West,34
B008127,Lower-Middle,344051,Self-Employed,26,F,387,North,63
B008128,Middle,866474,Salaried,1,E,448,North,36
B008129,Middle,605712,Salaried,16,E,483,East,32
B008130,Lower-Middle,464690,Salaried,11,E,460,South,48
B008131,Middle,696967,Salaried,7,A,862,East,64
B008132,Upper-Middle,1177995,Freelancer,9,E,532,East,27
B008133,Upper-Middle,1403416,Business Owner,16,D,558,Central,37
B008134,Upper-Middle,1790165,Business Owner,1,E,475,South,60
B008135,Lower-Middle,370296,Salaried,18,G,328,West,62
B008136,Lower-Middle,465536,Salaried,10,C,652,Central,59
B008137,Middle,751644,Salaried,21,D,536,South,36
B008138,Low,254231,Salaried,6,C,700,Central,44
B008139,Upper-Middle,1743699,Self-Employed,21,F,365,Central,59
B008140,Lower-Middle,426693,Business Owner,19,B,757,South,39
B008141,Lower-Middle,572600,Salaried,5,C,666,West,60
B008142,Lower-Middle,575064,Salaried,8,F,389,South,51
B008143,Lower-Middle,561440,Salaried,7,B,775,North,29
B008144,Lower-Middle,374382,Salaried,27,D,541,South,29
B008145,Middle,880590,Salaried,19,D,588,North,46
B008146,Middle,735353,Salaried,21,D,558,East,45
B008147,Lower-Middle,356799,Salaried,2,B,761,South,59
B008148,Lower-Middle,438427,Salaried,3,A,829,Central,33
B008149,Upper-Middle,1385052,Self-Employed,29,C,672,East,52
B008150,Low,246958,Unemployed,23,C,690,South,61
B008151,Middle,728461,Salaried,23,F,395,South,52
B008152,Middle,632050,Salaried,27,E,481,South,42
B008153,Middle,715849,Salaried,25,D,560,North,62
B008154,Upper-Middle,1654833,Business Owner,1,B,762,East,43
B008155,Middle,945459,Salaried,9,F,424,North,39
B008156,High,1953132,Self-Employed,12,B,757,East,54
B008157,Upper-Middle,1162492,Self-Employed,4,F,434,West,27
B008158,Lower-Middle,318001,Freelancer,26,F,393,West,55
B008159,Lower-Middle,449943,Salaried,27,G,357,North,31
B008160,Lower-Middle,351927,Salaried,4,C,621,West,31
B008161,Lower-Middle,533475,Salaried,22,B,746,East,25
B008162,Middle,928770,Salaried,24,D,559,West,47
B008163,Lower-Middle,449261,Salaried,0,C,667,East,26
B008164,Lower-Middle,439614,Freelancer,3,C,684,East,59
B008165,Lower-Middle,460905,Self-Employed,28,D,644,East,23
B008166,Middle,695956,Freelancer,7,D,582,North,39
B008167,Middle,877085,Freelancer,24,C,691,East,39
B008168,High,3287969,Salaried,19,C,650,West,25
B008169,Lower-Middle,342868,Freelancer,16,D,572,Central,60
B008170,Lower-Middle,392123,Business Owner,0,A,867,East,59
B008171,High,2850232,Salaried,17,D,542,South,63
B008172,Middle,964583,Self-Employed,23,E,461,South,60
B008173,Middle,665085,Freelancer,8,F,402,Central,25
B008174,Middle,629047,Business Owner,20,E,486,Central,27
B008175,Low,169965,Self-Employed,12,D,585,South,62
B008176,Upper-Middle,1187552,Salaried,28,F,358,West,30
B008177,Middle,844131,Business Owner,15,D,571,Central,49
B008178,Middle,612278,Salaried,0,E,484,East,31
B008179,Middle,613481,Self-Employed,4,A,855,East,53
B008180,Lower-Middle,566795,Self-Employed,5,E,511,Central,57
B008181,Lower-Middle,335758,Salaried,10,A,851,West,26
B008182,Upper-Middle,1262222,Salaried,12,A,823,West,63
B008183,Middle,744243,Self-Employed,15,D,588,Central,37
B008184,Low,269206,Salaried,21,B,716,Central,38
B008185,Lower-Middle,573629,Salaried,21,C,672,West,64
B008186,High,3497200,Salaried,14,E,502,West,62
B008187,Lower-Middle,450399,Self-Employed,16,D,578,South,50
B008188,Lower-Middle,462394,Salaried,3,E,506,West,21
B008189,Middle,775433,Salaried,23,E,457,South,35
B008190,Upper-Middle,1784197,Freelancer,1,D,637,South,38
B008191,Middle,984414,Salaried,29,G,300,Central,60
B008192,Upper-Middle,1608751,Freelancer,10,B,695,East,26
B008193,Low,282127,Salaried,13,A,818,West,59
B008194,High,3020867,Salaried,4,C,743,West,64
B008195,Upper-Middle,1450310,Business Owner,9,E,517,West,31
B008196,Middle,897894,Salaried,5,A,818,Central,29
B008197,Middle,740364,Freelancer,10,C,699,Central,64
B008198,Lower-Middle,498446,Salaried,8,D,612,Central,62
B008199,Lower-Middle,426861,Business Owner,21,E,454,Central,39
B008200,Lower-Middle,576547,Salaried,17,E,521,North,55
B008201,Low,203367,Business Owner,22,B,750,East,63
B008202,High,3199598,Salaried,23,C,687,West,60
B008203,Lower-Middle,305890,Self-Employed,26,D,604,Central,35
B008204,Middle,832780,Salaried,6,E,513,South,43
B008205,Lower-Middle,532670,Business Owner,10,B,755,Central,25
B008206,Lower-Middle,549900,Salaried,12,E,469,West,43
B008207,Lower-Middle,563240,Salaried,12,B,773,East,22
B008208,Lower-Middle,451529,Self-Employed,21,B,781,South,27
B008209,Middle,834622,Salaried,1,C,682,East,38
B008210,High,2499754,Business Owner,25,E,488,East,26
B008211,Lower-Middle,586058,Self-Employed,16,E,507,South,33
B008212,High,3191069,Salaried,6,C,629,East,50
B008213,Middle,702459,Business Owner,10,E,508,East,62
B008214,Middle,956752,Salaried,25,C,665,Central,33
B008215,Lower-Middle,491133,Self-Employed,17,B,788,North,48
B008216,Low,252678,Salaried,13,E,494,West,41
B008217,Upper-Middle,1101139,Salaried,26,A,865,North,49
B008218,Middle,608338,Business Owner,19,F,415,South,26
B008219,Lower-Middle,476246,Freelancer,4,E,481,Central,53
B008220,Upper-Middle,1134572,Freelancer,13,E,471,West,46
B008221,Lower-Middle,506513,Self-Employed,29,D,603,South,46
B008222,Upper-Middle,1483108,Salaried,22,E,498,West,24
B008223,Lower-Middle,397850,Salaried,19,A,857,Central,63
B008224,High,2759200,Salaried,21,D,603,South,28
B008225,Lower-Middle,548798,Self-Employed,13,C,685,West,21
B008226,Low,251988,Salaried,15,D,614,South,27
B008227,Middle,724003,Unemployed,2,D,571,South,50
B008228,Low,225246,Salaried,28,B,773,Central,27
B008229,High,2799197,Salaried,4,B,793,North,62
B008230,Middle,619318,Business Owner,27,D,565,North,48
B008231,Lower-Middle,407544,Salaried,27,F,376,North,35
B008232,Lower-Middle,336602,Salaried,10,D,578,North,22
B008233,High,2175105,Self-Employed,29,D,581,West,25
B008234,Middle,734894,Freelancer,3,F,406,East,50
B008235,Upper-Middle,1796531,Salaried,2,E,510,North,42
B008236,Low,239239,Salaried,4,E,503,South,50
B008237,High,2481404,Salaried,26,C,735,Central,38
B008238,Middle,665740,Self-Employed,7,D,612,East,29
B008239,Middle,752587,Salaried,29,C,655,West,59
B008240,Lower-Middle,382567,Self-Employed,19,E,512,South,41
B008241,Low,280999,Salaried,8,C,669,Central,61
B008242,High,2958400,Freelancer,5,E,506,South,28
B008243,High,3856401,Self-Employed,22,F,408,Central,47
B008244,Lower-Middle,397597,Self-Employed,16,D,536,East,34
B008245,High,2083163,Salaried,4,B,742,West,33
B008246,Low,277903,Salaried,22,A,854,East,55
B008247,Low,245897,Salaried,26,D,599,West,21
B008248,Low,253708,Salaried,6,B,732,North,43
B008249,Lower-Middle,346416,Salaried,15,A,885,West,41
B008250,Low,197081,Salaried,9,C,693,East,63
B008251,Lower-Middle,317445,Salaried,6,D,555,South,23
B008252,Low,190958,Salaried,1,D,580,West,62
B008253,Upper-Middle,1538333,Salaried,29,B,783,West,64
B008254,Upper-Middle,1646149,Self-Employed,3,D,610,West,30
B008255,Middle,974308,Business Owner,10,C,636,Central,48
B008256,Lower-Middle,403824,Salaried,11,C,654,South,56
B008257,Upper-Middle,1207923,Business Owner,23,F,426,North,64
B008258,Lower-Middle,555209,Salaried,8,A,822,East,36
B008259,Upper-Middle,1287583,Unemployed,27,D,595,South,33
B008260,Middle,764118,Salaried,6,B,760,South,37
B008261,Lower-Middle,365261,Salaried,23,B,755,West,33
B008262,Low,157939,Self-Employed,9,D,521,North,47
B008263,Upper-Middle,1154008,Salaried,4,D,607,East,62
B008264,High,2205261,Salaried,3,D,562,East,43
B008265,Middle,896815,Salaried,18,F,385,North,56
B008266,High,3206533,Unemployed,21,E,502,West,62
B008267,High,1944201,Freelancer,18,B,760,Central,63
B008268,Lower-Middle,305031,Salaried,17,D,580,Central,60
B008269,Upper-Middle,1378447,Business Owner,15,D,576,Central,36
B008270,Lower-Middle,470169,Salaried,7,D,566,North,40
B008271,Middle,868518,Self-Employed,23,C,654,South,32
B008272,Low,195413,Salaried,4,F,415,East,57
B008273,High,3036386,Salaried,4,C,646,East,47
B008274,Middle,842132,Freelancer,1,E,474,Central,61
B008275,Lower-Middle,309211,Business Owner,19,D,581,South,60
B008276,Lower-Middle,597259,Freelancer,20,E,506,East,52
B008277,Lower-Middle,583517,Self-Employed,25,C,651,West,64
B008278,Upper-Middle,1300869,Salaried,6,A,830,Central,51
B008279,High,3105703,Business Owner,17,D,573,West,28
B008280,Lower-Middle,413855,Salaried,12,D,558,West,45
B008281,Middle,935579,Freelancer,29,B,757,Central,52
B008282,Middle,636189,Salaried,17,D,524,Central,51
B008283,Lower-Middle,352382,Business Owner,19,E,527,Central,38
B008284,Middle,890708,Self-Employed,10,F,398,West,27
B008285,Low,186763,Salaried,21,C,625,South,41
B008286,Low,298000,Salaried,1,C,655,North,30
B008287,Lower-Middle,550586,Salaried,26,E,491,West,55
B008288,High,3624759,Salaried,15,G,307,West,37
B008289,Lower-Middle,350320,Freelancer,17,A,817,West,64
B008290,Lower-Middle,359935,Salaried,28,A,881,North,62
B008291,Upper-Middle,1649175,Salaried,4,A,871,Central,56
B008292,High,2731691,Salaried,3,C,637,West,34
B008293,Middle,897994,Salaried,19,E,498,West,36
B008294,Low,243814,Salaried,11,A,827,East,26
B008295,Middle,948097,Freelancer,17,D,546,North,24
B008296,Lower-Middle,539197,Self-Employed,9,B,737,West,41
B008297,Middle,867868,Freelancer,12,A,868,South,35
B008298,Lower-Middle,490508,Salaried,7,D,554,North,35
B008299,Low,269720,Salaried,19,D,586,North,52
B008300,Lower-Middle,448744,Salaried,18,C,634,North,64
B008301,Middle,808844,Salaried,20,C,686,South,21
B008302,Lower-Middle,582296,Salaried,11,C,662,North,38
B008303,Lower-Middle,538154,Salaried,13,F,410,North,31
B008304,Middle,952545,Self-Employed,9,F,368,South,45
B008305,Upper-Middle,1539091,Salaried,18,D,633,North,29
B008306,Low,206289,Self-Employed,5,G,357,North,63
B008307,Middle,970032,Self-Employed,2,D,515,South,48
B008308,Middle,700779,Business Owner,10,B,791,North,60
B008309,Lower-Middle,395297,Salaried,19,D,583,South,48
B008310,High,2298514,Self-Employed,29,F,411,Central,60
B008311,Upper-Middle,1571573,Salaried,6,D,590,East,36
B008312,Lower-Middle,476033,Salaried,26,G,332,West,55
B008313,Low,236098,Salaried,6,D,565,East,37
B008314,Lower-Middle,510447,Salaried,2,F,362,East,36
B008315,Lower-Middle,548474,Salaried,5,E,473,North,38
B008316,Middle,704399,Business Owner,18,E,470,West,55
B008317,High,3478135,Business Owner,11,G,310,South,55
B008318,Upper-Middle,1417003,Salaried,14,C,669,South,47
B008319,Lower-Middle,567350,Salaried,8,D,567,South,32
B008320,Lower-Middle,311964,Salaried,20,B,742,West,36
B008321,Low,185164,Unemployed,16,E,507,West,44
B008322,Middle,671908,Salaried,28,D,553,East,44
B008323,Low,158388,Salaried,14,B,779,South,41
B008324,High,3270616,Salaried,2,C,669,North,59
B008325,Upper-Middle,1632267,Business Owner,24,B,746,Central,21
B008326,Lower-Middle,457787,Salaried,16,C,645,West,23
B008327,Middle,933529,Salaried,7,A,885,East,30
B008328,Middle,855364,Salaried,2,G,300,Central,60
B008329,Upper-Middle,1516293,Self-Employed,8,D,591,North,28
B008330,Middle,693129,Salaried,11,G,307,South,52
B008331,Lower-Middle,589662,Freelancer,5,B,753,Central,63
B008332,Middle,797644,Freelancer,13,C,638,North,35
B008333,Low,294448,Salaried,17,F,381,South,58
B008334,Middle,761246,Freelancer,2,D,638,West,38
B008335,Lower-Middle,435203,Business Owner,0,A,877,East,42
B008336,Middle,883131,Salaried,7,F,425,South,40
B008337,Upper-Middle,1642582,Business Owner,25,B,778,South,34
B008338,Low,185130,Salaried,17,C,677,East,40
B008339,Lower-Middle,598291,Self-Employed,14,E,526,South,27
B008340,Upper-Middle,1031256,Self-Employed,6,E,496,North,21
B008341,Low,157529,Business Owner,17,D,639,West,34
B008342,Middle,645862,Freelancer,21,A,882,North,28
B008343,Middle,825591,Salaried,7,B,769,West,38
B008344,Lower-Middle,491014,Self-Employed,19,C,687,West,40
B008345,Upper-Middle,1719776,Self-Employed,3,C,669,Central,46
B008346,Middle,779629,Freelancer,14,A,894,Central,24
B008347,Middle,913585,Salaried,20,D,566,Central,52
B008348,Low,241980,Salaried,16,F,417,East,27
B008349,Low,212113,Salaried,29,G,314,North,31
B008350,Low,236046,Salaried,9,E,471,Central,61
B008351,Upper-Middle,1171795,Salaried,1,B,771,Central,58
B008352,Upper-Middle,1610803,Salaried,16,D,512,South,45
B008353,Upper-Middle,1433494,Salaried,29,F,423,South,31
B008354,Lower-Middle,547114,Freelancer,9,A,889,North,60
B008355,Middle,746806,Salaried,24,B,747,South,64
B008356,Upper-Middle,1152795,Salaried,27,C,661,South,49
B008357,Middle,793712,Business Owner,5,D,576,Central,32
B008358,Low,223739,Salaried,2,G,336,South,36
B008359,Upper-Middle,1255131,Self-Employed,9,D,619,North,21
B008360,Low,240659,Business Owner,6,D,613,West,56
B008361,Low,194950,Salaried,29,D,610,West,63
B008362,Upper-Middle,1474164,Salaried,7,E,500,Central,46
B008363,Middle,812986,Salaried,26,C,620,West,44
B008364,Lower-Middle,306487,Salaried,23,D,575,South,44
B008365,Middle,866751,Self-Employed,27,F,424,West,33
B008366,High,2701705,Salaried,13,F,423,Central,25
B008367,Low,270341,Salaried,20,C,665,Central,34
B008368,Upper-Middle,1580449,Salaried,16,B,714,East,30
B008369,Lower-Middle,537199,Salaried,14,F,422,South,55
B008370,Low,189498,Salaried,8,F,378,North,22
B008371,Lower-Middle,524022,Self-Employed,6,A,828,South,58
B008372,Middle,863400,Salaried,8,A,876,East,24
B008373,Lower-Middle,576012,Self-Employed,8,B,764,Central,44
B008374,Lower-Middle,495542,Freelancer,19,D,603,East,60
B008375,Middle,644968,Business Owner,2,C,636,West,33
B008376,Middle,815557,Salaried,20,B,758,West,55
B008377,Middle,856046,Salaried,20,E,449,East,25
B008378,Upper-Middle,1736233,Self-Employed,15,B,786,West,30
B008379,Lower-Middle,384481,Self-Employed,26,G,331,Central,60
B008380,Lower-Middle,408349,Unemployed,21,C,646,West,31
B008381,Middle,929382,Salaried,18,C,664,West,50
B008382,Middle,843912,Salaried,23,F,415,West,42
B008383,Low,216843,Salaried,16,B,735,Central,28
B008384,Lower-Middle,516655,Freelancer,3,B,717,West,35
B008385,Low,154487,Self-Employed,20,C,669,North,47
B008386,Lower-Middle,415894,Freelancer,7,D,599,South,45
B008387,High,2712820,Business Owner,1,D,555,South,57
B008388,Middle,634008,Freelancer,18,G,344,Central,30
B008389,Lower-Middle,589455,Salaried,8,G,320,North,41
B008390,Middle,991386,Freelancer,26,A,882,South,38
B008391,Middle,839451,Freelancer,11,B,734,West,28
B008392,Lower-Middle,400240,Business Owner,24,D,555,East,61
B008393,Lower-Middle,494880,Freelancer,25,G,300,North,33
B008394,Middle,970815,Self-Employed,17,C,707,West,41
B008395,Low,281050,Business Owner,8,C,672,North,49
B008396,Middle,729143,Self-Employed,13,B,755,North,59
B008397,Middle,884629,Business Owner,2,G,344,Central,28
B008398,Upper-Middle,1123173,Business Owner,0,B,730,East,44
B008399,High,3280543,Business Owner,1,D,587,East,23
B008400,Upper-Middle,1189095,Salaried,27,A,848,North,39
B008401,Middle,924348,Business Owner,3,D,620,North,63
B008402,Low,254604,Freelancer,22,C,694,South,43
B008403,Middle,604482,Self-Employed,28,D,568,South,63
B008404,Upper-Middle,1449275,Salaried,8,A,893,West,53
B008405,High,2795693,Freelancer,6,A,855,South,33
B008406,Upper-Middle,1750907,Business Owner,15,A,865,Central,64
B008407,Lower-Middle,464523,Salaried,17,E,500,South,52
B008408,Middle,644783,Self-Employed,7,E,533,South,22
B008409,Upper-Middle,1634786,Self-Employed,13,B,700,North,55
B008410,Middle,951180,Self-Employed,27,C,683,Central,43
B008411,Middle,821768,Salaried,13,C,727,West,63
B008412,Middle,950185,Salaried,13,A,818,East,50
B008413,Middle,724428,Freelancer,8,E,466,Central,26
B008414,Lower-Middle,387616,Freelancer,25,C,676,West,38
B008415,Low,282788,Salaried,28,D,612,East,54
B008416,Upper-Middle,1333972,Freelancer,18,D,588,Central,46
B008417,High,3987226,Salaried,6,F,395,South,22
B008418,Upper-Middle,1748322,Salaried,15,E,490,West,23
B008419,Lower-Middle,461018,Business Owner,4,A,841,East,33
B008420,Low,267662,Salaried,27,B,748,East,33
B008421,Lower-Middle,539917,Salaried,27,C,636,West,45
B008422,Upper-Middle,1284996,Freelancer,4,A,900,East,37
B008423,Middle,784589,Salaried,14,C,674,Central,33
B008424,High,3786873,Salaried,1,G,300,West,38
B008425,Lower-Middle,452437,Salaried,15,B,788,East,29
B008426,Middle,720379,Self-Employed,19,E,432,Central,50
B008427,Upper-Middle,1102308,Self-Employed,22,B,728,Central,22
B008428,Lower-Middle,427946,Salaried,27,A,858,East,60
B008429,High,2789584,Salaried,29,A,849,South,54
B008430,Middle,797411,Self-Employed,4,B,774,Central,23
B008431,Low,263101,Self-Employed,21,C,647,West,49
B008432,Low,296663,Freelancer,7,G,300,South,40
B008433,Upper-Middle,1311508,Salaried,22,D,575,East,46
B008434,Middle,923976,Freelancer,11,B,739,West,38
B008435,Upper-Middle,1503959,Unemployed,18,A,822,West,34
B008436,Upper-Middle,1679854,Salaried,27,G,349,West,63
B008437,Lower-Middle,427690,Salaried,27,B,734,West,29
B008438,Upper-Middle,1371783,Self-Employed,25,C,664,North,52
B008439,High,2464236,Freelancer,13,E,466,South,43
B008440,Low,255044,Salaried,29,D,565,East,63
B008441,Upper-Middle,1223883,Salaried,0,B,724,South,41
B008442,Lower-Middle,422786,Self-Employed,23,D,548,West,43
B008443,Lower-Middle,454739,Business Owner,6,C,661,South,59
B008444,Lower-Middle,546343,Salaried,10,D,572,West,48
B008445,Upper-Middle,1518928,Salaried,27,A,857,East,40
B008446,Low,230530,Salaried,1,F,452,East,58
B008447,Lower-Middle,323116,Freelancer,6,D,585,North,58
B008448,Middle,627382,Self-Employed,18,A,837,West,22
B008449,Low,203687,Salaried,29,D,521,South,31
B008450,Upper-Middle,1019386,Freelancer,26,C,637,Central,61
B008451,High,2295130,Self-Employed,16,F,444,Central,61
B008452,Low,292632,Freelancer,13,B,778,North,41
B008453,Low,182466,Salaried,11,C,678,North,37
B008454,High,3558703,Salaried,11,E,504,South,63
B008455,Lower-Middle,497694,Salaried,23,B,731,South,22
B008456,Low,168823,Salaried,23,C,679,Central,21
B008457,High,2248882,Business Owner,8,E,484,North,48
B008458,Upper-Middle,1023994,Self-Employed,11,E,518,South,25
B008459,Middle,612086,Salaried,24,C,666,North,29
B008460,Middle,954951,Business Owner,22,C,650,Central,24
B008461,High,3955265,Self-Employed,15,D,588,West,62
B008462,Middle,971566,Salaried,6,F,389,East,23
B008463,Middle,741946,Salaried,7,D,595,Central,61
B008464,Upper-Middle,1058957,Unemployed,19,D,580,South,26
B008465,Middle,905641,Self-Employed,20,E,514,South,60
B008466,Middle,714014,Freelancer,17,C,646,West,35
B008467,Lower-Middle,358369,Business Owner,16,C,709,Central,39
B008468,Middle,783718,Salaried,13,D,590,West,26
B008469,Middle,632284,Salaried,22,C,671,North,33
B008470,Lower-Middle,307399,Self-Employed,9,C,695,South,27
B008471,Lower-Middle,451223,Salaried,19,B,777,Central,30
B008472,Upper-Middle,1503164,Freelancer,18,D,596,North,40
B008473,Lower-Middle,483036,Salaried,7,D,591,East,42
B008474,Low,153786,Salaried,28,E,508,West,48
B008475,Lower-Middle,326101,Self-Employed,22,A,844,Central,61
B008476,Lower-Middle,355711,Salaried,9,F,415,West,22
B008477,Upper-Middle,1267138,Self-Employed,8,A,837,Central,33
B008478,Lower-Middle,518563,Business Owner,1,E,470,North,46
B008479,Lower-Middle,307557,Business Owner,13,D,567,South,41
B008480,Upper-Middle,1149917,Freelancer,26,C,627,North,46
B008481,Low,261620,Salaried,8,F,369,Central,33
B008482,Low,208342,Self-Employed,0,C,662,West,35
B008483,Upper-Middle,1363620,Freelancer,13,A,810,Central,52
B008484,Middle,641258,Salaried,1,D,570,West,29
B008485,Upper-Middle,1237668,Salaried,23,D,601,West,24
B008486,Upper-Middle,1271638,Salaried,4,E,482,West,48
B008487,High,3907251,Business Owner,11,C,660,East,45
B008488,Low,233366,Self-Employed,22,A,846,Central,55
B008489,Upper-Middle,1106380,Salaried,7,C,604,Central,49
B008490,Middle,899512,Salaried,2,D,583,West,33
B008491,Lower-Middle,578661,Salaried,23,D,597,South,41
B008492,High,1879185,Salaried,14,E,513,West,43
B008493,Lower-Middle,456811,Salaried,2,C,658,Central,25
B008494,Upper-Middle,1323528,Business Owner,4,D,617,East,25
B008495,Middle,848639,Freelancer,26,G,316,West,63
B008496,Middle,642918,Business Owner,16,C,694,East,55
B008497,Low,172751,Freelancer,7,C,662,East,57
B008498,High,3016694,Unemployed,14,G,346,Central,50
B008499,Middle,794843,Business Owner,29,B,747,South,58
B008500,Low,254792,Self-Employed,9,D,589,North,39
B008501,Low,257840,Business Owner,6,C,670,West,28
B008502,Upper-Middle,1658021,Self-Employed,17,A,819,East,47
B008503,Low,262575,Salaried,24,E,529,North,23
B008504,Middle,978431,Salaried,9,B,751,South,63
B008505,Middle,839315,Self-Employed,2,F,370,West,47
B008506,Lower-Middle,531474,Freelancer,25,C,649,West,45
B008507,Middle,965657,Self-Employed,24,B,780,East,52
B008508,Lower-Middle,443026,Salaried,27,B,800,West,39
B008509,High,2060737,Self-Employed,10,E,468,Central,49
B008510,Upper-Middle,1671174,Business Owner,15,C,681,South,40
B008511,Lower-Middle,335472,Business Owner,14,B,748,South,30
B008512,Middle,733499,Salaried,3,B,701,West,29
B008513,Middle,913509,Salaried,18,D,598,South,27
B008514,High,2262423,Salaried,9,B,734,West,61
B008515,Lower-Middle,363962,Freelancer,26,F,417,East,36
B008516,Middle,931129,Salaried,24,A,864,Central,45
B008517,High,2548741,Freelancer,6,B,749,North,29
B008518,Low,226467,Salaried,6,C,679,Central,38
B008519,Middle,704802,Unemployed,3,B,781,Central,42
B008520,Low,204769,Salaried,3,E,447,West,62
B008521,Middle,913018,Business Owner,13,F,408,Central,60
B008522,Lower-Middle,558454,Business Owner,28,D,592,North,45
B008523,High,2832495,Business Owner,15,E,485,Central,34
B008524,Lower-Middle,450225,Business Owner,16,E,530,Central,27
B008525,Low,252195,Salaried,12,B,765,Central,62
B008526,Upper-Middle,1226631,Salaried,13,A,900,West,51
B008527,Upper-Middle,1605379,Salaried,14,D,617,South,36
B008528,Middle,978303,Self-Employed,27,G,356,Central,63
B008529,Upper-Middle,1137089,Self-Employed,1,E,509,North,51
B008530,Lower-Middle,410049,Salaried,16,D,609,West,57
B008531,Middle,653053,Business Owner,17,B,754,North,32
B008532,Low,166468,Salaried,14,E,543,Central,37
B008533,Lower-Middle,476817,Salaried,12,D,553,South,38
B008534,High,2415203,Salaried,9,F,446,West,56
B008535,Upper-Middle,1208888,Business Owner,13,E,487,North,58
B008536,Lower-Middle,418320,Salaried,20,B,726,North,42
B008537,Low,253667,Freelancer,9,D,596,North,47
B008538,High,2448124,Self-Employed,21,C,668,East,38
B008539,Low,229625,Self-Employed,24,C,686,Central,38
B008540,Lower-Middle,541999,Salaried,4,D,629,South,45
B008541,Lower-Middle,321422,Business Owner,19,F,371,South,60
B008542,Low,177331,Freelancer,23,E,529,South,24
B008543,Lower-Middle,458455,Salaried,23,A,869,North,33
B008544,High,2403460,Salaried,13,B,782,South,32
B008545,Lower-Middle,582223,Salaried,8,C,626,South,46
B008546,Middle,628282,Salaried,12,D,593,West,46
B008547,Upper-Middle,1263185,Salaried,23,D,608,West,60
B008548,Middle,602129,Self-Employed,27,D,631,West,26
B008549,Upper-Middle,1004375,Salaried,16,C,632,South,52
B008550,Middle,627125,Business Owner,4,E,483,Central,39
B008551,Middle,763683,Salaried,2,A,900,West,23
B008552,Middle,733426,Self-Employed,14,D,529,Central,57
B008553,Upper-Middle,1338522,Freelancer,15,E,520,West,21
B008554,Middle,746303,Salaried,13,C,678,North,60
B008555,Upper-Middle,1060026,Salaried,22,B,745,South,32
B008556,Low,240893,Self-Employed,18,D,571,West,29
B008557,Middle,731313,Salaried,15,B,825,North,34
B008558,Upper-Middle,1428868,Business Owner,6,D,603,Central,62
B008559,Lower-Middle,540344,Freelancer,20,F,398,South,56
B008560,Upper-Middle,1728512,Self-Employed,7,A,832,West,41
B008561,Lower-Middle,561902,Unemployed,28,F,424,South,36
B008562,Lower-Middle,409852,Salaried,1,B,754,North,27
B008563,Upper-Middle,1141180,Salaried,5,D,559,South,44
B008564,Lower-Middle,467829,Salaried,24,B,756,Central,54
B008565,Lower-Middle,561613,Self-Employed,29,E,502,East,25
B008566,Lower-Middle,541718,Salaried,2,G,307,East,24
B008567,Upper-Middle,1365269,Salaried,4,C,716,East,54
B008568,Middle,909982,Unemployed,18,F,422,East,53
B008569,Middle,674193,Salaried,29,E,484,West,40
B008570,Upper-Middle,1020392,Salaried,0,G,331,South,51
B008571,Middle,965381,Salaried,11,D,574,North,43
B008572,High,3888798,Salaried,17,D,577,Central,49
B008573,Upper-Middle,1581049,Salaried,18,F,401,South,29
B008574,Lower-Middle,401210,Salaried,6,E,479,Central,57
B008575,High,1984564,Salaried,0,E,519,West,56
B008576,Middle,613925,Business Owner,19,C,698,Central,57
B008577,Low,153645,Salaried,29,B,737,West,28
B008578,Lower-Middle,388034,Business Owner,23,D,623,South,40
B008579,Middle,707802,Business Owner,27,B,773,North,33
B008580,Low,188722,Business Owner,29,C,618,North,43
B008581,Middle,954247,Freelancer,20,E,496,South,39
B008582,Lower-Middle,352034,Salaried,22,D,596,Central,39
B008583,Middle,647219,Salaried,5,F,383,North,61
B008584,Low,210691,Salaried,28,C,730,Central,47
B008585,Upper-Middle,1623726,Salaried,18,C,648,East,63
B008586,Lower-Middle,441718,Business Owner,27,B,774,Central,43
B008587,Low,249874,Self-Employed,29,G,300,Central,53
B008588,Lower-Middle,495730,Salaried,8,C,654,West,34
B008589,Middle,661106,Salaried,23,F,403,South,41
B008590,Middle,896414,Freelancer,11,C,650,North,39
B008591,Middle,648212,Self-Employed,2,C,661,East,54
B008592,Low,256917,Salaried,12,E,473,East,45
B008593,Upper-Middle,1738733,Freelancer,14,D,540,South,35
B008594,Middle,646314,Business Owner,10,D,572,North,56
B008595,Low,168966,Salaried,12,C,722,East,55
B008596,Upper-Middle,1790492,Salaried,22,C,656,East,26
B008597,Middle,988583,Self-Employed,21,E,488,North,38
B008598,Middle,794737,Salaried,11,B,762,North,45
B008599,Lower-Middle,345105,Unemployed,21,A,894,East,60
B008600,Lower-Middle,491489,Business Owner,27,A,861,East,62
B008601,Middle,810680,Self-Employed,26,D,557,East,31
B008602,Low,208334,Self-Employed,16,E,447,West,38
B008603,Lower-Middle,519294,Unemployed,25,D,557,West,27
B008604,High,2325682,Salaried,9,G,313,Central,24
B008605,Middle,911246,Salaried,4,D,550,Central,35
B008606,Lower-Middle,494906,Business Owner,25,D,613,North,58
B008607,Lower-Middle,334898,Salaried,21,D,571,South,38
B008608,Upper-Middle,1341779,Self-Employed,20,F,434,Central,30
B008609,Lower-Middle,455384,Salaried,22,A,840,Central,31
B008610,Low,221750,Salaried,9,C,649,North,51
B008611,Low,220266,Salaried,8,C,646,South,45
B008612,Middle,916356,Business Owner,26,G,323,Central,41
B008613,Middle,816370,Salaried,23,B,792,North,37
B008614,Low,183658,Salaried,13,A,861,East,62
B008615,Low,237917,Salaried,12,D,550,Central,27
B008616,Middle,716713,Salaried,3,D,582,North,55
B008617,Middle,678123,Self-Employed,1,C,666,Central,64
B008618,Middle,997872,Unemployed,24,D,526,West,56
B008619,Low,244938,Business Owner,10,D,581,Central,44
B008620,Middle,732369,Self-Employed,21,C,692,North,47
B008621,High,2396820,Salaried,26,C,711,North,58
B008622,Middle,765704,Unemployed,1,B,780,West,27
B008623,Lower-Middle,531973,Freelancer,8,E,450,South,56
B008624,Middle,905239,Business Owner,4,C,648,West,28
B008625,Lower-Middle,468905,Salaried,15,D,604,North,27
B008626,Low,273108,Salaried,26,C,641,East,22
B008627,Lower-Middle,458492,Salaried,6,B,775,North,25
B008628,Upper-Middle,1637359,Salaried,1,E,478,West,48
B008629,Lower-Middle,540489,Salaried,20,C,668,West,25
B008630,Upper-Middle,1450094,Freelancer,16,B,732,East,51
B008631,Middle,673247,Salaried,21,F,409,East,25
B008632,Middle,893957,Salaried,1,F,389,North,30
B008633,Low,275072,Freelancer,6,E,534,South,37
B008634,Middle,812581,Freelancer,24,D,569,West,58
B008635,Low,256221,Salaried,9,D,639,South,27
B008636,Middle,795536,Salaried,4,C,683,Central,36
B008637,Lower-Middle,301948,Business Owner,28,C,665,North,25
B008638,Lower-Middle,534352,Unemployed,17,D,563,South,30
B008639,Middle,780681,Self-Employed,29,E,485,South,44
B008640,Low,294609,Salaried,29,D,569,North,54
B008641,Lower-Middle,308556,Self-Employed,4,F,400,Central,44
B008642,High,3711053,Business Owner,19,C,664,South,48
B008643,Low,170513,Salaried,21,C,709,Central,36
B008644,Lower-Middle,324116,Salaried,12,C,688,West,29
B008645,Lower-Middle,421667,Freelancer,25,E,515,East,50
B008646,Lower-Middle,354452,Self-Employed,10,A,880,Central,57
B008647,Middle,862239,Salaried,1,C,659,North,47
B008648,Lower-Middle,481905,Business Owner,28,E,459,Central,25
B008649,Middle,934593,Self-Employed,16,D,590,Central,64
B008650,Middle,940061,Salaried,17,C,670,West,29
B008651,Lower-Middle,387709,Salaried,22,D,576,East,45
B008652,High,3499889,Salaried,29,F,459,South,54
B008653,High,3869435,Unemployed,19,D,595,North,64
B008654,Low,198084,Salaried,1,E,464,West,44
B008655,Lower-Middle,407428,Business Owner,11,B,767,East,61
B008656,Lower-Middle,345843,Self-Employed,24,C,682,East,40
B008657,Lower-Middle,598764,Freelancer,22,C,652,Central,24
B008658,Middle,981497,Unemployed,5,G,330,North,27
B008659,Middle,883521,Freelancer,5,B,732,South,61
B008660,Lower-Middle,307127,Freelancer,10,F,380,East,24
B008661,Lower-Middle,453890,Salaried,25,C,662,Central,61
B008662,Lower-Middle,561827,Salaried,19,D,570,East,40
B008663,High,1995764,Salaried,20,D,583,East,62
B008664,High,2724555,Self-Employed,24,B,741,Central,64
B008665,Low,163924,Salaried,9,B,770,West,24
B008666,Middle,958302,Salaried,17,C,678,West,48
B008667,Middle,853884,Salaried,15,E,410,West,22
B008668,Middle,848077,Business Owner,3,E,523,East,34
B008669,Middle,726708,Salaried,9,G,322,East,62
B008670,Upper-Middle,1326231,Salaried,0,A,846,East,64
B008671,Low,263521,Self-Employed,9,E,469,East,27
B008672,Lower-Middle,326685,Self-Employed,26,B,777,West,64
B008673,High,3333905,Freelancer,2,D,564,East,29
B008674,Lower-Middle,449083,Self-Employed,8,B,749,South,35
B008675,Low,212561,Business Owner,15,F,392,West,43
B008676,Middle,853367,Salaried,20,D,570,South,30
B008677,Upper-Middle,1014031,Salaried,2,C,664,Central,23
B008678,Middle,812516,Business Owner,23,C,628,Central,29
B008679,Upper-Middle,1453956,Salaried,14,C,681,West,23
B008680,Middle,644721,Business Owner,21,B,739,West,46
B008681,Low,167564,Freelancer,17,D,576,North,49
B008682,Middle,753986,Salaried,3,D,568,Central,34
B008683,Upper-Middle,1737668,Business Owner,10,A,849,West,57
B008684,Upper-Middle,1487702,Salaried,23,B,756,Central,55
B008685,Lower-Middle,467758,Salaried,14,C,659,West,35
B008686,Low,296097,Salaried,26,C,673,West,36
B008687,Upper-Middle,1431072,Self-Employed,20,B,782,North,38
B008688,Lower-Middle,307832,Unemployed,23,B,768,South,47
B008689,Low,275517,Salaried,15,A,877,South,58
B008690,Upper-Middle,1765326,Self-Employed,15,C,701,East,31
B008691,Middle,988177,Salaried,16,D,569,East,35
B008692,Lower-Middle,363387,Salaried,5,D,621,East,42
B008693,Low,231493,Self-Employed,17,C,660,East,32
B008694,Low,210958,Business Owner,18,C,638,South,49
B008695,Upper-Middle,1352820,Self-Employed,0,D,585,East,24
B008696,Middle,728466,Freelancer,21,C,684,West,64
B008697,Low,154162,Salaried,11,G,359,West,33
B008698,Lower-Middle,360341,Self-Employed,8,D,601,South,34
B008699,Low,163222,Salaried,19,D,612,Central,32
B008700,Low,222874,Business Owner,19,D,611,North,54
B008701,Lower-Middle,354790,Salaried,5,D,566,North,28
B008702,Middle,800628,Salaried,26,C,683,South,47
B008703,Lower-Middle,360044,Business Owner,23,A,835,East,50
B008704,Lower-Middle,504487,Salaried,11,E,493,Central,54
B008705,Middle,967644,Self-Employed,1,F,402,East,44
B008706,Lower-Middle,474974,Unemployed,15,G,319,East,47
B008707,Low,165583,Salaried,29,C,711,South,41
B008708,Low,173653,Self-Employed,21,F,434,North,25
B008709,Low,272707,Unemployed,9,E,490,South,21
B008710,Lower-Middle,424830,Business Owner,22,C,661,West,31
B008711,Middle,872578,Salaried,24,F,430,Central,52
B008712,Low,251513,Business Owner,19,G,316,North,52
B008713,Upper-Middle,1170499,Salaried,6,D,613,South,47
B008714,Middle,717033,Business Owner,15,E,432,North,53
B008715,Low,257951,Self-Employed,7,E,491,West,56
B008716,Low,151785,Salaried,21,D,612,South,48
B008717,Lower-Middle,446904,Business Owner,0,C,640,Central,41
B008718,Low,170195,Salaried,25,B,723,West,29
B008719,Middle,804500,Freelancer,14,G,300,Central,26
B008720,Low,223220,Business Owner,26,A,853,North,25
B008721,Upper-Middle,1442925,Unemployed,28,B,743,Central,25
B008722,Middle,741145,Salaried,12,C,680,South,53
B008723,Middle,691701,Salaried,26,C,694,East,50
B008724,Upper-Middle,1376096,Salaried,21,C,654,South,49
B008725,Middle,786424,Salaried,14,A,863,West,43
B008726,High,2827158,Salaried,12,F,402,Central,45
B008727,High,2974038,Self-Employed,26,D,530,East,32
B008728,Lower-Middle,445025,Salaried,25,G,300,South,21
B008729,Low,201228,Freelancer,26,F,413,East,57
B008730,Lower-Middle,385871,Salaried,24,D,595,East,48
B008731,Lower-Middle,520227,Salaried,28,C,635,West,62
B008732,Middle,817288,Self-Employed,22,B,757,North,55
B008733,Lower-Middle,332921,Salaried,9,G,300,North,37
B008734,Middle,682696,Business Owner,14,D,579,West,41
B008735,Upper-Middle,1373658,Self-Employed,0,E,505,North,37
B008736,Lower-Middle,309551,Self-Employed,16,G,300,South,23
B008737,Middle,650351,Self-Employed,6,B,735,Central,30
B008738,Lower-Middle,340790,Business Owner,24,F,366,East,33
B008739,Upper-Middle,1694579,Unemployed,26,E,494,North,60
B008740,Middle,752589,Salaried,1,C,689,South,28
B008741,Low,279230,Salaried,16,F,441,Central,23
B008742,Middle,746402,Business Owner,17,D,542,West,48
B008743,Low,256055,Salaried,20,C,669,West,34
B008744,Middle,808804,Self-Employed,7,B,785,South,26
B008745,Middle,691572,Self-Employed,0,E,497,Central,37
B008746,Lower-Middle,570707,Salaried,18,E,456,North,22
B008747,Middle,950343,Salaried,7,B,755,North,40
B008748,Upper-Middle,1598692,Business Owner,14,C,695,East,57
B008749,Upper-Middle,1531162,Salaried,22,A,850,Central,45
B008750,Middle,777245,Salaried,19,D,597,Central,61
B008751,Middle,653254,Business Owner,26,D,604,South,64
B008752,Lower-Middle,426132,Business Owner,2,E,455,Central,58
B008753,Upper-Middle,1580423,Self-Employed,0,A,829,South,54
B008754,Upper-Middle,1383757,Salaried,27,B,742,Central,46
B008755,Low,297404,Salaried,25,A,847,North,24
B008756,Lower-Middle,488837,Business Owner,17,F,398,East,36
B008757,Lower-Middle,348402,Salaried,25,D,602,North,61
B008758,Low,161735,Freelancer,8,B,741,East,24
B008759,Lower-Middle,364465,Business Owner,28,A,887,East,55
B008760,Lower-Middle,462215,Salaried,23,A,885,West,38
B008761,Middle,986740,Self-Employed,11,E,512,West,61
B008762,Low,298219,Freelancer,20,D,623,South,29
B008763,Lower-Middle,529056,Freelancer,7,E,485,Central,39
B008764,Middle,696885,Self-Employed,13,C,633,North,56
B008765,Lower-Middle,597816,Salaried,14,C,638,North,39
B008766,Lower-Middle,581587,Self-Employed,8,D,585,North,57
B008767,Upper-Middle,1521398,Self-Employed,8,B,750,East,36
B008768,High,1834643,Self-Employed,9,C,652,Central,41
B008769,Middle,700002,Salaried,20,B,780,North,52
B008770,Low,222852,Freelancer,1,E,487,West,34
B008771,Low,194652,Salaried,14,D,547,West,56
B008772,High,3148128,Salaried,11,C,640,South,51
B008773,Middle,828201,Salaried,25,D,605,North,59
B008774,Upper-Middle,1786162,Salaried,15,B,724,West,48
B008775,Middle,774895,Salaried,19,E,457,West,58
B008776,Low,154424,Salaried,25,E,519,West,46
B008777,Lower-Middle,315058,Salaried,26,B,779,West,41
B008778,Upper-Middle,1126509,Salaried,19,F,437,East,61
B008779,Upper-Middle,1200942,Salaried,18,C,691,South,40
B008780,Lower-Middle,501015,Salaried,6,C,685,North,33
B008781,Middle,871096,Salaried,3,D,586,East,56
B008782,Low,276457,Salaried,28,E,497,West,35
B008783,High,1810593,Salaried,10,B,787,North,22
B008784,Lower-Middle,503518,Business Owner,6,C,648,South,23
B008785,Middle,824566,Salaried,13,F,393,East,53
B008786,Lower-Middle,376990,Self-Employed,18,F,373,South,30
B008787,Middle,839517,Salaried,5,E,495,Central,37
B008788,Middle,658606,Salaried,9,B,777,East,41
B008789,Lower-Middle,306164,Salaried,22,D,592,East,37
B008790,Upper-Middle,1378743,Salaried,3,C,645,South,57
B008791,Upper-Middle,1510076,Self-Employed,13,A,878,Central,58
B008792,Upper-Middle,1440920,Business Owner,24,A,834,West,29
B008793,Lower-Middle,536881,Self-Employed,8,E,483,East,23
B008794,Upper-Middle,1188474,Salaried,17,A,874,South,44
B008795,Middle,736847,Salaried,25,C,672,North,58
B008796,Middle,835453,Freelancer,15,B,754,Central,34
B008797,Middle,755096,Salaried,10,D,643,North,38
B008798,Middle,910496,Salaried,9,E,498,East,55
B008799,Low,151859,Salaried,24,C,671,East,39
B008800,Lower-Middle,531003,Unemployed,23,E,484,East,49
B008801,Low,272005,Freelancer,24,B,750,West,59
B008802,Lower-Middle,510230,Salaried,25,C,672,North,23
B008803,Low,232444,Salaried,12,B,741,South,23
B008804,Lower-Middle,373321,Business Owner,25,C,650,North,28
B008805,Upper-Middle,1116843,Salaried,2,G,300,South,44
B008806,Middle,956883,Salaried,2,E,507,South,54
B008807,Low,299951,Salaried,14,B,785,Central,26
B008808,Upper-Middle,1131928,Salaried,5,G,300,South,50
B008809,Upper-Middle,1305737,Salaried,29,D,587,East,24
B008810,Upper-Middle,1183052,Self-Employed,3,C,666,North,26
B008811,Upper-Middle,1164006,Business Owner,8,F,464,West,61
B008812,High,3346833,Self-Employed,9,E,484,East,34
B008813,Middle,974329,Salaried,9,E,462,Central,39
B008814,High,2676381,Salaried,3,B,779,West,32
B008815,High,3649728,Freelancer,28,B,778,West,35
B008816,Lower-Middle,562330,Salaried,5,F,394,Central,41
B008817,Upper-Middle,1550429,Salaried,21,D,591,North,30
B008818,Upper-Middle,1623255,Salaried,21,E,518,East,22
B008819,Upper-Middle,1071706,Salaried,6,E,522,South,51
B008820,Upper-Middle,1632888,Salaried,20,F,414,South,44
B008821,Lower-Middle,344913,Salaried,2,C,654,South,44
B008822,Lower-Middle,517307,Self-Employed,8,C,638,Central,28
B008823,Middle,982339,Salaried,27,B,744,Central,52
B008824,Upper-Middle,1227670,Business Owner,24,B,784,East,53
B008825,Upper-Middle,1384073,Self-Employed,12,D,594,Central,42
B008826,Upper-Middle,1377146,Salaried,20,D,534,South,45
B008827,Middle,675835,Business Owner,4,B,711,West,37
B008828,High,1841488,Freelancer,12,D,516,North,55
B008829,Low,264441,Salaried,1,C,682,North,61
B008830,High,3760160,Self-Employed,0,C,661,North,48
B008831,Low,190252,Self-Employed,28,D,571,East,25
B008832,Middle,868967,Self-Employed,19,C,669,West,61
B008833,Low,241809,Salaried,4,D,569,North,45
B008834,Middle,729815,Salaried,23,D,566,North,63
B008835,Lower-Middle,381957,Salaried,14,C,706,Central,53
B008836,Low,280538,Salaried,6,C,690,South,48
B008837,Middle,758969,Salaried,28,A,874,West,34
B008838,Upper-Middle,1797674,Freelancer,3,E,529,North,48
B008839,Low,274782,Salaried,21,G,338,East,30
B008840,Middle,933746,Salaried,9,B,735,South,36
B008841,Low,182661,Salaried,26,C,685,West,49
B008842,Low,212227,Salaried,21,E,444,West,62
B008843,Low,168289,Business Owner,20,E,471,North,44
B008844,Middle,750534,Business Owner,28,C,694,South,56
B008845,Upper-Middle,1798384,Salaried,5,D,564,East,40
B008846,Middle,852948,Salaried,11,F,411,North,31
B008847,Upper-Middle,1268489,Salaried,12,B,801,North,25
B008848,Middle,716838,Unemployed,24,D,578,Central,32
B008849,Upper-Middle,1170971,Salaried,19,E,483,North,25
B008850,High,2043125,Salaried,22,A,843,West,53
B008851,Lower-Middle,350825,Salaried,12,F,390,East,25
B008852,Low,204949,Salaried,26,G,300,Central,36
B008853,Low,214288,Salaried,2,E,487,East,59
B008854,Middle,752890,Freelancer,19,D,589,North,57
B008855,Middle,660948,Salaried,27,D,573,West,57
B008856,Lower-Middle,384011,Salaried,28,D,573,West,61
B008857,Upper-Middle,1355328,Salaried,2,B,762,South,43
B008858,High,1985059,Salaried,27,C,642,South,26
B008859,Lower-Middle,315053,Freelancer,22,B,755,East,30
B008860,Lower-Middle,538185,Self-Employed,1,C,687,East,43
B008861,Lower-Middle,359935,Freelancer,27,E,461,South,29
B008862,Lower-Middle,390965,Freelancer,15,F,413,West,60
B008863,Upper-Middle,1080185,Self-Employed,12,C,688,Central,40
B008864,Middle,673827,Self-Employed,9,D,625,North,45
B008865,Low,275479,Salaried,1,D,588,West,26
B008866,Middle,969613,Self-Employed,25,C,651,East,27
B008867,Low,211816,Self-Employed,29,D,579,North,56
B008868,Lower-Middle,363807,Self-Employed,12,B,747,South,55
B008869,Lower-Middle,508507,Salaried,29,A,845,Central,47
B008870,Middle,681590,Self-Employed,27,C,637,North,30
B008871,Middle,872412,Salaried,12,G,308,North,41
B008872,Upper-Middle,1548626,Self-Employed,27,G,342,West,42
B008873,Low,269977,Salaried,23,D,613,East,32
B008874,Upper-Middle,1203468,Self-Employed,10,D,597,South,63
B008875,Low,198098,Salaried,4,D,560,West,40
B008876,Lower-Middle,375559,Business Owner,17,C,683,East,60
B008877,Upper-Middle,1511424,Business Owner,15,C,666,South,43
B008878,Middle,990410,Salaried,0,A,843,West,47
B008879,Low,212993,Salaried,7,A,880,Central,63
B008880,Middle,734667,Salaried,10,G,302,East,27
B008881,Middle,832026,Salaried,26,E,481,West,46
B008882,High,2577843,Salaried,19,D,592,North,37
B008883,Middle,644734,Business Owner,4,E,456,North,29
B008884,Low,224256,Business Owner,6,D,576,North,31
B008885,Middle,834407,Salaried,29,D,612,South,29
B008886,Low,214863,Freelancer,4,E,527,South,50
B008887,Low,264708,Salaried,27,B,738,Central,48
B008888,Middle,871113,Business Owner,28,B,736,Central,54
B008889,Upper-Middle,1367645,Salaried,20,D,566,West,56
B008890,Low,292406,Self-Employed,17,A,769,Central,48
B008891,Upper-Middle,1469554,Salaried,28,D,623,Central,35
B008892,Middle,744003,Salaried,16,E,508,East,47
B008893,Upper-Middle,1300016,Salaried,15,E,463,South,47
B008894,Lower-Middle,306545,Self-Employed,24,C,636,East,34
B008895,Lower-Middle,501478,Freelancer,6,B,761,North,59
B008896,Low,261761,Self-Employed,16,G,319,West,40
B008897,Lower-Middle,366906,Business Owner,25,F,452,Central,42
B008898,Lower-Middle,530500,Salaried,19,C,658,Central,64
B008899,Lower-Middle,503264,Business Owner,9,F,406,South,41
B008900,Low,158179,Business Owner,9,F,388,East,60
B008901,Lower-Middle,379706,Salaried,18,C,666,Central,36
B008902,Upper-Middle,1799959,Salaried,11,C,717,West,52
B008903,Upper-Middle,1006365,Salaried,10,F,469,North,62
B008904,Lower-Middle,576076,Salaried,8,E,508,North,59
B008905,High,3598075,Salaried,2,D,547,Central,28
B008906,Lower-Middle,518266,Business Owner,17,G,334,Central,52
B008907,Lower-Middle,466974,Business Owner,8,F,401,West,30
B008908,Upper-Middle,1203075,Salaried,17,A,857,East,49
B008909,Lower-Middle,349069,Freelancer,27,D,577,Central,53
B008910,Lower-Middle,317157,Business Owner,4,F,386,East,54
B008911,Lower-Middle,468458,Self-Employed,25,B,773,West,59
B008912,Middle,952161,Unemployed,22,A,836,South,31
B008913,Middle,660987,Freelancer,7,E,484,South,27
B008914,Lower-Middle,371954,Salaried,5,E,491,North,63
B008915,Lower-Middle,344699,Freelancer,11,B,768,East,49
B008916,Lower-Middle,486874,Salaried,20,B,724,South,40
B008917,Middle,905008,Salaried,17,E,500,West,39
B008918,Lower-Middle,552294,Salaried,1,B,749,Central,22
B008919,Upper-Middle,1189327,Self-Employed,4,B,774,Central,64
B008920,Upper-Middle,1560499,Unemployed,27,F,456,East,29
B008921,Lower-Middle,435080,Salaried,6,E,469,West,51
B008922,Upper-Middle,1791593,Self-Employed,1,C,669,East,50
B008923,Low,255422,Salaried,7,D,571,West,63
B008924,Lower-Middle,330794,Business Owner,1,C,657,North,50
B008925,Lower-Middle,391289,Salaried,16,C,641,North,61
B008926,Middle,870934,Self-Employed,2,G,314,North,44
B008927,Upper-Middle,1558629,Self-Employed,0,D,557,South,44
B008928,High,2662614,Salaried,13,D,622,West,43
B008929,Lower-Middle,389263,Freelancer,19,C,678,East,61
B008930,Lower-Middle,376724,Unemployed,16,D,549,Central,48
B008931,Middle,729285,Salaried,6,C,679,North,61
B008932,Lower-Middle,326194,Business Owner,4,C,673,East,52
B008933,Low,204691,Business Owner,15,D,552,South,45
B008934,High,2158315,Salaried,22,E,489,South,29
B008935,Upper-Middle,1176306,Salaried,13,E,496,East,49
B008936,High,2307704,Self-Employed,3,A,900,South,30
B008937,Lower-Middle,351675,Self-Employed,12,D,553,South,53
B008938,Low,225393,Self-Employed,28,C,679,East,22
B008939,Lower-Middle,498882,Self-Employed,28,D,551,South,39
B008940,High,3714087,Business Owner,13,F,392,West,47
B008941,Low,228555,Salaried,28,E,465,South,37
B008942,Low,157892,Salaried,16,C,706,East,37
B008943,Low,199349,Salaried,22,E,522,North,23
B008944,Upper-Middle,1424274,Salaried,22,B,788,Central,62
B008945,Upper-Middle,1573445,Business Owner,15,B,744,North,22
B008946,Middle,691053,Business Owner,24,B,739,West,35
B008947,Low,263378,Salaried,29,C,671,West,60
B008948,Middle,893967,Self-Employed,23,D,627,North,45
B008949,Lower-Middle,524608,Salaried,14,C,695,North,42
B008950,Low,249796,Salaried,10,D,642,North,36
B008951,Lower-Middle,369692,Freelancer,5,B,752,Central,23
B008952,Middle,834527,Salaried,22,D,580,East,36
B008953,Lower-Middle,382883,Business Owner,20,C,688,North,44
B008954,High,3815698,Salaried,2,C,669,Central,36
B008955,Middle,620843,Salaried,20,D,579,Central,41
B008956,Lower-Middle,503086,Self-Employed,18,B,735,East,47
B008957,Middle,948415,Business Owner,17,C,648,East,40
B008958,Middle,733965,Self-Employed,10,E,548,Central,37
B008959,Low,188028,Freelancer,23,C,657,East,59
B008960,Middle,644708,Business Owner,0,E,518,North,27
B008961,Lower-Middle,455458,Self-Employed,6,B,719,West,44
B008962,Lower-Middle,356656,Salaried,23,E,491,South,28
B008963,Middle,835640,Salaried,22,B,734,West,27
B008964,Middle,828977,Self-Employed,26,G,305,North,44
B008965,Lower-Middle,338901,Self-Employed,29,B,783,South,22
B008966,Low,253763,Salaried,3,G,303,South,40
B008967,Middle,966941,Salaried,5,B,808,South,33
B008968,Lower-Middle,579326,Salaried,4,E,498,East,59
B008969,High,2127722,Salaried,15,C,675,East,30
B008970,Middle,929284,Salaried,3,A,841,Central,22
B008971,Upper-Middle,1598152,Business Owner,28,A,828,West,23
B008972,Lower-Middle,588399,Business Owner,29,B,742,East,32
B008973,Upper-Middle,1197103,Unemployed,25,C,682,South,21
B008974,Low,236430,Self-Employed,1,D,561,South,51
B008975,Lower-Middle,460778,Salaried,13,C,663,South,22
B008976,Low,274278,Self-Employed,20,D,572,West,51
B008977,Low,161355,Business Owner,9,A,892,Central,31
B008978,High,2949485,Self-Employed,1,D,584,West,24
B008979,Middle,780159,Salaried,10,E,497,Central,38
B008980,Middle,993638,Self-Employed,19,B,739,North,31
B008981,Middle,928426,Salaried,11,E,469,North,43
B008982,Middle,982213,Salaried,29,B,734,West,31
B008983,Middle,878095,Salaried,24,C,667,Central,62
B008984,Upper-Middle,1191077,Salaried,5,E,448,East,63
B008985,Middle,865297,Freelancer,26,D,599,East,36
B008986,Upper-Middle,1667707,Salaried,20,D,591,East,61
B008987,Lower-Middle,388513,Salaried,9,C,640,North,63
B008988,High,3083096,Business Owner,21,D,574,Central,64
B008989,Low,165245,Freelancer,28,D,609,North,35
B008990,Lower-Middle,343937,Self-Employed,9,G,309,West,27
B008991,Upper-Middle,1318625,Salaried,8,E,459,East,49
B008992,Lower-Middle,455682,Salaried,26,B,790,Central,51
B008993,Low,214266,Self-Employed,17,C,695,West,42
B008994,Lower-Middle,311145,Business Owner,20,D,610,Central,43
B008995,Lower-Middle,541966,Salaried,29,E,465,West,37
B008996,High,2451804,Freelancer,6,B,838,West,54
B008997,Upper-Middle,1730764,Self-Employed,23,E,499,East,57
B008998,Middle,694999,Business Owner,4,D,578,North,30
B008999,High,3261722,Salaried,6,A,858,Central,59
B009000,Middle,782807,Freelancer,25,A,871,South,22
B009001,Upper-Middle,1016416,Self-Employed,10,D,619,South,50
B009002,Lower-Middle,482808,Salaried,1,E,469,West,25
B009003,Middle,612673,Salaried,10,C,662,North,29
B009004,Low,158079,Salaried,26,B,741,North,43
B009005,Low,249214,Salaried,12,B,719,Central,32
B009006,Middle,798904,Salaried,2,C,676,Central,64
B009007,Low,282343,Salaried,20,D,604,Central,53
B009008,Middle,781204,Salaried,26,B,740,North,22
B009009,Middle,994820,Self-Employed,18,E,474,South,34
B009010,Low,153098,Business Owner,7,B,744,East,46
B009011,Lower-Middle,576591,Self-Employed,12,E,515,South,27
B009012,Middle,687803,Salaried,24,F,387,North,29
B009013,Upper-Middle,1151542,Salaried,5,B,705,North,22
B009014,Lower-Middle,445713,Self-Employed,29,F,402,West,24
B009015,High,3234757,Business Owner,8,E,479,Central,63
B009016,Upper-Middle,1499528,Salaried,8,F,373,West,48
B009017,Middle,741406,Freelancer,26,C,670,North,33
B009018,Lower-Middle,484452,Business Owner,25,F,404,East,37
B009019,Middle,780408,Freelancer,10,C,662,East,44
B009020,Upper-Middle,1166584,Self-Employed,23,B,756,North,53
B009021,Lower-Middle,311056,Salaried,0,G,300,North,33
B009022,High,3237231,Freelancer,23,F,376,East,37
B009023,Upper-Middle,1479829,Freelancer,26,B,767,South,42
B009024,Middle,801481,Business Owner,9,C,688,South,25
B009025,Middle,780745,Freelancer,7,G,300,South,29
B009026,Middle,801678,Freelancer,24,D,626,North,53
B009027,Upper-Middle,1090260,Business Owner,19,D,574,Central,57
B009028,Upper-Middle,1545171,Salaried,28,B,742,North,49
B009029,Low,279037,Self-Employed,0,C,674,East,61
B009030,Low,167166,Self-Employed,0,D,588,Central,60
B009031,Lower-Middle,531119,Business Owner,1,E,491,South,49
B009032,High,2721300,Salaried,24,C,669,South,51
B009033,Lower-Middle,536473,Salaried,2,D,594,East,35
B009034,Upper-Middle,1403411,Unemployed,2,B,793,North,21
B009035,Middle,688604,Salaried,8,E,465,West,33
B009036,Lower-Middle,423278,Salaried,6,A,829,North,57
B009037,Upper-Middle,1097679,Self-Employed,20,D,582,West,53
B009038,Middle,606900,Salaried,11,E,511,West,45
B009039,Lower-Middle,309172,Salaried,7,E,444,South,45
B009040,Low,294017,Self-Employed,29,B,763,South,21
B009041,Low,298494,Freelancer,20,E,531,North,29
B009042,Low,155922,Salaried,21,A,856,North,56
B009043,Lower-Middle,356942,Salaried,20,A,864,Central,61
B009044,Middle,794968,Salaried,29,E,493,North,54
B009045,Lower-Middle,493474,Self-Employed,25,B,767,North,30
B009046,Low,175858,Salaried,11,C,687,North,64
B009047,Lower-Middle,363784,Salaried,12,F,380,East,42
B009048,Lower-Middle,454223,Self-Employed,21,B,727,West,42
B009049,High,1908887,Unemployed,15,E,504,South,39
B009050,Lower-Middle,460070,Salaried,20,D,581,Central,55
B009051,Low,282457,Self-Employed,20,C,717,West,51
B009052,Middle,994796,Business Owner,0,C,635,Central,52
B009053,High,2990008,Salaried,11,C,693,South,21
B009054,Upper-Middle,1296227,Business Owner,2,E,465,East,42
B009055,Upper-Middle,1615047,Salaried,19,E,495,South,26
B009056,High,3784205,Salaried,0,C,687,South,28
B009057,Middle,793269,Salaried,26,D,580,Central,53
B009058,High,3659694,Salaried,14,D,583,South,40
B009059,Low,214050,Business Owner,13,E,487,East,61
B009060,Upper-Middle,1360081,Self-Employed,17,A,851,West,27
B009061,Upper-Middle,1462183,Business Owner,13,C,639,South,62
B009062,High,2751131,Business Owner,1,C,647,Central,34
B009063,Middle,700494,Salaried,24,D,579,South,49
B009064,Upper-Middle,1699372,Freelancer,7,B,761,Central,59
B009065,Lower-Middle,586308,Freelancer,18,D,577,West,27
B009066,Middle,817919,Salaried,23,G,300,Central,32
B009067,Lower-Middle,536679,Business Owner,3,A,874,East,34
B009068,Middle,690950,Business Owner,3,D,588,West,57
B009069,Middle,877489,Salaried,0,B,767,West,61
B009070,Lower-Middle,392462,Salaried,20,D,581,North,22
B009071,Lower-Middle,351650,Salaried,29,B,734,North,55
B009072,Lower-Middle,446200,Unemployed,13,F,359,Central,42
B009073,Middle,612270,Self-Employed,22,C,672,East,51
B009074,Middle,716580,Business Owner,2,G,300,North,53
B009075,Upper-Middle,1179270,Freelancer,7,A,835,West,50
B009076,Low,224484,Salaried,22,E,507,South,59
B009077,Upper-Middle,1396876,Freelancer,28,C,665,South,30
B009078,Middle,872433,Salaried,25,B,776,Central,22
B009079,Low,168235,Business Owner,3,F,384,East,44
B009080,Lower-Middle,432353,Salaried,15,C,662,East,56
B009081,Middle,617917,Salaried,22,D,577,East,30
B009082,Lower-Middle,540253,Salaried,16,E,445,South,60
B009083,Low,283930,Salaried,8,C,650,West,26
B009084,Lower-Middle,597200,Salaried,1,B,794,East,27
B009085,Low,227902,Salaried,19,F,383,South,59
B009086,Low,277332,Self-Employed,28,D,584,West,23
B009087,Lower-Middle,437737,Freelancer,2,F,381,East,63
B009088,Upper-Middle,1162409,Salaried,26,E,472,South,29
B009089,Middle,935591,Salaried,24,E,495,West,28
B009090,Lower-Middle,313958,Self-Employed,29,D,550,East,31
B009091,Middle,837624,Self-Employed,10,A,870,North,57
B009092,Middle,974551,Self-Employed,22,F,418,South,29
B009093,Low,190693,Unemployed,6,E,505,West,48
B009094,Lower-Middle,375723,Salaried,18,E,437,South,46
B009095,Lower-Middle,331453,Salaried,3,F,401,West,49
B009096,Middle,801296,Freelancer,26,B,807,South,32
B009097,Middle,854832,Self-Employed,14,C,623,Central,55
B009098,Lower-Middle,453125,Self-Employed,28,B,800,West,52
B009099,Middle,735265,Freelancer,25,D,517,South,49
B009100,High,2744880,Salaried,27,C,684,South,43
B009101,Lower-Middle,550131,Salaried,21,B,719,South,41
B009102,Middle,977557,Salaried,1,D,585,East,41
B009103,Middle,730282,Business Owner,29,C,698,South,59
B009104,Middle,854806,Freelancer,23,D,548,Central,59
B009105,Upper-Middle,1659750,Salaried,8,C,723,North,31
B009106,Middle,853622,Salaried,11,B,732,North,47
B009107,Lower-Middle,566614,Self-Employed,23,C,679,North,53
B009108,Lower-Middle,499195,Salaried,24,B,734,West,32
B009109,Upper-Middle,1197580,Business Owner,4,C,701,Central,29
B009110,Lower-Middle,480942,Salaried,1,C,713,South,24
B009111,High,3028933,Freelancer,20,F,390,Central,27
B009112,Lower-Middle,401604,Business Owner,15,B,799,East,44
B009113,Middle,632490,Salaried,18,C,677,South,41
B009114,Middle,932927,Self-Employed,29,E,483,West,53
B009115,Lower-Middle,537696,Business Owner,19,C,643,North,56
B009116,Upper-Middle,1022814,Salaried,18,D,561,Central,50
B009117,Low,258812,Salaried,3,E,513,Central,40
B009118,Middle,862311,Business Owner,1,A,831,Central,56
B009119,Middle,745558,Self-Employed,28,G,327,Central,60
B009120,Upper-Middle,1631788,Business Owner,28,C,662,Central,55
B009121,Middle,931547,Salaried,25,E,529,East,49
B009122,High,3694603,Business Owner,8,F,383,North,43
B009123,Upper-Middle,1061726,Self-Employed,25,F,359,East,33
B009124,Lower-Middle,413309,Salaried,27,B,728,East,32
B009125,Upper-Middle,1024218,Salaried,1,D,592,West,61
B009126,High,3407215,Salaried,6,C,669,Central,57
B009127,Lower-Middle,426502,Business Owner,6,D,580,Central,59
B009128,Middle,899756,Salaried,14,E,507,Central,40
B009129,Lower-Middle,538231,Freelancer,23,C,640,Central,54
B009130,Middle,626445,Salaried,3,C,653,East,27
B009131,Low,291572,Business Owner,10,D,569,West,60
B009132,Upper-Middle,1397607,Salaried,26,C,674,South,60
B009133,Lower-Middle,590155,Business Owner,5,D,558,West,48
B009134,Middle,654508,Self-Employed,19,B,748,East,30
B009135,Low,202594,Self-Employed,11,D,567,North,55
B009136,Middle,783320,Unemployed,3,B,721,West,28
B009137,Middle,976020,Salaried,9,E,477,West,23
B009138,Middle,642023,Salaried,25,B,770,West,29
B009139,Lower-Middle,464424,Salaried,15,D,551,South,41
B009140,Low,169926,Salaried,29,D,543,South,30
B009141,Lower-Middle,367075,Business Owner,14,C,661,North,51
B009142,High,3136787,Salaried,28,D,562,North,33
B009143,Lower-Middle,384104,Business Owner,0,E,442,West,55
B009144,Middle,714669,Salaried,1,B,712,Central,45
B009145,Low,250496,Freelancer,28,D,603,South,48
B009146,Middle,923323,Salaried,23,C,650,East,30
B009147,Lower-Middle,310217,Unemployed,29,D,601,South,47
B009148,Middle,689811,Self-Employed,27,F,415,Central,59
B009149,Lower-Middle,458032,Unemployed,19,D,621,Central,45
B009150,Low,286415,Self-Employed,29,B,766,Central,39
B009151,Lower-Middle,411274,Salaried,0,C,654,North,46
B009152,Lower-Middle,386635,Business Owner,28,D,596,Central,41
B009153,Middle,637630,Salaried,18,B,706,North,21
B009154,High,2261019,Salaried,26,D,603,South,51
B009155,Middle,798834,Salaried,18,E,535,South,42
B009156,High,2446536,Freelancer,27,E,460,West,23
B009157,Middle,837541,Business Owner,18,B,753,South,59
B009158,Low,195280,Salaried,6,E,492,East,34
B009159,Lower-Middle,371513,Business Owner,16,C,660,Central,55
B009160,Lower-Middle,493317,Salaried,28,B,757,North,51
B009161,Lower-Middle,517806,Salaried,19,D,560,Central,45
B009162,Upper-Middle,1735647,Salaried,23,D,564,East,37
B009163,Middle,826222,Salaried,18,C,743,East,59
B009164,Middle,979052,Self-Employed,9,E,493,East,25
B009165,Middle,686542,Salaried,12,B,695,North,28
B009166,Lower-Middle,458605,Salaried,13,C,655,North,42
B009167,Middle,784605,Salaried,22,C,659,North,21
B009168,Low,253919,Freelancer,9,A,891,South,30
B009169,Low,184746,Self-Employed,13,C,706,North,26
B009170,Lower-Middle,339070,Salaried,20,E,492,East,59
B009171,Low,215795,Business Owner,3,D,551,East,22
B009172,Middle,872321,Salaried,3,C,675,West,26
B009173,Low,257698,Freelancer,2,C,648,West,58
B009174,Low,251108,Salaried,9,C,677,Central,24
B009175,Upper-Middle,1518226,Salaried,18,B,784,North,33
B009176,High,2151834,Salaried,21,D,565,West,45
B009177,Middle,916660,Salaried,14,E,495,South,24
B009178,Middle,824101,Salaried,23,E,509,Central,29
B009179,Upper-Middle,1054590,Business Owner,3,B,772,Central,61
B009180,Low,188273,Salaried,14,C,628,North,58
B009181,Lower-Middle,379782,Salaried,25,D,578,East,49
B009182,Low,169924,Self-Employed,18,E,416,East,28
B009183,Lower-Middle,342325,Self-Employed,0,B,768,South,63
B009184,High,3760815,Freelancer,22,B,781,South,41
B009185,Upper-Middle,1359747,Salaried,23,F,411,North,37
B009186,High,2711455,Freelancer,14,B,768,East,54
B009187,Upper-Middle,1648082,Self-Employed,20,G,317,West,51
B009188,Middle,745621,Self-Employed,18,D,594,West,23
B009189,Upper-Middle,1254412,Salaried,8,D,557,West,48
B009190,Middle,682252,Salaried,3,B,744,Central,64
B009191,Middle,635006,Salaried,20,F,403,West,50
B009192,Lower-Middle,359641,Self-Employed,28,B,791,South,54
B009193,Middle,927443,Self-Employed,10,C,683,South,50
B009194,Lower-Middle,469174,Salaried,6,A,868,East,35
B009195,Middle,835362,Salaried,1,A,842,East,29
B009196,Low,205141,Freelancer,13,E,492,North,41
B009197,Middle,796633,Salaried,1,B,758,South,33
B009198,Lower-Middle,497675,Self-Employed,27,D,549,West,27
B009199,Lower-Middle,424919,Freelancer,23,E,498,North,48
B009200,Middle,732469,Salaried,11,D,576,South,38
B009201,Low,187719,Self-Employed,12,D,602,South,51
B009202,High,2265423,Business Owner,6,B,722,East,34
B009203,Lower-Middle,471165,Salaried,22,E,478,Central,30
B009204,Lower-Middle,321688,Salaried,25,B,714,South,34
B009205,Low,173998,Freelancer,24,D,590,North,21
B009206,Upper-Middle,1473238,Salaried,3,E,510,North,54
B009207,Middle,922741,Salaried,14,E,500,West,51
B009208,Lower-Middle,379496,Salaried,24,A,899,West,56
B009209,Lower-Middle,302846,Business Owner,7,C,684,North,50
B009210,Upper-Middle,1534573,Salaried,4,E,468,West,37
B009211,High,1888714,Salaried,19,E,520,Central,59
B009212,Lower-Middle,399597,Salaried,0,D,631,Central,26
B009213,Low,217454,Salaried,8,B,777,Central,48
B009214,Low,263369,Business Owner,6,C,652,Central,22
B009215,Low,265938,Freelancer,13,G,300,West,53
B009216,Upper-Middle,1333808,Salaried,9,B,769,East,62
B009217,High,3722291,Self-Employed,22,E,480,West,48
B009218,High,2641152,Self-Employed,12,C,697,West,25
B009219,Upper-Middle,1379558,Business Owner,12,E,484,West,24
B009220,Low,209472,Self-Employed,24,A,871,South,49
B009221,High,3162085,Salaried,5,A,867,East,41
B009222,Lower-Middle,421007,Self-Employed,26,C,635,East,24
B009223,Lower-Middle,579481,Self-Employed,19,F,398,Central,48
B009224,Middle,936234,Self-Employed,10,D,606,Central,55
B009225,Low,208412,Salaried,10,D,576,Central,49
B009226,Upper-Middle,1019250,Salaried,5,G,319,Central,36
B009227,High,3001121,Salaried,1,C,674,North,64
B009228,Upper-Middle,1193823,Salaried,11,E,469,South,35
B009229,Upper-Middle,1256163,Salaried,13,B,803,East,64
B009230,Lower-Middle,437656,Salaried,23,B,741,Central,22
B009231,Low,270699,Salaried,17,C,647,North,25
B009232,Upper-Middle,1598330,Salaried,28,G,336,West,63
B009233,Middle,823029,Unemployed,0,E,476,Central,26
B009234,Upper-Middle,1582563,Salaried,8,B,762,North,42
B009235,Low,196078,Salaried,21,G,321,South,50
B009236,Lower-Middle,447852,Business Owner,0,E,515,West,27
B009237,Lower-Middle,321328,Salaried,4,E,438,East,28
B009238,Middle,620995,Salaried,26,D,576,East,26
B009239,Upper-Middle,1128484,Self-Employed,26,C,663,South,51
B009240,High,3452324,Salaried,9,B,759,North,50
B009241,Lower-Middle,576634,Self-Employed,4,D,599,South,53
B009242,Middle,846883,Salaried,19,B,797,East,30
B009243,Low,156085,Salaried,10,D,585,South,60
B009244,Lower-Middle,486955,Salaried,4,D,561,Central,42
B009245,Lower-Middle,382583,Salaried,13,D,586,North,32
B009246,Middle,951590,Self-Employed,13,E,504,West,29
B009247,Middle,892329,Salaried,13,C,677,South,38
B009248,Lower-Middle,408455,Salaried,12,C,696,South,37
B009249,Middle,776213,Salaried,21,A,833,South,57
B009250,Upper-Middle,1574889,Self-Employed,18,C,654,South,54
B009251,Lower-Middle,578533,Self-Employed,26,A,854,Central,49
B009252,Lower-Middle,389502,Business Owner,18,B,789,South,22
B009253,Middle,908218,Self-Employed,26,C,713,South,41
B009254,Upper-Middle,1550461,Unemployed,13,C,684,North,31
B009255,Upper-Middle,1191494,Salaried,11,F,408,South,46
B009256,Lower-Middle,374953,Business Owner,29,B,736,North,61
B009257,Middle,685336,Salaried,0,B,778,North,60
B009258,Upper-Middle,1138864,Salaried,29,E,462,West,49
B009259,Lower-Middle,393174,Business Owner,10,A,877,West,30
B009260,Lower-Middle,338745,Freelancer,6,D,584,East,59
B009261,High,2353909,Business Owner,23,E,494,South,48
B009262,Low,204149,Salaried,13,D,613,West,22
B009263,Middle,822559,Salaried,27,C,674,North,22
B009264,Upper-Middle,1348906,Salaried,13,B,751,West,59
B009265,Low,197669,Self-Employed,29,G,317,West,25
B009266,Middle,646543,Salaried,12,E,469,North,55
B009267,Middle,824338,Salaried,5,E,496,West,22
B009268,Upper-Middle,1672091,Salaried,1,B,756,Central,26
B009269,Upper-Middle,1491758,Freelancer,10,C,653,West,21
B009270,Upper-Middle,1453526,Salaried,18,E,550,Central,40
B009271,Low,207476,Salaried,19,B,755,Central,56
B009272,Upper-Middle,1424952,Salaried,8,G,300,North,38
B009273,High,3275964,Salaried,15,G,300,Central,35
B009274,Middle,716205,Salaried,0,B,742,North,59
B009275,Middle,981378,Business Owner,20,B,779,South,45
B009276,Low,153276,Salaried,20,C,632,Central,50
B009277,Upper-Middle,1268183,Salaried,0,C,641,East,53
B009278,Low,297312,Salaried,25,C,694,West,53
B009279,Lower-Middle,543214,Salaried,22,D,571,South,28
B009280,High,1922684,Self-Employed,1,C,658,Central,61
B009281,High,2593224,Salaried,2,B,762,North,49
B009282,High,3312605,Self-Employed,24,C,700,South,34
B009283,Middle,820376,Salaried,25,C,646,Central,49
B009284,Low,290148,Salaried,18,D,629,West,24
B009285,Middle,915588,Salaried,9,F,402,South,57
B009286,Low,248939,Self-Employed,10,A,849,East,40
B009287,Upper-Middle,1484144,Salaried,14,E,506,North,23
B009288,Middle,999383,Salaried,17,C,616,East,62
B009289,Lower-Middle,450632,Business Owner,20,E,497,Central,40
B009290,Low,150747,Salaried,15,B,765,South,50
B009291,Lower-Middle,522736,Salaried,13,C,716,Central,54
B009292,Upper-Middle,1419209,Salaried,19,C,727,West,22
B009293,Middle,937111,Salaried,26,E,494,North,37
B009294,Low,217555,Salaried,15,B,763,East,64
B009295,Low,174380,Self-Employed,14,C,666,North,45
B009296,Lower-Middle,496788,Self-Employed,12,D,579,South,44
B009297,Low,287244,Self-Employed,27,D,570,North,63
B009298,High,1999168,Salaried,0,A,875,Central,38
B009299,Middle,672656,Salaried,3,A,885,West,40
B009300,Low,184274,Business Owner,10,E,521,South,42
B009301,Upper-Middle,1112590,Salaried,12,C,703,North,59
B009302,Lower-Middle,468865,Self-Employed,9,B,772,South,44
B009303,Lower-Middle,322940,Self-Employed,12,C,689,South,49
B009304,Middle,993835,Salaried,6,D,598,North,61
B009305,Low,175326,Salaried,27,G,300,North,29
B009306,Middle,619902,Self-Employed,8,E,483,West,37
B009307,Upper-Middle,1267290,Self-Employed,4,E,475,West,47
B009308,High,2847450,Salaried,29,D,577,South,50
B009309,Lower-Middle,547525,Salaried,29,C,666,South,29
B009310,Middle,846703,Salaried,6,G,325,Central,26
B009311,Lower-Middle,595053,Self-Employed,8,A,839,South,40
B009312,Middle,759963,Salaried,2,E,433,West,39
B009313,Lower-Middle,328091,Business Owner,10,B,768,Central,35
B009314,Middle,964368,Freelancer,25,D,573,Central,61
B009315,Low,236128,Unemployed,6,G,322,Central,29
B009316,High,2924021,Salaried,15,E,461,North,54
B009317,Upper-Middle,1360770,Salaried,20,E,501,Central,60
B009318,Lower-Middle,356329,Freelancer,27,E,469,West,61
B009319,Upper-Middle,1294276,Self-Employed,5,C,628,South,59
B009320,Low,198833,Salaried,1,C,661,Central,26
B009321,Upper-Middle,1285718,Business Owner,18,D,536,South,53
B009322,Lower-Middle,382771,Self-Employed,16,C,653,Central,41
B009323,Low,225080,Business Owner,2,C,673,East,64
B009324,Middle,900336,Freelancer,9,B,726,West,44
B009325,Middle,984025,Unemployed,12,F,408,East,28
B009326,Middle,646999,Salaried,10,E,455,Central,25
B009327,Middle,950816,Salaried,23,A,826,East,51
B009328,Low,201684,Self-Employed,22,D,553,North,43
B009329,Low,227802,Self-Employed,16,E,505,Central,35
B009330,Middle,646287,Self-Employed,22,F,405,North,37
B009331,Middle,654886,Salaried,16,C,658,West,55
B009332,Low,272310,Self-Employed,14,D,526,East,21
B009333,Lower-Middle,454135,Self-Employed,18,C,668,West,28
B009334,Middle,696540,Freelancer,1,E,459,South,25
B009335,Middle,969355,Business Owner,0,F,368,South,44
B009336,Upper-Middle,1690109,Salaried,28,A,865,Central,42
B009337,Lower-Middle,413614,Self-Employed,18,C,648,North,55
B009338,Middle,680867,Self-Employed,0,B,761,North,25
B009339,Middle,741936,Salaried,27,C,647,East,42
B009340,Lower-Middle,507878,Salaried,15,A,872,South,38
B009341,Low,198997,Self-Employed,12,E,503,East,54
B009342,Low,221318,Business Owner,6,C,695,South,64
B009343,Upper-Middle,1759531,Salaried,21,D,609,South,29
B009344,Lower-Middle,582767,Freelancer,14,E,452,West,40
B009345,Middle,781466,Unemployed,28,E,539,West,43
B009346,Middle,959832,Business Owner,2,C,608,North,45
B009347,Lower-Middle,415691,Freelancer,22,E,475,North,30
B009348,Upper-Middle,1385519,Salaried,0,D,569,Central,39
B009349,Middle,684991,Freelancer,18,B,716,Central,52
B009350,Low,187043,Freelancer,25,A,837,Central,25
B009351,Upper-Middle,1556166,Self-Employed,17,E,513,South,53
B009352,Middle,911658,Salaried,6,B,763,East,56
B009353,Lower-Middle,471213,Salaried,15,B,719,North,63
B009354,Middle,856058,Salaried,7,C,661,North,53
B009355,Middle,724476,Business Owner,15,F,423,East,32
B009356,Lower-Middle,570334,Salaried,0,E,470,North,40
B009357,High,3322639,Business Owner,28,E,480,North,56
B009358,Middle,947941,Business Owner,24,C,681,South,29
B009359,Middle,908918,Salaried,0,E,509,North,53
B009360,Low,220294,Salaried,16,C,686,North,53
B009361,Lower-Middle,501993,Self-Employed,15,G,301,North,24
B009362,Lower-Middle,341831,Salaried,24,D,538,East,35
B009363,Middle,746192,Freelancer,10,D,586,East,34
B009364,Middle,839663,Freelancer,13,F,362,East,42
B009365,Upper-Middle,1138613,Salaried,10,F,396,South,53
B009366,Lower-Middle,546366,Self-Employed,19,A,829,North,32
B009367,Middle,751232,Business Owner,11,B,755,Central,23
B009368,Upper-Middle,1734096,Freelancer,15,D,611,Central,39
B009369,Upper-Middle,1661279,Self-Employed,1,A,857,East,62
B009370,Upper-Middle,1216281,Unemployed,23,C,697,West,61
B009371,Upper-Middle,1007390,Self-Employed,4,B,741,Central,39
B009372,Low,160031,Salaried,10,D,587,West,34
B009373,Middle,631842,Self-Employed,20,D,553,East,37
B009374,High,2441768,Business Owner,3,B,754,West,38
B009375,Middle,608382,Unemployed,19,D,592,Central,32
B009376,Lower-Middle,439854,Salaried,7,C,621,Central,43
B009377,High,3082970,Salaried,28,G,306,North,44
B009378,Low,267478,Self-Employed,16,A,862,West,33
B009379,Lower-Middle,567209,Freelancer,16,E,478,Central,52
B009380,Low,154009,Self-Employed,8,G,330,North,63
B009381,Middle,993622,Salaried,25,D,577,Central,53
B009382,Lower-Middle,471633,Freelancer,4,D,544,South,25
B009383,Middle,860743,Self-Employed,19,B,767,Central,40
B009384,High,2294854,Freelancer,26,C,671,East,26
B009385,Middle,790007,Business Owner,15,B,756,East,36
B009386,Middle,737692,Salaried,9,D,578,North,48
B009387,Upper-Middle,1323029,Freelancer,23,F,418,West,62
B009388,Upper-Middle,1293350,Salaried,1,A,849,Central,47
B009389,Lower-Middle,349291,Unemployed,5,D,595,Central,31
B009390,Low,199398,Salaried,17,E,527,South,33
B009391,Middle,895722,Business Owner,8,C,688,West,43
B009392,Upper-Middle,1217391,Salaried,22,D,580,West,24
B009393,Middle,896948,Salaried,3,C,668,Central,30
B009394,Lower-Middle,439545,Unemployed,5,D,572,Central,26
B009395,Upper-Middle,1778026,Salaried,22,A,851,West,64
B009396,Middle,744327,Salaried,14,D,583,South,30
B009397,Middle,985546,Freelancer,23,D,562,North,42
B009398,Upper-Middle,1040220,Salaried,3,B,747,East,38
B009399,Upper-Middle,1078682,Self-Employed,14,D,558,West,52
B009400,Middle,703943,Unemployed,5,C,688,South,45
B009401,Middle,952728,Salaried,24,D,585,West,32
B009402,Middle,893283,Salaried,7,D,579,Central,48
B009403,Middle,709515,Self-Employed,20,C,653,East,57
B009404,Middle,602990,Self-Employed,23,E,505,West,51
B009405,Middle,928083,Salaried,20,C,654,South,32
B009406,Middle,941318,Self-Employed,5,C,652,Central,23
B009407,Middle,704210,Salaried,4,C,688,Central,52
B009408,Low,153567,Salaried,2,D,570,North,45
B009409,Middle,988380,Salaried,25,E,496,South,24
B009410,Middle,748872,Freelancer,11,E,477,West,22
B009411,Lower-Middle,368274,Salaried,5,A,844,West,27
B009412,Lower-Middle,590156,Salaried,29,D,579,East,49
B009413,Lower-Middle,522744,Freelancer,7,B,786,East,32
B009414,High,2168756,Salaried,16,E,499,East,35
B009415,Upper-Middle,1366210,Freelancer,20,G,322,East,64
B009416,Middle,768644,Freelancer,15,D,592,Central,47
B009417,Lower-Middle,417471,Salaried,15,C,695,North,24
B009418,Upper-Middle,1539473,Salaried,23,A,891,Central,41
B009419,Middle,651797,Salaried,2,C,683,North,35
B009420,High,2769953,Salaried,14,D,557,West,56
B009421,Low,230892,Salaried,28,F,407,South,45
B009422,Low,243412,Salaried,21,D,613,North,25
B009423,Middle,660121,Salaried,14,G,300,North,34
B009424,Lower-Middle,549449,Business Owner,1,C,712,South,44
B009425,Middle,822624,Salaried,12,A,868,North,35
B009426,Upper-Middle,1766876,Salaried,8,D,588,North,34
B009427,Low,205095,Salaried,7,B,753,South,64
B009428,Lower-Middle,574500,Salaried,12,B,747,South,21
B009429,Middle,638799,Business Owner,6,A,875,East,34
B009430,Upper-Middle,1776826,Self-Employed,9,D,548,West,44
B009431,Middle,910824,Salaried,14,B,815,North,54
B009432,Lower-Middle,430338,Self-Employed,0,G,333,South,55
B009433,Middle,630334,Salaried,3,E,503,South,30
B009434,Middle,922082,Freelancer,14,E,500,South,48
B009435,Upper-Middle,1337436,Salaried,6,C,653,East,51
B009436,Middle,853269,Business Owner,7,A,855,South,23
B009437,Lower-Middle,431593,Salaried,9,D,544,South,45
B009438,Upper-Middle,1181345,Salaried,13,A,824,North,49
B009439,Middle,631520,Self-Employed,2,C,630,West,28
B009440,Low,298191,Salaried,25,A,852,South,52
B009441,Middle,701870,Self-Employed,7,D,569,Central,38
B009442,High,2792315,Self-Employed,3,D,575,North,24
B009443,Middle,828409,Salaried,22,D,585,South,40
B009444,Lower-Middle,534132,Unemployed,15,E,521,East,37
B009445,Middle,709566,Salaried,12,B,722,Central,53
B009446,Lower-Middle,530115,Freelancer,11,B,796,North,34
B009447,Middle,650070,Salaried,3,C,673,South,54
B009448,Middle,926979,Salaried,9,E,478,South,53
B009449,Lower-Middle,571157,Salaried,23,B,766,North,48
B009450,Lower-Middle,570973,Self-Employed,11,F,410,East,37
B009451,High,1894017,Business Owner,20,B,789,West,26
B009452,Lower-Middle,449410,Self-Employed,3,B,756,South,30
B009453,Upper-Middle,1712002,Salaried,9,D,548,West,34
B009454,Middle,917085,Salaried,17,C,636,South,44
B009455,Middle,952331,Business Owner,0,C,688,East,62
B009456,Low,257340,Freelancer,13,A,863,Central,54
B009457,Lower-Middle,555508,Salaried,10,C,715,North,59
B009458,Low,159007,Business Owner,26,C,634,North,38
B009459,Middle,679097,Self-Employed,12,B,772,North,23
B009460,High,3392428,Self-Employed,1,C,692,Central,60
B009461,Upper-Middle,1651101,Self-Employed,26,E,498,East,62
B009462,Low,177434,Salaried,21,E,486,Central,49
B009463,Lower-Middle,541398,Salaried,14,C,662,South,42
B009464,Low,184266,Business Owner,1,G,302,Central,26
B009465,High,3261529,Freelancer,7,B,766,South,55
B009466,Lower-Middle,455319,Salaried,13,E,520,Central,63
B009467,Lower-Middle,530794,Salaried,2,G,300,East,42
B009468,Middle,773153,Salaried,10,D,571,Central,52
B009469,Middle,681240,Salaried,9,A,888,West,25
B009470,Lower-Middle,546716,Self-Employed,6,F,368,South,31
B009471,Middle,970687,Salaried,6,C,681,West,48
B009472,Low,243631,Salaried,29,B,692,North,34
B009473,Low,279702,Business Owner,24,F,388,East,25
B009474,Low,153302,Salaried,15,C,647,West,41
B009475,Lower-Middle,463603,Salaried,27,D,608,North,52
B009476,High,2648029,Business Owner,27,D,551,East,21
B009477,Middle,884589,Salaried,4,F,372,South,36
B009478,Upper-Middle,1262977,Salaried,16,D,558,West,60
B009479,Lower-Middle,304074,Salaried,19,F,387,East,23
B009480,Middle,789039,Salaried,28,B,749,North,24
B009481,High,3107799,Freelancer,25,D,565,Central,61
B009482,Lower-Middle,503353,Self-Employed,28,D,587,South,28
B009483,High,3632439,Salaried,16,C,643,East,45
B009484,Middle,999932,Salaried,2,B,771,West,44
B009485,Upper-Middle,1609994,Salaried,5,A,831,Central,47
B009486,Lower-Middle,391646,Freelancer,8,C,617,West,56
B009487,Middle,976101,Business Owner,28,D,576,West,49
B009488,Middle,871269,Self-Employed,27,C,681,South,62
B009489,High,3768305,Salaried,6,E,466,South,49
B009490,Upper-Middle,1332558,Freelancer,9,F,402,North,26
B009491,Lower-Middle,342599,Business Owner,6,D,568,Central,47
B009492,High,3299857,Salaried,14,E,475,Central,21
B009493,Upper-Middle,1108523,Salaried,28,D,595,South,37
B009494,Middle,948031,Salaried,6,F,416,Central,51
B009495,Low,246268,Self-Employed,28,E,461,West,63
B009496,Low,216393,Salaried,25,C,645,North,32
B009497,Low,169284,Salaried,27,E,508,South,25
B009498,Low,192183,Self-Employed,10,D,553,West,26
B009499,High,2421893,Self-Employed,11,E,467,Central,38
B009500,Lower-Middle,313843,Salaried,17,C,662,North,21
B009501,Middle,658460,Salaried,14,D,565,Central,35
B009502,Middle,843414,Salaried,14,F,387,East,63
B009503,Middle,615272,Salaried,20,G,303,Central,36
B009504,Lower-Middle,442183,Business Owner,19,C,664,East,53
B009505,Middle,838223,Self-Employed,16,D,585,South,27
B009506,Middle,698636,Freelancer,19,C,672,East,36
B009507,Middle,998049,Self-Employed,11,E,533,East,41
B009508,Lower-Middle,437292,Business Owner,5,A,865,South,47
B009509,Middle,901592,Salaried,20,G,308,South,44
B009510,Low,183373,Salaried,7,D,621,East,60
B009511,Middle,613654,Freelancer,26,C,648,South,63
B009512,Lower-Middle,321958,Self-Employed,9,A,898,West,61
B009513,Lower-Middle,387738,Freelancer,2,D,644,South,54
B009514,Upper-Middle,1243223,Self-Employed,23,D,602,South,44
B009515,Low,178766,Salaried,22,D,576,West,50
B009516,High,2536399,Salaried,12,D,604,East,62
B009517,Upper-Middle,1097297,Salaried,24,D,611,Central,50
B009518,Lower-Middle,565902,Self-Employed,18,C,646,South,54
B009519,Lower-Middle,391314,Freelancer,17,B,780,West,48
B009520,Low,259686,Business Owner,11,B,754,Central,45
B009521,High,3811432,Salaried,27,C,650,North,39
B009522,Middle,974374,Salaried,0,E,498,West,37
B009523,Low,234907,Salaried,10,B,762,Central,37
B009524,Middle,730521,Salaried,16,D,546,Central,62
B009525,Low,285932,Unemployed,21,A,885,South,27
B009526,Middle,988959,Business Owner,10,A,855,East,29
B009527,Middle,901059,Self-Employed,9,C,691,South,39
B009528,Low,236788,Freelancer,25,C,693,South,44
B009529,Upper-Middle,1133018,Salaried,26,B,743,Central,26
B009530,Lower-Middle,488045,Freelancer,24,F,455,North,26
B009531,Middle,694071,Self-Employed,13,C,723,East,35
B009532,Middle,671338,Salaried,19,C,646,Central,26
B009533,High,2681309,Self-Employed,29,G,311,West,56
B009534,Middle,759919,Salaried,3,B,765,West,23
B009535,High,2917452,Self-Employed,11,D,564,East,57
B009536,Lower-Middle,415484,Salaried,19,E,481,Central,34
B009537,Upper-Middle,1030413,Salaried,1,C,730,South,49
B009538,Lower-Middle,444483,Self-Employed,13,A,838,West,56
B009539,Middle,720356,Salaried,26,E,539,North,37
B009540,Low,238644,Salaried,28,C,701,North,29
B009541,High,2722059,Business Owner,7,C,682,South,54
B009542,High,2690299,Salaried,15,C,704,East,57
B009543,Lower-Middle,556766,Self-Employed,12,A,874,South,43
B009544,Middle,896459,Self-Employed,7,E,506,South,64
B009545,Middle,916712,Salaried,25,F,427,North,53
B009546,Lower-Middle,490307,Unemployed,18,F,388,East,44
B009547,Middle,952022,Salaried,1,B,756,North,55
B009548,Middle,852612,Salaried,16,G,300,West,55
B009549,Middle,611534,Salaried,0,D,600,West,51
B009550,Low,225382,Self-Employed,10,D,565,East,50
B009551,High,3064005,Salaried,1,E,454,South,57
B009552,Low,283691,Salaried,20,E,506,West,41
B009553,Middle,806316,Self-Employed,28,C,664,Central,44
B009554,Low,185452,Self-Employed,14,D,622,South,33
B009555,Low,217564,Salaried,1,D,603,South,36
B009556,Low,213418,Salaried,13,A,886,East,50
B009557,Lower-Middle,467060,Salaried,13,A,849,East,57
B009558,Middle,705919,Salaried,29,C,679,South,31
B009559,Middle,731978,Self-Employed,18,D,605,South,64
B009560,Middle,984354,Salaried,15,E,429,East,37
B009561,Middle,795335,Salaried,10,E,452,Central,51
B009562,Low,277227,Salaried,14,D,579,South,27
B009563,Low,294228,Self-Employed,26,C,629,North,54
B009564,Middle,923995,Self-Employed,24,D,561,South,46
B009565,Middle,758176,Salaried,24,B,776,East,48
B009566,Middle,679314,Self-Employed,22,E,500,Central,28
B009567,Lower-Middle,541274,Self-Employed,19,C,688,Central,45
B009568,Upper-Middle,1492575,Salaried,4,F,374,South,56
B009569,Low,197715,Salaried,27,B,784,South,32
B009570,Middle,923470,Salaried,15,E,471,West,41
B009571,Low,236343,Business Owner,0,C,685,South,45
B009572,Middle,912358,Salaried,9,B,779,West,52
B009573,Lower-Middle,452145,Salaried,25,D,634,Central,51
B009574,Middle,845005,Self-Employed,19,B,805,East,40
B009575,Low,204762,Self-Employed,17,C,689,West,41
B009576,Middle,738361,Business Owner,11,C,663,West,55
B009577,Low,258100,Salaried,24,C,675,North,21
B009578,Middle,753007,Salaried,19,C,681,West,59
B009579,Low,210840,Self-Employed,5,C,656,South,37
B009580,Low,194718,Business Owner,14,A,868,Central,41
B009581,Middle,918654,Unemployed,23,C,690,West,27
B009582,Low,274189,Self-Employed,14,C,690,North,37
B009583,Lower-Middle,347174,Salaried,25,D,553,South,41
B009584,Upper-Middle,1549032,Salaried,28,D,580,North,52
B009585,Upper-Middle,1196477,Unemployed,6,B,785,South,57
B009586,Upper-Middle,1195012,Self-Employed,27,D,600,East,63
B009587,Lower-Middle,357155,Salaried,25,A,847,Central,61
B009588,Middle,688830,Salaried,29,C,670,South,28
B009589,Upper-Middle,1316489,Self-Employed,21,D,571,East,41
B009590,Low,193930,Salaried,19,D,596,South,53
B009591,Middle,682581,Business Owner,15,B,720,East,52
B009592,Low,244191,Self-Employed,21,C,647,South,21
B009593,High,3548740,Salaried,25,C,656,West,58
B009594,Middle,773159,Unemployed,5,C,685,West,64
B009595,Middle,603093,Freelancer,11,D,617,North,63
B009596,Middle,839509,Salaried,2,E,500,Central,56
B009597,Lower-Middle,548736,Salaried,15,A,821,South,49
B009598,Lower-Middle,484041,Freelancer,7,E,485,North,62
B009599,Middle,938145,Salaried,9,F,377,West,21
B009600,Middle,604636,Freelancer,10,F,394,South,25
B009601,Middle,689407,Salaried,1,A,827,East,50
B009602,Lower-Middle,495405,Business Owner,2,F,391,North,23
B009603,Middle,750400,Self-Employed,22,B,739,Central,35
B009604,Lower-Middle,359249,Salaried,13,C,721,Central,40
B009605,Lower-Middle,574540,Self-Employed,9,C,680,South,56
B009606,High,2687864,Salaried,12,C,648,North,23
B009607,Middle,937672,Salaried,3,C,669,West,58
B009608,Middle,986281,Salaried,18,B,804,North,23
B009609,High,1859707,Salaried,27,D,602,East,54
B009610,Lower-Middle,584363,Salaried,26,D,576,South,25
B009611,High,3384699,Salaried,6,D,566,North,56
B009612,Middle,910711,Salaried,27,D,588,North,23
B009613,Middle,674113,Salaried,7,B,747,Central,61
B009614,Lower-Middle,352957,Salaried,19,D,609,West,25
B009615,Low,220991,Business Owner,7,D,644,South,41
B009616,Lower-Middle,345817,Salaried,27,A,855,North,37
B009617,Low,257555,Business Owner,19,G,313,North,38
B009618,Low,285400,Salaried,6,D,551,East,43
B009619,Middle,980510,Salaried,10,D,619,West,55
B009620,Middle,721314,Salaried,16,D,594,North,25
B009621,Low,227554,Salaried,0,D,537,West,22
B009622,Upper-Middle,1151607,Self-Employed,26,D,589,West,49
B009623,High,2540005,Self-Employed,16,E,490,North,21
B009624,Upper-Middle,1221247,Salaried,28,B,764,North,47
B009625,Upper-Middle,1412857,Salaried,20,B,750,North,26
B009626,Middle,705797,Business Owner,29,B,763,North,33
B009627,Lower-Middle,305409,Salaried,15,G,300,North,44
B009628,Lower-Middle,379608,Business Owner,24,C,673,Central,34
B009629,High,2097257,Self-Employed,20,C,691,Central,43
B009630,Middle,615775,Salaried,2,B,756,Central,64
B009631,Upper-Middle,1377712,Salaried,17,D,563,Central,39
B009632,High,3210845,Salaried,23,F,436,South,34
B009633,Lower-Middle,571532,Self-Employed,28,D,609,South,28
B009634,Lower-Middle,361825,Unemployed,3,B,735,East,60
B009635,Middle,630365,Salaried,18,E,480,Central,63
B009636,Low,259219,Freelancer,24,F,402,West,29
B009637,Middle,806969,Salaried,11,E,498,West,26
B009638,Upper-Middle,1731952,Salaried,4,D,596,West,28
B009639,Middle,786674,Self-Employed,28,D,573,Central,53
B009640,Lower-Middle,560362,Unemployed,22,E,467,East,58
B009641,Middle,626018,Salaried,10,E,498,West,22
B009642,Low,299103,Business Owner,25,D,562,East,47
B009643,Upper-Middle,1329767,Salaried,2,D,595,West,44
B009644,Low,280059,Freelancer,4,B,774,West,54
B009645,Upper-Middle,1029219,Business Owner,7,C,715,West,53
B009646,Middle,674969,Self-Employed,0,A,884,East,46
B009647,Lower-Middle,476426,Self-Employed,22,E,508,Central,39
B009648,Middle,606085,Salaried,22,G,302,East,63
B009649,Lower-Middle,467785,Freelancer,12,A,830,South,33
B009650,Middle,708342,Self-Employed,17,C,698,South,22
B009651,Upper-Middle,1424148,Salaried,26,E,501,South,55
B009652,Upper-Middle,1598992,Freelancer,10,A,831,Central,27
B009653,Low,244016,Self-Employed,13,C,675,Central,55
B009654,Middle,898040,Self-Employed,11,E,487,East,25
B009655,Upper-Middle,1277747,Self-Employed,1,C,663,South,62
B009656,Upper-Middle,1573264,Salaried,2,D,584,East,50
B009657,Lower-Middle,461101,Salaried,11,D,565,South,63
B009658,Low,226241,Salaried,22,E,461,West,34
B009659,High,3177581,Freelancer,25,B,807,North,39
B009660,Lower-Middle,451136,Self-Employed,26,B,756,East,55
B009661,Lower-Middle,433904,Business Owner,8,A,866,South,58
B009662,Upper-Middle,1252842,Salaried,5,D,542,East,26
B009663,Lower-Middle,480500,Unemployed,19,B,727,West,42
B009664,Upper-Middle,1237053,Salaried,16,D,558,East,31
B009665,Low,150061,Salaried,2,D,557,Central,36
B009666,Upper-Middle,1050011,Freelancer,22,E,465,North,23
B009667,High,3734682,Self-Employed,20,E,467,South,44
B009668,High,3661960,Freelancer,9,C,690,Central,64
B009669,High,3906523,Self-Employed,4,C,652,South,56
B009670,Upper-Middle,1357597,Salaried,28,A,796,North,52
B009671,Lower-Middle,381372,Salaried,17,E,493,West,21
B009672,High,3997071,Freelancer,8,D,568,Central,25
B009673,High,3138309,Salaried,20,C,708,Central,50
B009674,Middle,963240,Self-Employed,29,E,488,Central,49
B009675,Lower-Middle,407191,Salaried,21,C,702,East,26
B009676,Low,265887,Salaried,3,C,664,Central,40
B009677,Middle,911875,Business Owner,12,C,655,North,62
B009678,Middle,863201,Freelancer,1,C,685,North,61
B009679,Lower-Middle,372808,Salaried,12,E,459,West,50
B009680,Lower-Middle,549536,Salaried,14,E,518,North,26
B009681,Middle,787733,Salaried,28,D,570,East,31
B009682,Low,263112,Salaried,0,D,541,West,22
B009683,High,2992996,Business Owner,29,A,863,North,27
B009684,Lower-Middle,331938,Salaried,23,C,665,North,27
B009685,Low,215601,Salaried,9,D,550,North,60
B009686,Low,206843,Business Owner,21,C,680,Central,62
B009687,Upper-Middle,1741393,Business Owner,23,E,478,South,55
B009688,Upper-Middle,1669577,Salaried,0,D,598,West,61
B009689,Low,197570,Freelancer,26,C,667,Central,45
B009690,Low,241542,Salaried,2,C,681,Central,24
B009691,Lower-Middle,432421,Salaried,16,E,483,South,55
B009692,Lower-Middle,496860,Freelancer,13,A,812,Central,44
B009693,Upper-Middle,1347010,Salaried,12,E,512,South,26
B009694,Low,211103,Unemployed,29,A,831,Central,51
B009695,Middle,911015,Self-Employed,1,B,710,South,32
B009696,Lower-Middle,584961,Freelancer,24,E,480,North,21
B009697,Middle,618143,Salaried,24,C,653,East,25
B009698,Lower-Middle,306472,Salaried,10,C,692,Central,21
B009699,Low,228340,Freelancer,4,C,653,West,40
B009700,Lower-Middle,516732,Business Owner,9,A,847,North,23
B009701,Low,287410,Freelancer,22,D,594,Central,45
B009702,Low,193685,Salaried,21,D,581,West,51
B009703,High,2849176,Self-Employed,18,B,785,Central,53
B009704,Lower-Middle,548078,Salaried,9,E,516,West,62
B009705,Lower-Middle,402405,Salaried,27,A,827,East,63
B009706,Low,159852,Self-Employed,21,E,499,South,23
B009707,Upper-Middle,1678049,Self-Employed,1,E,531,Central,36
B009708,High,2386814,Salaried,1,F,379,South,27
B009709,Upper-Middle,1790620,Salaried,21,E,461,East,34
B009710,Middle,701270,Business Owner,24,E,507,West,41
B009711,Upper-Middle,1501997,Unemployed,20,G,300,Central,58
B009712,Lower-Middle,578785,Salaried,5,E,540,East,40
B009713,Upper-Middle,1209351,Business Owner,25,E,481,Central,31
B009714,Upper-Middle,1341038,Freelancer,10,B,737,West,30
B009715,Low,214484,Salaried,21,E,477,North,54
B009716,Middle,812684,Self-Employed,21,D,616,North,29
B009717,Lower-Middle,410790,Freelancer,8,G,300,West,52
B009718,Low,229999,Business Owner,6,E,481,East,27
B009719,Upper-Middle,1502430,Salaried,22,B,754,North,64
B009720,Low,195483,Self-Employed,29,B,696,West,32
B009721,Upper-Middle,1498284,Business Owner,18,C,658,Central,64
B009722,High,2255846,Self-Employed,10,D,575,North,58
B009723,Middle,704235,Salaried,10,D,558,Central,44
B009724,Lower-Middle,323491,Salaried,16,B,778,West,41
B009725,Middle,944082,Business Owner,23,B,780,Central,33
B009726,Upper-Middle,1342833,Salaried,25,C,674,East,61
B009727,Lower-Middle,387515,Freelancer,24,E,461,South,62
B009728,Lower-Middle,501290,Salaried,29,C,647,Central,58
B009729,Middle,745167,Business Owner,14,A,877,East,57
B009730,High,2889669,Salaried,27,D,638,Central,44
B009731,Lower-Middle,410101,Business Owner,20,A,873,South,44
B009732,Lower-Middle,381455,Freelancer,27,D,592,West,57
B009733,High,3933561,Salaried,1,E,466,East,45
B009734,Low,151425,Salaried,21,B,762,East,28
B009735,Low,198492,Freelancer,28,E,457,Central,22
B009736,Middle,866029,Business Owner,3,D,594,East,49
B009737,Low,219293,Self-Employed,28,A,841,Central,61
B009738,Lower-Middle,448912,Salaried,7,B,730,East,62
B009739,Middle,832954,Freelancer,14,B,749,North,36
B009740,Middle,904946,Business Owner,20,B,770,West,48
B009741,Middle,640976,Salaried,2,C,675,West,47
B009742,Lower-Middle,318036,Salaried,19,F,401,South,42
B009743,Middle,733502,Salaried,21,B,768,North,47
B009744,Middle,782814,Business Owner,19,F,373,South,49
B009745,Upper-Middle,1654149,Business Owner,8,D,554,East,25
B009746,Upper-Middle,1009426,Salaried,3,D,558,East,27
B009747,Middle,852405,Salaried,19,D,546,West,31
B009748,Upper-Middle,1268966,Salaried,7,E,490,South,33
B009749,Upper-Middle,1359246,Salaried,4,G,300,North,50
B009750,Low,235288,Freelancer,18,A,856,Central,32
B009751,High,2279768,Business Owner,8,C,630,South,53
B009752,Upper-Middle,1164704,Salaried,14,B,778,South,26
B009753,Lower-Middle,530930,Salaried,26,B,766,West,45
B009754,Low,274798,Salaried,19,B,722,East,52
B009755,Middle,704681,Self-Employed,7,E,501,East,55
B009756,Lower-Middle,488824,Salaried,7,A,847,South,48
B009757,Upper-Middle,1412902,Salaried,28,E,518,Central,54
B009758,Middle,838408,Freelancer,16,E,487,East,59
B009759,Low,279569,Self-Employed,12,C,628,South,46
B009760,Lower-Middle,479373,Business Owner,0,C,659,South,51
B009761,Upper-Middle,1687205,Salaried,11,D,575,East,30
B009762,Low,220828,Salaried,1,A,837,West,56
B009763,Upper-Middle,1050560,Freelancer,9,C,683,South,30
B009764,Lower-Middle,347724,Business Owner,9,B,785,Central,27
B009765,Middle,858384,Business Owner,5,B,772,South,26
B009766,Middle,751693,Self-Employed,0,D,554,West,23
B009767,Lower-Middle,441324,Salaried,27,B,769,Central,57
B009768,Middle,896928,Self-Employed,12,C,668,South,37
B009769,Middle,849773,Salaried,15,E,470,East,28
B009770,Low,260100,Salaried,9,D,616,East,26
B009771,Lower-Middle,311124,Salaried,13,C,672,West,45
B009772,Upper-Middle,1743627,Salaried,14,A,830,South,54
B009773,Middle,745869,Salaried,4,A,847,West,24
B009774,Middle,884353,Salaried,2,D,585,West,40
B009775,Upper-Middle,1332345,Salaried,9,C,712,South,39
B009776,Low,181503,Freelancer,13,E,503,Central,62
B009777,Low,232460,Freelancer,29,A,834,North,21
B009778,Middle,634620,Salaried,5,E,507,Central,24
B009779,Middle,619133,Salaried,5,B,764,South,31
B009780,Upper-Middle,1222754,Business Owner,13,C,631,Central,62
B009781,Lower-Middle,428316,Salaried,27,E,456,South,22
B009782,Middle,698212,Business Owner,5,E,470,East,53
B009783,Middle,996028,Salaried,15,D,555,North,41
B009784,Lower-Middle,308441,Self-Employed,19,A,823,Central,56
B009785,Middle,947307,Salaried,29,D,591,West,31
B009786,Middle,769477,Business Owner,5,E,514,South,42
B009787,Lower-Middle,526671,Salaried,12,C,638,West,42
B009788,Lower-Middle,572707,Salaried,1,B,756,North,37
B009789,Lower-Middle,476362,Salaried,11,D,610,West,35
B009790,Upper-Middle,1398709,Salaried,29,E,512,East,52
B009791,Lower-Middle,489059,Unemployed,18,D,572,Central,27
B009792,Low,295962,Salaried,20,B,748,East,64
B009793,Low,162145,Salaried,18,F,438,South,60
B009794,Low,234869,Self-Employed,23,F,434,West,22
B009795,Lower-Middle,444728,Salaried,4,D,618,West,60
B009796,Middle,927748,Freelancer,1,A,845,Central,47
B009797,Low,165835,Business Owner,19,B,754,West,61
B009798,Lower-Middle,492319,Salaried,19,D,552,Central,31
B009799,Low,195080,Self-Employed,13,E,496,West,58
B009800,Lower-Middle,528293,Self-Employed,15,C,659,West,38
B009801,Low,159901,Salaried,2,C,670,Central,42
B009802,Middle,935742,Self-Employed,27,F,342,West,46
B009803,Middle,600176,Salaried,5,C,660,East,55
B009804,Upper-Middle,1707621,Salaried,20,F,433,North,30
B009805,Lower-Middle,444809,Self-Employed,10,D,584,South,22
B009806,Upper-Middle,1740077,Self-Employed,6,D,511,North,21
B009807,Middle,603658,Self-Employed,1,B,777,South,59
B009808,Low,288212,Salaried,4,C,701,North,24
B009809,Lower-Middle,462983,Business Owner,21,G,300,West,23
B009810,Upper-Middle,1053051,Salaried,6,E,496,South,22
B009811,Lower-Middle,595560,Self-Employed,18,C,662,South,35
B009812,Lower-Middle,384303,Salaried,18,D,592,Central,22
B009813,Middle,673657,Self-Employed,4,A,867,East,41
B009814,Low,160106,Salaried,13,E,486,West,28
B009815,High,2938172,Salaried,14,A,852,North,33
B009816,Low,251380,Salaried,28,C,715,West,40
B009817,Low,195056,Salaried,25,C,771,Central,42
B009818,Low,254234,Salaried,22,D,600,North,40
B009819,Lower-Middle,553451,Salaried,10,C,678,North,24
B009820,Upper-Middle,1363319,Salaried,3,G,300,West,21
B009821,Upper-Middle,1771699,Self-Employed,8,E,489,West,54
B009822,High,2034669,Unemployed,28,G,312,West,22
B009823,Middle,891607,Freelancer,11,D,584,South,38
B009824,Lower-Middle,520981,Unemployed,22,C,616,South,32
B009825,Lower-Middle,467188,Freelancer,3,G,300,North,22
B009826,Low,170934,Salaried,0,A,845,South,23
B009827,Upper-Middle,1435006,Salaried,13,F,392,West,25
B009828,Middle,666095,Salaried,27,A,860,West,30
B009829,Middle,634033,Salaried,24,E,536,East,54
B009830,Middle,816342,Business Owner,19,E,506,North,22
B009831,Upper-Middle,1485812,Freelancer,5,D,593,Central,56
B009832,Lower-Middle,540896,Self-Employed,11,E,510,East,24
B009833,Middle,681816,Freelancer,6,A,886,North,28
B009834,Middle,972826,Self-Employed,1,C,743,Central,50
B009835,Upper-Middle,1456804,Salaried,3,C,678,East,62
B009836,Low,246748,Salaried,24,G,318,North,26
B009837,Low,175075,Freelancer,1,C,680,East,50
B009838,Middle,920299,Self-Employed,6,A,861,North,40
B009839,Upper-Middle,1526006,Salaried,11,B,744,North,55
B009840,High,2206821,Salaried,14,E,494,East,56
B009841,Middle,800570,Business Owner,26,F,383,North,52
B009842,Lower-Middle,415824,Business Owner,28,F,427,North,23
B009843,Lower-Middle,599416,Self-Employed,29,B,841,East,34
B009844,Middle,993736,Unemployed,22,D,590,West,32
B009845,Lower-Middle,477354,Salaried,2,C,693,South,52
B009846,Middle,754262,Freelancer,16,E,522,North,48
B009847,Upper-Middle,1381348,Self-Employed,23,E,465,West,43
B009848,Lower-Middle,379606,Business Owner,11,C,691,North,28
B009849,Lower-Middle,532025,Freelancer,25,D,592,South,27
B009850,Low,225492,Business Owner,19,C,634,East,43
B009851,Lower-Middle,466983,Salaried,18,C,667,North,64
B009852,Middle,618085,Freelancer,18,C,606,Central,51
B009853,Lower-Middle,325538,Self-Employed,8,C,628,West,28
B009854,Low,182193,Salaried,7,C,639,South,62
B009855,Low,215728,Self-Employed,2,C,634,West,33
B009856,Low,215683,Salaried,24,D,616,North,63
B009857,Middle,939774,Self-Employed,25,D,550,Central,56
B009858,Middle,911808,Salaried,3,F,407,South,28
B009859,Middle,853766,Salaried,5,C,667,Central,23
B009860,Middle,612588,Salaried,6,D,577,North,59
B009861,Low,232706,Business Owner,18,G,300,South,21
B009862,Middle,993955,Salaried,4,C,652,North,23
B009863,Low,224814,Self-Employed,1,E,509,West,42
B009864,High,3013901,Self-Employed,18,G,300,East,40
B009865,Low,157070,Salaried,1,E,516,North,39
B009866,Lower-Middle,378655,Salaried,1,A,839,Central,41
B009867,Low,240844,Salaried,1,B,765,South,30
B009868,Upper-Middle,1691870,Freelancer,28,C,687,Central,24
B009869,Low,264182,Freelancer,29,D,613,South,38
B009870,High,3640073,Salaried,18,D,561,West,34
B009871,Low,268742,Salaried,13,B,749,Central,38
B009872,Upper-Middle,1500789,Self-Employed,27,C,631,Central,55
B009873,Middle,812752,Salaried,2,C,680,West,21
B009874,Lower-Middle,407500,Salaried,3,D,631,East,30
B009875,Lower-Middle,542656,Salaried,14,C,657,Central,61
B009876,Lower-Middle,430403,Self-Employed,6,B,754,Central,48
B009877,Upper-Middle,1432021,Salaried,14,D,592,East,43
B009878,Upper-Middle,1799120,Freelancer,22,A,848,Central,63
B009879,Low,192443,Salaried,0,D,600,North,39
B009880,Lower-Middle,427187,Salaried,25,C,669,West,23
B009881,Lower-Middle,324334,Freelancer,26,D,605,Central,62
B009882,Low,200432,Salaried,8,E,478,South,21
B009883,Middle,958111,Salaried,26,B,762,Central,55
B009884,Lower-Middle,380740,Salaried,21,B,736,West,32
B009885,Lower-Middle,550857,Self-Employed,8,F,384,North,55
B009886,Upper-Middle,1429457,Self-Employed,25,E,493,Central,25
B009887,Upper-Middle,1433738,Self-Employed,29,C,670,West,34
B009888,Upper-Middle,1786097,Salaried,9,E,515,East,24
B009889,Low,220051,Salaried,22,C,678,South,47
B009890,High,2468997,Salaried,10,D,577,South,39
B009891,Middle,857640,Salaried,17,E,478,East,30
B009892,Middle,800753,Salaried,12,A,854,South,49
B009893,Low,221224,Salaried,0,D,603,East,21
B009894,Upper-Middle,1713981,Business Owner,22,C,653,West,53
B009895,Middle,895014,Self-Employed,0,D,649,South,25
B009896,Upper-Middle,1333995,Self-Employed,10,C,636,Central,25
B009897,Middle,672760,Self-Employed,19,F,380,South,33
B009898,Upper-Middle,1058204,Salaried,3,D,568,East,46
B009899,Middle,699155,Self-Employed,8,E,513,East,58
B009900,High,3947286,Salaried,16,B,796,North,52
B009901,Lower-Middle,334672,Self-Employed,9,C,662,East,35
B009902,Lower-Middle,599263,Salaried,1,E,468,North,48
B009903,Middle,853806,Self-Employed,17,B,737,Central,57
B009904,Middle,796508,Freelancer,16,G,334,Central,41
B009905,Middle,939415,Salaried,0,D,549,South,53
B009906,Middle,720989,Salaried,8,F,407,South,40
B009907,Middle,621977,Freelancer,16,B,770,South,39
B009908,Upper-Middle,1141656,Salaried,20,C,679,Central,55
B009909,Lower-Middle,540024,Salaried,7,C,650,Central,55
B009910,Upper-Middle,1464248,Salaried,5,G,300,North,31
B009911,Low,220359,Salaried,8,B,760,North,25
B009912,Middle,903275,Self-Employed,22,E,506,North,29
B009913,Upper-Middle,1384291,Business Owner,8,D,571,East,61
B009914,Lower-Middle,441574,Business Owner,27,E,506,South,23
B009915,Lower-Middle,574945,Salaried,1,G,306,South,56
B009916,Lower-Middle,471497,Business Owner,22,E,505,South,38
B009917,Middle,859689,Business Owner,28,B,734,East,59
B009918,Lower-Middle,490746,Salaried,9,E,484,Central,50
B009919,Low,191278,Self-Employed,8,D,623,Central,52
B009920,Upper-Middle,1798719,Salaried,16,D,565,South,44
B009921,Lower-Middle,312276,Salaried,19,C,679,Central,39
B009922,Middle,727265,Business Owner,25,E,489,West,24
B009923,Middle,737666,Business Owner,26,C,657,Central,34
B009924,Low,296885,Freelancer,23,E,511,Central,64
B009925,Low,239929,Salaried,11,C,653,North,39
B009926,High,2624435,Salaried,1,D,607,West,37
B009927,Middle,727881,Salaried,15,B,778,West,64
B009928,Low,163240,Salaried,1,A,816,Central,21
B009929,Upper-Middle,1026135,Salaried,22,G,330,West,48
B009930,Middle,662813,Self-Employed,3,E,493,North,47
B009931,Low,219033,Self-Employed,2,B,733,South,51
B009932,Middle,715453,Salaried,13,D,567,West,21
B009933,Middle,993879,Salaried,17,E,470,South,56
B009934,Lower-Middle,383401,Salaried,5,D,589,East,60
B009935,Upper-Middle,1667588,Business Owner,17,C,718,West,49
B009936,Lower-Middle,555872,Salaried,21,E,490,Central,47
B009937,Lower-Middle,364707,Salaried,4,A,836,North,44
B009938,Lower-Middle,368045,Salaried,26,D,579,West,35
B009939,Upper-Middle,1570009,Salaried,5,C,667,Central,61
B009940,Middle,984848,Salaried,0,D,594,West,35
B009941,Upper-Middle,1424655,Business Owner,27,C,659,North,55
B009942,Lower-Middle,412835,Salaried,22,B,687,South,25
B009943,Upper-Middle,1024530,Salaried,22,G,312,East,26
B009944,Middle,915887,Salaried,1,F,392,West,39
B009945,Lower-Middle,376665,Salaried,14,F,372,West,22
B009946,Low,179851,Freelancer,2,E,483,Central,43
B009947,Upper-Middle,1170312,Self-Employed,23,A,881,Central,46
B009948,Lower-Middle,501552,Salaried,12,D,558,North,27
B009949,Middle,764755,Self-Employed,26,C,667,West,47
B009950,Middle,923522,Salaried,29,C,659,North,50
B009951,Low,163697,Salaried,9,B,725,North,29
B009952,High,3310611,Salaried,8,B,766,South,35
B009953,Upper-Middle,1694668,Business Owner,29,B,758,West,56
B009954,Middle,940852,Business Owner,15,B,817,Central,23
B009955,Middle,667440,Salaried,21,E,508,West,50
B009956,Middle,839260,Business Owner,29,F,420,East,31
B009957,Upper-Middle,1763826,Salaried,12,C,649,North,52
B009958,Low,269824,Salaried,18,B,779,South,22
B009959,Lower-Middle,558479,Salaried,23,B,774,West,57
B009960,Lower-Middle,578509,Salaried,10,E,430,Central,61
B009961,Middle,644991,Salaried,19,C,698,North,46
B009962,Middle,673632,Freelancer,9,D,577,North,41
B009963,Low,269316,Salaried,23,B,737,East,51
B009964,High,3545635,Salaried,8,E,487,Central,63
B009965,Low,165240,Salaried,14,D,564,South,50
B009966,Low,278744,Salaried,2,B,768,West,48
B009967,Lower-Middle,392692,Salaried,25,F,390,Central,43
B009968,Middle,969659,Salaried,3,D,623,East,22
B009969,Low,159297,Salaried,1,B,803,West,26
B009970,Middle,842610,Salaried,21,D,586,South,28
B009971,Middle,993712,Salaried,5,C,684,West,23
B009972,Low,238303,Self-Employed,16,F,442,East,44
B009973,High,2052671,Freelancer,29,C,662,Central,38
B009974,Lower-Middle,326937,Salaried,3,F,396,South,21
B009975,Middle,829010,Self-Employed,6,E,505,East,44
B009976,Low,259054,Self-Employed,12,D,579,North,47
B009977,Middle,920092,Self-Employed,24,B,767,West,29
B009978,Upper-Middle,1465798,Self-Employed,7,A,842,East,59
B009979,Low,195703,Salaried,29,F,375,South,34
B009980,Low,165194,Freelancer,12,D,555,North,35
B009981,Lower-Middle,497320,Salaried,21,G,340,Central,61
B009982,Low,233342,Salaried,18,D,590,Central,57
B009983,High,2368146,Self-Employed,14,D,603,East,37
B009984,Middle,980194,Freelancer,3,G,300,East,61
B009985,Middle,826606,Salaried,12,E,502,West,47
B009986,High,3520738,Unemployed,21,C,685,North,32
B009987,Upper-Middle,1485452,Self-Employed,5,E,474,South,41
B009988,Upper-Middle,1123960,Self-Employed,1,C,658,West,41
B009989,Lower-Middle,579263,Business Owner,15,D,617,West,22
B009990,Lower-Middle,472738,Business Owner,0,B,755,South,34
B009991,Lower-Middle,494546,Self-Employed,9,G,328,East,50
B009992,Lower-Middle,455041,Business Owner,25,F,379,North,33
B009993,Lower-Middle,531318,Salaried,6,F,436,West,47
B009994,Low,291555,Freelancer,21,C,661,South,21
B009995,Lower-Middle,398981,Business Owner,2,E,486,Central,30
B009996,Lower-Middle,555213,Self-Employed,2,C,682,South,31
B009997,Lower-Middle,335289,Salaried,11,C,740,North,49
B009998,Low,213898,Salaried,1,E,478,East,55
B009999,Lower-Middle,568978,Salaried,21,A,851,North,38
B010000,Middle,833246,Salaried,24,A,882,South,60
B010001,Middle,615491,Self-Employed,4,D,584,East,63
B010002,Middle,746811,Freelancer,2,E,493,North,33
B010003,Lower-Middle,515798,Self-Employed,17,C,724,South,39
B010004,Low,198711,Salaried,22,D,614,Central,22
B010005,Lower-Middle,372305,Freelancer,4,F,456,South,36
B010006,Low,270240,Freelancer,18,A,837,South,54
B010007,Lower-Middle,374012,Self-Employed,8,E,514,East,56
B010008,High,2248289,Salaried,25,D,583,South,51
B010009,Lower-Middle,508252,Self-Employed,19,C,669,Central,41
B010010,Lower-Middle,507738,Salaried,13,A,852,East,33
B010011,Middle,600620,Salaried,15,C,690,South,43
B010012,Middle,824828,Self-Employed,17,E,493,West,56
B010013,Low,159497,Self-Employed,10,D,561,North,60
B010014,Low,286461,Salaried,4,B,741,West,54
B010015,High,3424270,Freelancer,20,B,733,East,40
B010016,Low,260203,Freelancer,26,E,492,North,25
B010017,Middle,896088,Self-Employed,16,C,688,South,53
B010018,Upper-Middle,1148329,Salaried,10,A,880,East,42
B010019,Lower-Middle,331822,Salaried,26,G,324,North,23
B010020,Middle,779497,Self-Employed,6,B,768,West,28
B010021,Low,254913,Business Owner,12,E,521,Central,64
B010022,Lower-Middle,597877,Salaried,0,A,817,North,28
B010023,Lower-Middle,383554,Salaried,19,B,775,South,39
B010024,High,3798784,Salaried,13,C,683,North,37
B010025,Lower-Middle,323061,Salaried,24,E,462,North,42
B010026,Low,195133,Self-Employed,0,E,445,West,27
B010027,High,2703674,Salaried,19,C,670,South,37
B010028,Low,203063,Salaried,18,E,508,East,57
B010029,Upper-Middle,1666682,Salaried,14,E,458,South,25
B010030,Middle,774665,Freelancer,22,D,565,North,40
B010031,Middle,907408,Salaried,1,D,580,Central,56
B010032,Upper-Middle,1706960,Salaried,3,D,607,West,59
B010033,Middle,802469,Self-Employed,26,B,772,Central,59
B010034,Low,207618,Freelancer,13,E,501,North,45
B010035,High,1805114,Salaried,2,E,484,South,22
B010036,High,3404184,Salaried,13,E,529,East,47
B010037,Upper-Middle,1769862,Self-Employed,14,E,501,Central,62
B010038,Middle,695309,Salaried,4,E,477,Central,46
B010039,Middle,974477,Freelancer,6,E,480,East,50
B010040,Middle,992415,Self-Employed,15,F,397,North,29
B010041,Low,249399,Salaried,22,D,574,Central,52
B010042,Middle,854677,Freelancer,19,E,448,East,27
B010043,Middle,935988,Self-Employed,20,E,477,West,37
B010044,Middle,989498,Salaried,21,C,682,South,34
B010045,Lower-Middle,487175,Salaried,6,D,561,West,22
B010046,Middle,609013,Self-Employed,3,E,493,Central,50
B010047,Middle,904052,Freelancer,21,B,733,East,26
B010048,Lower-Middle,389711,Salaried,21,D,527,West,59
B010049,High,2920307,Salaried,10,A,843,West,58
B010050,Middle,849536,Freelancer,19,B,765,South,27
B010051,Low,205430,Salaried,8,D,567,West,42
B010052,Low,167799,Salaried,4,C,645,East,24
B010053,Middle,816851,Salaried,3,E,506,East,29
B010054,Lower-Middle,443120,Self-Employed,5,D,579,East,58
B010055,Upper-Middle,1781397,Self-Employed,9,C,686,South,35
B010056,Low,161777,Salaried,9,A,898,Central,36
B010057,Low,280280,Salaried,29,B,772,South,60
B010058,Lower-Middle,448288,Self-Employed,22,D,592,West,32
B010059,Upper-Middle,1168190,Self-Employed,5,E,472,West,29
B010060,High,2448222,Salaried,9,D,579,West,21
B010061,Upper-Middle,1006887,Salaried,27,A,819,South,56
B010062,Middle,816637,Self-Employed,22,C,645,Central,29
B010063,Upper-Middle,1738755,Salaried,28,G,317,West,39
B010064,Low,262789,Salaried,20,F,392,North,22
B010065,Middle,716286,Freelancer,16,E,475,West,43
B010066,High,2578283,Freelancer,21,C,673,East,51
B010067,Lower-Middle,389061,Salaried,18,A,836,West,35
B010068,High,2077217,Freelancer,2,C,664,Central,24
B010069,Lower-Middle,347558,Self-Employed,12,C,677,South,30
B010070,Low,257476,Unemployed,13,D,568,Central,54
B010071,Middle,833011,Freelancer,16,A,826,Central,59
B010072,Upper-Middle,1230751,Self-Employed,5,F,431,South,51
B010073,Lower-Middle,378818,Salaried,23,E,538,South,61
B010074,Upper-Middle,1579156,Salaried,2,G,310,East,22
B010075,Low,164288,Self-Employed,28,F,396,South,55
B010076,Upper-Middle,1173443,Salaried,8,C,671,North,64
B010077,Middle,741174,Self-Employed,15,D,563,West,59
B010078,Low,281281,Salaried,19,E,519,West,64
B010079,Middle,927190,Business Owner,11,B,784,West,43
B010080,Middle,633055,Freelancer,21,A,838,West,62
B010081,Middle,822380,Salaried,1,C,662,North,40
B010082,Lower-Middle,550943,Self-Employed,27,C,680,East,31
B010083,Low,231699,Business Owner,11,D,609,East,58
B010084,High,2817750,Self-Employed,21,C,681,Central,50
B010085,Middle,956909,Freelancer,0,C,684,Central,51
B010086,Upper-Middle,1587406,Salaried,2,D,591,North,40
B010087,Middle,803582,Salaried,10,E,495,East,64
B010088,Upper-Middle,1140406,Salaried,21,B,770,Central,35
B010089,Low,176706,Salaried,26,E,510,West,47
B010090,Middle,694707,Salaried,2,F,408,East,39
B010091,Middle,834527,Business Owner,28,C,665,West,35
B010092,Low,232070,Self-Employed,24,D,639,North,51
B010093,Low,244971,Salaried,26,A,811,East,26
B010094,Middle,678927,Salaried,1,E,512,Central,25
B010095,Upper-Middle,1414964,Salaried,6,F,388,East,49
B010096,Middle,844103,Salaried,16,A,809,Central,40
B010097,Low,278645,Self-Employed,13,E,439,West,27
B010098,High,2406193,Salaried,24,B,755,Central,62
B010099,Low,191719,Business Owner,29,E,541,North,62
B010100,Lower-Middle,597836,Freelancer,10,D,626,Central,47
B010101,High,1937135,Self-Employed,19,C,656,South,37
B010102,Upper-Middle,1390563,Self-Employed,12,F,385,South,61
B010103,High,3842726,Freelancer,28,D,570,North,29
B010104,Upper-Middle,1439621,Salaried,19,A,855,South,22
B010105,Middle,832075,Salaried,14,E,539,West,47
B010106,Lower-Middle,380485,Salaried,9,B,784,South,45
B010107,Lower-Middle,520346,Salaried,1,F,417,North,33
B010108,High,3915965,Salaried,28,B,767,South,51
B010109,Upper-Middle,1372562,Self-Employed,18,D,533,North,31
B010110,Lower-Middle,559702,Salaried,5,D,532,Central,35
B010111,Lower-Middle,310415,Salaried,9,D,561,West,27
B010112,Lower-Middle,552440,Salaried,1,D,550,East,26
B010113,Lower-Middle,587331,Salaried,17,C,629,Central,25
B010114,Upper-Middle,1680099,Self-Employed,28,E,514,South,24
B010115,Low,163134,Salaried,19,B,754,Central,29
B010116,Lower-Middle,490887,Salaried,13,E,469,West,44
B010117,High,1963871,Salaried,11,A,818,South,38
B010118,Middle,627098,Self-Employed,24,E,509,West,29
B010119,Middle,630930,Salaried,24,E,489,Central,26
B010120,Lower-Middle,342873,Self-Employed,20,E,453,South,23
B010121,Low,230402,Business Owner,9,C,659,South,48
B010122,Lower-Middle,523988,Salaried,23,E,537,Central,57
B010123,Low,174438,Salaried,7,D,606,South,31
B010124,Low,150995,Self-Employed,10,G,311,East,56
B010125,Low,213969,Salaried,9,A,859,North,52
B010126,Lower-Middle,427625,Business Owner,28,E,479,West,53
B010127,Low,215721,Business Owner,27,D,573,Central,33
B010128,High,3026021,Salaried,7,G,300,North,45
B010129,Low,295754,Salaried,29,C,653,South,45
B010130,Lower-Middle,384827,Self-Employed,18,C,682,West,43
B010131,Upper-Middle,1456136,Self-Employed,25,F,436,East,53
B010132,Low,276471,Salaried,15,C,679,East,45
B010133,Middle,773987,Business Owner,10,E,514,South,46
B010134,Upper-Middle,1011909,Salaried,1,C,619,West,54
B010135,Middle,740720,Freelancer,23,F,412,East,32
B010136,Lower-Middle,511058,Business Owner,24,D,588,North,50
B010137,Upper-Middle,1149428,Salaried,13,C,651,North,50
B010138,Middle,866598,Salaried,2,E,488,South,27
B010139,Lower-Middle,315612,Salaried,17,A,883,West,52
B010140,Low,250675,Business Owner,23,A,861,North,36
B010141,Low,225005,Salaried,15,E,482,Central,51
B010142,Upper-Middle,1562085,Salaried,13,C,716,Central,51
B010143,Lower-Middle,308340,Self-Employed,26,B,761,North,32
B010144,Low,292810,Salaried,20,D,618,East,45
B010145,Middle,832081,Salaried,27,B,750,South,43
B010146,High,3270970,Business Owner,11,G,311,North,61
B010147,Low,272308,Self-Employed,15,E,527,East,28
B010148,Low,157396,Self-Employed,19,F,376,West,33
B010149,Lower-Middle,347984,Salaried,4,E,549,East,38
B010150,Middle,663083,Self-Employed,19,F,381,Central,52
B010151,Middle,662963,Self-Employed,2,C,687,West,31
B010152,Upper-Middle,1069801,Salaried,11,D,593,West,52
B010153,Low,288003,Freelancer,10,F,372,Central,27
B010154,Lower-Middle,404530,Salaried,25,D,542,Central,54
B010155,Lower-Middle,334102,Salaried,20,G,300,East,54
B010156,Lower-Middle,513690,Freelancer,28,F,395,Central,49
B010157,Middle,746660,Salaried,1,A,867,South,64
B010158,Upper-Middle,1164433,Freelancer,28,D,573,Central,60
B010159,Lower-Middle,578613,Salaried,0,C,656,West,51
B010160,Upper-Middle,1678029,Salaried,24,F,384,South,55
B010161,Low,238776,Salaried,2,F,395,North,49
B010162,Middle,799013,Salaried,5,D,571,South,56
B010163,Lower-Middle,330709,Freelancer,1,A,839,East,56
B010164,Middle,792421,Freelancer,28,C,644,North,40
B010165,Low,211929,Self-Employed,4,B,739,East,27
B010166,High,2908144,Salaried,17,D,601,Central,24
B010167,Upper-Middle,1323975,Salaried,10,G,300,South,33
B010168,Upper-Middle,1425500,Salaried,6,C,690,Central,45
B010169,Upper-Middle,1456164,Salaried,1,E,493,East,33
B010170,Low,162680,Salaried,17,E,538,South,42
B010171,Middle,683853,Salaried,8,E,494,Central,29
B010172,Lower-Middle,437193,Salaried,18,B,775,West,61
B010173,Upper-Middle,1722534,Self-Employed,20,B,734,West,39
B010174,Lower-Middle,581811,Salaried,12,B,726,South,50
B010175,Lower-Middle,470224,Salaried,13,C,718,East,45
B010176,Middle,829151,Salaried,3,A,873,Central,55
B010177,Low,229853,Self-Employed,10,D,548,North,46
B010178,Upper-Middle,1232823,Self-Employed,19,E,506,North,51
B010179,Lower-Middle,436798,Salaried,22,C,689,West,57
B010180,Middle,827960,Freelancer,5,D,620,West,48
B010181,Upper-Middle,1692962,Self-Employed,9,D,559,South,49
B010182,Middle,737869,Salaried,7,A,846,East,61
B010183,Lower-Middle,362615,Salaried,17,B,747,North,52
B010184,Low,172289,Unemployed,23,B,765,South,23
B010185,Low,197529,Salaried,26,D,570,North,56
B010186,Low,225827,Salaried,19,D,598,Central,59
B010187,Middle,993901,Self-Employed,0,C,635,South,47
B010188,Lower-Middle,358678,Salaried,4,B,764,East,56
B010189,Lower-Middle,314659,Business Owner,1,C,635,South,24
B010190,Lower-Middle,381304,Business Owner,16,A,879,East,64
B010191,High,3142119,Business Owner,3,E,483,East,59
B010192,Low,293149,Self-Employed,7,D,576,North,26
B010193,Lower-Middle,502792,Self-Employed,7,D,601,West,49
B010194,Middle,914604,Salaried,21,D,585,East,58
B010195,Low,242716,Freelancer,17,C,670,East,53
B010196,High,3919474,Salaried,10,B,745,North,31
B010197,Low,238124,Salaried,11,D,575,North,31
B010198,Middle,871204,Unemployed,5,E,466,East,23
B010199,Middle,993467,Freelancer,2,E,465,North,44
B010200,Upper-Middle,1446222,Salaried,10,E,499,East,32
B010201,Middle,694748,Salaried,11,D,547,West,46
B010202,Upper-Middle,1759602,Salaried,26,E,485,South,27
B010203,Lower-Middle,465343,Self-Employed,10,E,496,South,39
B010204,Middle,923124,Salaried,1,F,409,Central,33
B010205,Middle,761030,Salaried,15,A,792,East,27
B010206,Middle,984257,Salaried,21,B,743,South,61
B010207,Middle,915208,Freelancer,10,D,601,Central,25
B010208,Lower-Middle,490196,Freelancer,28,C,684,West,49
B010209,Lower-Middle,529679,Unemployed,4,C,671,East,40
B010210,Lower-Middle,545766,Business Owner,7,E,477,Central,46
B010211,Low,278176,Salaried,29,D,575,West,33
B010212,Lower-Middle,466622,Salaried,4,D,589,Central,59
B010213,Low,255425,Salaried,5,A,841,West,36
B010214,Middle,987529,Salaried,28,C,683,West,60
B010215,Middle,828956,Self-Employed,21,D,604,West,37
B010216,Middle,603450,Salaried,12,C,661,North,63
B010217,Middle,604631,Freelancer,7,B,774,North,53
B010218,Low,265524,Salaried,6,D,567,East,59
B010219,Low,156906,Salaried,4,F,391,West,26
B010220,Middle,873073,Business Owner,9,B,775,West,56
B010221,Upper-Middle,1712769,Self-Employed,4,C,719,Central,52
B010222,Middle,824316,Salaried,15,A,845,West,22
B010223,Middle,693174,Self-Employed,29,C,730,North,23
B010224,Middle,971458,Self-Employed,12,D,566,East,45
B010225,Upper-Middle,1404666,Salaried,25,C,696,West,49
B010226,Middle,671522,Salaried,15,C,696,Central,38
B010227,Upper-Middle,1330072,Freelancer,26,F,431,West,61
B010228,Low,265053,Salaried,11,C,661,East,23
B010229,Low,236315,Salaried,19,D,593,North,36
B010230,Lower-Middle,468359,Salaried,15,F,405,Central,24
B010231,Middle,616567,Self-Employed,23,D,576,East,64
B010232,Upper-Middle,1335875,Unemployed,27,B,758,Central,39
B010233,Lower-Middle,506129,Salaried,5,B,726,North,22
B010234,Lower-Middle,351118,Business Owner,24,F,398,West,62
B010235,Upper-Middle,1785320,Business Owner,6,F,390,South,53
B010236,Lower-Middle,308071,Salaried,17,B,754,North,40
B010237,Upper-Middle,1210114,Business Owner,16,D,550,Central,47
B010238,Low,155285,Unemployed,12,B,752,West,55
B010239,Lower-Middle,376759,Freelancer,25,B,767,Central,32
B010240,Lower-Middle,393196,Self-Employed,25,F,378,West,30
B010241,Lower-Middle,444040,Salaried,5,C,678,East,58
B010242,Low,279524,Salaried,10,B,763,West,31
B010243,Lower-Middle,390083,Salaried,28,D,571,North,50
B010244,Lower-Middle,360623,Self-Employed,26,E,505,South,58
B010245,Lower-Middle,361199,Salaried,5,E,514,South,23
B010246,Upper-Middle,1067918,Self-Employed,5,D,569,South,33
B010247,Low,172277,Business Owner,25,E,473,South,23
B010248,Lower-Middle,389081,Salaried,8,E,506,West,49
B010249,Low,184586,Freelancer,27,G,300,West,29
B010250,High,1971434,Salaried,18,D,550,West,21
B010251,Upper-Middle,1767162,Salaried,11,D,598,East,56
B010252,High,1970268,Business Owner,20,F,387,Central,22
B010253,High,3422523,Salaried,21,C,683,East,45
B010254,Lower-Middle,379776,Salaried,27,D,547,South,41
B010255,Middle,821171,Unemployed,8,E,496,Central,34
B010256,Lower-Middle,300426,Freelancer,12,G,310,South,46
B010257,Upper-Middle,1005801,Business Owner,20,C,690,Central,47
B010258,Lower-Middle,401090,Salaried,12,D,537,West,24
B010259,Lower-Middle,511191,Salaried,21,E,458,Central,24
B010260,High,3939405,Salaried,2,D,611,Central,55
B010261,Upper-Middle,1361612,Salaried,29,C,668,North,28
B010262,High,3296136,Unemployed,20,A,821,South,23
B010263,Low,235034,Salaried,21,B,770,East,29
B010264,Lower-Middle,581822,Business Owner,23,C,657,South,49
B010265,Lower-Middle,468423,Salaried,8,C,652,North,29
B010266,Lower-Middle,382346,Self-Employed,0,E,531,Central,50
B010267,Middle,882084,Salaried,18,B,748,North,62
B010268,Lower-Middle,557965,Salaried,19,A,800,South,40
B010269,Upper-Middle,1678726,Salaried,0,D,571,Central,64
B010270,Lower-Middle,540537,Freelancer,8,A,830,East,41
B010271,Middle,636856,Self-Employed,21,F,341,South,60
B010272,Upper-Middle,1372058,Self-Employed,22,B,776,Central,21
B010273,Middle,771551,Salaried,26,E,521,West,52
B010274,Lower-Middle,595344,Business Owner,2,C,679,Central,44
B010275,Lower-Middle,344222,Self-Employed,21,G,305,South,58
B010276,Low,218860,Salaried,14,D,568,South,34
B010277,Upper-Middle,1584641,Self-Employed,6,G,305,East,59
B010278,Middle,625791,Freelancer,26,C,691,Central,30
B010279,Low,283988,Freelancer,17,E,437,East,41
B010280,High,3354582,Unemployed,29,A,849,Central,25
B010281,Middle,654625,Salaried,14,C,696,Central,29
B010282,Upper-Middle,1548206,Salaried,21,C,636,Central,47
B010283,Lower-Middle,490983,Salaried,1,E,512,Central,36
B010284,High,2066345,Salaried,2,D,620,East,58
B010285,Lower-Middle,589386,Salaried,12,D,565,Central,61
B010286,Lower-Middle,452182,Salaried,16,B,726,West,26
B010287,Upper-Middle,1428308,Self-Employed,4,B,744,Central,56
B010288,Upper-Middle,1547083,Self-Employed,15,D,588,South,53
B010289,Middle,680417,Self-Employed,25,C,732,North,49
B010290,Low,239081,Unemployed,14,C,650,East,42
B010291,Lower-Middle,397791,Salaried,3,G,300,South,49
B010292,Upper-Middle,1703942,Salaried,14,B,757,West,21
B010293,Upper-Middle,1716748,Self-Employed,15,D,583,West,31
B010294,Lower-Middle,526957,Self-Employed,0,A,849,East,42
B010295,Low,175451,Salaried,18,D,538,West,58
B010296,Middle,788499,Freelancer,20,D,549,East,58
B010297,Upper-Middle,1770082,Salaried,20,E,510,West,45
B010298,Lower-Middle,408504,Self-Employed,18,E,522,East,63
B010299,Middle,729827,Freelancer,23,B,727,South,62
B010300,High,2280796,Salaried,16,C,700,North,41
B010301,Lower-Middle,321601,Self-Employed,6,B,702,North,24
B010302,Middle,630353,Salaried,21,D,586,Central,40
B010303,Middle,669934,Salaried,9,B,752,West,51
B010304,Middle,764636,Salaried,16,D,589,Central,36
B010305,Upper-Middle,1449296,Self-Employed,20,C,636,West,60
B010306,Middle,811976,Self-Employed,12,D,600,East,37
B010307,Middle,770582,Freelancer,0,C,662,Central,57
B010308,Low,280402,Self-Employed,10,F,380,West,41
B010309,Middle,931031,Salaried,3,G,300,South,39
B010310,Low,208817,Business Owner,11,C,688,Central,24
B010311,Low,226369,Salaried,7,F,398,North,33
B010312,Middle,954246,Self-Employed,15,E,498,East,49
B010313,Middle,674942,Salaried,19,B,777,North,41
B010314,High,2576377,Business Owner,11,D,562,West,36
B010315,Middle,839802,Freelancer,15,C,654,South,25
B010316,Upper-Middle,1357216,Salaried,13,E,554,North,50
B010317,Lower-Middle,467357,Self-Employed,21,F,366,Central,47
B010318,Middle,616149,Self-Employed,19,D,526,Central,48
B010319,High,2877786,Salaried,26,D,560,South,25
B010320,Lower-Middle,587263,Salaried,16,E,482,North,59
B010321,Upper-Middle,1752686,Self-Employed,18,D,598,South,30
B010322,Middle,878046,Salaried,13,C,653,Central,33
B010323,Lower-Middle,580253,Salaried,1,D,599,Central,30
B010324,Middle,902836,Business Owner,26,E,477,East,62
B010325,Lower-Middle,356535,Self-Employed,15,D,592,East,42
B010326,Low,253010,Salaried,10,B,787,West,50
B010327,Lower-Middle,597041,Freelancer,18,B,744,South,52
B010328,Lower-Middle,496485,Freelancer,8,C,691,East,48
B010329,Lower-Middle,541705,Freelancer,22,D,551,North,53
B010330,Upper-Middle,1555799,Salaried,10,C,671,East,45
B010331,Lower-Middle,311176,Salaried,28,C,674,West,48
B010332,Upper-Middle,1014794,Salaried,18,F,403,Central,29
B010333,Middle,898385,Freelancer,15,F,406,Central,39
B010334,Low,195905,Freelancer,0,C,674,South,21
B010335,Lower-Middle,444221,Business Owner,23,E,414,South,43
B010336,High,2524265,Salaried,10,C,674,South,45
B010337,Middle,679314,Salaried,1,D,538,South,44
B010338,High,2471187,Self-Employed,1,C,655,Central,61
B010339,Lower-Middle,431303,Salaried,12,D,600,North,42
B010340,Middle,716981,Self-Employed,23,D,592,South,58
B010341,Upper-Middle,1772580,Self-Employed,12,C,706,West,44
B010342,High,3877502,Business Owner,11,E,499,North,24
B010343,Low,166353,Salaried,10,C,650,South,23
B010344,High,2320276,Business Owner,4,A,817,North,34
B010345,Lower-Middle,336407,Salaried,14,F,429,South,55
B010346,Upper-Middle,1474468,Salaried,14,C,642,South,42
B010347,Middle,818011,Salaried,9,B,730,West,37
B010348,Middle,651207,Salaried,10,C,671,Central,42
B010349,Lower-Middle,494833,Salaried,22,B,789,Central,62
B010350,Upper-Middle,1282198,Salaried,27,E,491,West,29
B010351,Lower-Middle,440860,Salaried,24,C,661,West,47
B010352,Middle,890186,Salaried,20,G,300,North,51
B010353,Middle,611124,Salaried,3,C,679,West,57
B010354,Upper-Middle,1709142,Business Owner,14,C,624,East,42
B010355,Middle,645247,Salaried,21,D,543,Central,62
B010356,Middle,816633,Salaried,29,A,829,West,58
B010357,Middle,977158,Salaried,20,A,830,West,25
B010358,Middle,981432,Salaried,21,B,744,Central,32
B010359,Middle,899821,Self-Employed,26,A,873,North,31
B010360,Middle,854981,Freelancer,5,E,522,East,61
B010361,Upper-Middle,1404984,Salaried,29,F,376,Central,26
B010362,Middle,663601,Salaried,13,C,662,South,57
B010363,Lower-Middle,446913,Salaried,27,D,560,West,63
B010364,Middle,733563,Salaried,15,D,564,Central,39
B010365,Low,286212,Freelancer,25,A,862,Central,27
B010366,Lower-Middle,304140,Self-Employed,27,C,697,South,56
B010367,Upper-Middle,1482760,Self-Employed,11,G,340,South,40
B010368,Lower-Middle,551424,Freelancer,16,B,760,Central,48
B010369,Middle,618244,Self-Employed,10,A,803,South,34
B010370,High,3069056,Salaried,20,C,635,South,40
B010371,Lower-Middle,462657,Self-Employed,15,D,536,West,38
B010372,Low,158389,Business Owner,4,F,424,East,43
B010373,Low,255670,Salaried,16,C,653,North,21
B010374,Lower-Middle,424693,Self-Employed,12,C,672,North,45
B010375,Middle,777454,Salaried,26,C,707,West,33
B010376,Upper-Middle,1042695,Salaried,5,E,462,Central,31
B010377,Middle,757174,Self-Employed,14,C,661,West,61
B010378,Lower-Middle,330355,Salaried,13,C,671,East,27
B010379,Middle,887152,Salaried,14,B,723,Central,57
B010380,Low,267240,Salaried,26,B,779,Central,55
B010381,Middle,665600,Self-Employed,21,G,339,South,38
B010382,Middle,645567,Freelancer,25,D,596,Central,24
B010383,Low,295428,Self-Employed,20,A,866,Central,50
B010384,Upper-Middle,1359762,Business Owner,4,F,402,North,51
B010385,Upper-Middle,1590334,Salaried,3,G,318,West,29
B010386,Lower-Middle,368471,Self-Employed,12,B,789,North,59
B010387,Middle,664776,Salaried,28,C,697,East,35
B010388,Middle,723541,Salaried,28,G,320,Central,40
B010389,Low,262003,Self-Employed,4,A,828,Central,62
B010390,Lower-Middle,458654,Salaried,3,C,604,East,55
B010391,Middle,934016,Freelancer,13,C,703,East,40
B010392,High,1822872,Salaried,4,E,531,Central,59
B010393,Middle,819897,Self-Employed,1,C,655,North,35
B010394,Middle,770807,Salaried,2,C,698,West,33
B010395,Middle,665015,Business Owner,12,E,436,South,51
B010396,Lower-Middle,407244,Self-Employed,15,E,507,West,32
B010397,Low,223584,Salaried,11,A,860,North,45
B010398,Lower-Middle,415619,Freelancer,29,B,743,East,44
B010399,Upper-Middle,1726854,Self-Employed,23,D,629,West,43
B010400,Upper-Middle,1296226,Salaried,26,C,663,West,60
B010401,High,3724331,Self-Employed,22,D,603,West,37
B010402,Low,237603,Salaried,6,B,807,Central,51
B010403,Middle,926912,Business Owner,27,E,487,South,39
B010404,Middle,836474,Salaried,24,C,692,West,29
B010405,Lower-Middle,533732,Business Owner,29,C,669,Central,36
B010406,Lower-Middle,365039,Salaried,0,B,768,Central,38
B010407,Upper-Middle,1075488,Business Owner,20,B,736,South,28
B010408,Middle,845693,Freelancer,18,D,583,South,46
B010409,Middle,703415,Unemployed,0,D,584,East,64
B010410,Lower-Middle,439938,Business Owner,26,E,493,Central,37
B010411,Middle,696542,Self-Employed,4,D,609,Central,45
B010412,Low,246125,Salaried,10,C,677,East,29
B010413,Low,258800,Salaried,3,E,464,West,34
B010414,Middle,801571,Self-Employed,11,A,863,North,56
B010415,Lower-Middle,409520,Self-Employed,12,E,475,West,27
B010416,High,3143737,Salaried,19,D,585,West,51
B010417,Middle,937839,Self-Employed,21,B,763,South,62
B010418,Low,195122,Salaried,26,D,598,West,55
B010419,Low,170074,Self-Employed,6,G,315,Central,54
B010420,Middle,829525,Salaried,16,C,685,Central,28
B010421,Low,215664,Freelancer,18,D,584,West,24
B010422,Lower-Middle,462880,Salaried,28,C,727,West,27
B010423,Lower-Middle,436878,Salaried,15,C,662,West,57
B010424,Lower-Middle,482106,Self-Employed,17,C,657,North,25
B010425,Middle,980970,Salaried,2,B,775,South,27
B010426,Middle,686475,Salaried,10,B,749,Central,49
B010427,Low,186392,Self-Employed,6,E,510,North,23
B010428,Upper-Middle,1798451,Freelancer,25,C,640,South,60
B010429,Lower-Middle,593780,Business Owner,2,D,584,Central,51
B010430,Middle,784566,Salaried,24,B,772,West,58
B010431,Low,222306,Salaried,28,B,733,South,51
B010432,Middle,826170,Self-Employed,19,D,590,East,32
B010433,Lower-Middle,466923,Self-Employed,5,D,531,West,48
B010434,Middle,890366,Unemployed,4,D,581,South,35
B010435,Lower-Middle,457542,Salaried,11,D,610,Central,62
B010436,High,3417075,Self-Employed,0,D,559,East,42
B010437,Lower-Middle,530431,Unemployed,26,B,759,Central,47
B010438,High,2556986,Salaried,1,A,829,West,21
B010439,High,3323486,Unemployed,22,C,688,North,27
B010440,Lower-Middle,462716,Salaried,7,C,691,Central,50
B010441,Lower-Middle,586899,Self-Employed,9,B,774,North,62
B010442,Lower-Middle,462492,Salaried,7,D,599,Central,30
B010443,High,3517631,Business Owner,10,A,834,North,62
B010444,Middle,645318,Freelancer,18,C,668,Central,56
B010445,Middle,857699,Salaried,28,C,641,East,52
B010446,Low,166880,Business Owner,12,G,300,North,43
B010447,Upper-Middle,1536256,Salaried,15,F,396,South,21
B010448,Low,198987,Salaried,0,G,340,North,27
B010449,Low,245221,Self-Employed,10,D,559,East,25
B010450,Lower-Middle,430261,Self-Employed,25,G,318,South,53
B010451,Middle,927687,Salaried,0,B,738,West,32
B010452,Upper-Middle,1098168,Salaried,17,D,550,Central,56
B010453,Upper-Middle,1194691,Salaried,5,E,525,South,53
B010454,Lower-Middle,427301,Salaried,11,D,609,North,58
B010455,Lower-Middle,405041,Salaried,14,B,741,North,59
B010456,Upper-Middle,1073001,Salaried,11,D,572,West,25
B010457,Middle,772423,Business Owner,15,G,315,West,50
B010458,Low,236118,Salaried,3,D,555,Central,41
B010459,Lower-Middle,520101,Freelancer,13,B,773,North,54
B010460,Middle,679430,Salaried,15,A,810,East,23
B010461,High,2423250,Salaried,10,B,747,North,40
B010462,Middle,779566,Salaried,29,E,481,North,63
B010463,Low,275879,Salaried,23,D,591,East,21
B010464,Middle,750365,Self-Employed,15,B,791,North,41
B010465,Lower-Middle,517698,Salaried,3,F,374,North,34
B010466,Upper-Middle,1706991,Salaried,0,C,666,West,54
B010467,Lower-Middle,355283,Salaried,17,E,504,South,39
B010468,Lower-Middle,492806,Business Owner,18,E,488,South,32
B010469,Middle,670467,Salaried,1,E,485,Central,46
B010470,Lower-Middle,539854,Salaried,0,G,330,East,30
B010471,Lower-Middle,408417,Salaried,26,F,353,North,43
B010472,Middle,848084,Self-Employed,27,B,754,North,42
B010473,Upper-Middle,1741059,Unemployed,0,C,671,East,64
B010474,Upper-Middle,1199387,Salaried,15,G,309,Central,47
B010475,Lower-Middle,490618,Salaried,16,D,560,North,61
B010476,Low,231561,Salaried,20,C,692,Central,32
B010477,Middle,864472,Freelancer,9,F,407,East,22
B010478,Lower-Middle,330559,Salaried,26,D,496,West,36
B010479,Lower-Middle,330666,Business Owner,20,C,685,East,40
B010480,Upper-Middle,1676371,Business Owner,23,C,666,East,39
B010481,High,2431039,Salaried,14,E,512,South,21
B010482,Low,252101,Business Owner,16,E,523,South,21
B010483,Upper-Middle,1554501,Self-Employed,27,F,402,West,45
B010484,Middle,674698,Salaried,12,E,471,North,31
B010485,Lower-Middle,420737,Salaried,12,B,782,West,36
B010486,Middle,646567,Salaried,27,C,707,Central,55
B010487,Low,166290,Salaried,10,C,678,East,37
B010488,Low,282854,Business Owner,0,B,759,East,56
B010489,High,3228382,Self-Employed,17,E,514,Central,42
B010490,Middle,730743,Business Owner,12,B,739,North,53
B010491,Lower-Middle,467700,Salaried,0,C,672,West,33
B010492,Middle,847715,Salaried,14,F,389,West,27
B010493,High,1841970,Salaried,16,E,504,South,32
B010494,Lower-Middle,403224,Business Owner,26,C,665,Central,27
B010495,Upper-Middle,1457707,Salaried,10,A,846,East,41
B010496,Upper-Middle,1282398,Salaried,4,C,684,South,34
B010497,Lower-Middle,387852,Self-Employed,12,D,615,South,32
B010498,Middle,787048,Business Owner,20,E,506,West,30
B010499,Middle,892969,Salaried,15,D,600,Central,38
B010500,Upper-Middle,1590934,Self-Employed,20,C,696,Central,21
B010501,Lower-Middle,477868,Salaried,2,D,572,Central,37
B010502,Low,265301,Business Owner,28,C,675,North,30
B010503,Low,171384,Business Owner,9,E,487,West,44
B010504,Middle,663327,Business Owner,26,A,850,Central,42
B010505,Upper-Middle,1608441,Salaried,17,C,661,South,41
B010506,Upper-Middle,1218682,Self-Employed,14,C,666,East,47
B010507,Middle,679868,Salaried,29,D,573,North,23
B010508,Low,167259,Salaried,2,C,652,West,24
B010509,Low,215707,Unemployed,29,C,609,East,42
B010510,Upper-Middle,1434684,Salaried,25,E,491,North,37
B010511,Middle,713238,Self-Employed,10,B,799,North,34
B010512,Upper-Middle,1286032,Salaried,7,B,773,South,37
B010513,Low,294984,Salaried,11,B,756,West,31
B010514,Lower-Middle,377310,Self-Employed,22,B,727,East,26
B010515,High,2705067,Salaried,3,D,558,East,30
B010516,Low,204866,Self-Employed,16,B,714,South,62
B010517,Low,235403,Unemployed,2,A,860,West,26
B010518,Middle,930130,Business Owner,1,G,300,East,64
B010519,Middle,964765,Freelancer,14,C,698,South,50
B010520,High,2692066,Salaried,0,E,432,North,25
B010521,Upper-Middle,1334183,Unemployed,21,E,476,Central,55
B010522,Upper-Middle,1459274,Salaried,3,B,785,West,33
B010523,Low,282837,Salaried,26,D,547,South,42
B010524,Middle,632024,Salaried,8,D,547,South,21
B010525,Upper-Middle,1778099,Salaried,26,B,745,Central,21
B010526,Lower-Middle,530437,Business Owner,8,B,731,West,55
B010527,High,2806974,Salaried,12,C,659,North,46
B010528,Middle,844808,Self-Employed,6,C,612,North,39
B010529,Low,294447,Salaried,21,C,699,East,62
B010530,Middle,680183,Salaried,26,B,779,West,64
B010531,Middle,976717,Freelancer,28,D,565,North,63
B010532,Low,178017,Salaried,16,C,623,North,42
B010533,Lower-Middle,588755,Salaried,5,E,466,West,57
B010534,Middle,605706,Business Owner,3,A,867,North,24
B010535,Low,256309,Freelancer,6,D,598,East,53
B010536,Lower-Middle,309167,Salaried,3,E,473,South,57
B010537,Middle,784757,Salaried,11,C,680,Central,21
B010538,Upper-Middle,1005485,Unemployed,17,C,630,West,55
B010539,Middle,617066,Salaried,22,C,666,North,60
B010540,High,3540308,Salaried,20,C,636,North,29
B010541,High,3824059,Salaried,9,B,767,East,61
B010542,Middle,884976,Salaried,21,D,567,West,28
B010543,Low,276100,Freelancer,0,D,572,East,62
B010544,Upper-Middle,1124431,Freelancer,19,C,668,South,62
B010545,Lower-Middle,479561,Salaried,27,G,300,North,42
B010546,Upper-Middle,1398125,Self-Employed,19,F,399,Central,64
B010547,Middle,942642,Business Owner,24,C,697,Central,44
B010548,Lower-Middle,466754,Self-Employed,23,E,491,South,52
B010549,Middle,966367,Self-Employed,3,B,785,East,40
B010550,Middle,963701,Freelancer,2,E,479,North,28
B010551,High,2555616,Salaried,22,E,496,South,34
B010552,Lower-Middle,523714,Salaried,19,C,679,West,29
B010553,High,3746395,Business Owner,1,C,685,West,29
B010554,Low,204841,Self-Employed,5,D,603,South,50
B010555,Upper-Middle,1619644,Salaried,6,C,635,South,23
B010556,High,1801175,Salaried,5,D,560,East,24
B010557,Lower-Middle,428075,Self-Employed,0,F,412,East,61
B010558,Low,245565,Salaried,23,C,679,West,29
B010559,Upper-Middle,1291675,Freelancer,11,B,759,East,47
B010560,Upper-Middle,1706845,Business Owner,29,D,645,West,21
B010561,Lower-Middle,495682,Salaried,9,D,582,South,53
B010562,Middle,814500,Self-Employed,9,D,587,South,44
B010563,Upper-Middle,1692432,Self-Employed,18,A,816,Central,22
B010564,Lower-Middle,524934,Salaried,15,D,604,South,48
B010565,Middle,697394,Salaried,4,A,852,Central,28
B010566,Lower-Middle,540570,Salaried,21,C,672,South,63
B010567,Low,227035,Freelancer,10,C,717,North,43
B010568,Upper-Middle,1164255,Freelancer,28,E,486,South,25
B010569,Lower-Middle,592981,Salaried,0,F,428,North,41
B010570,High,2680209,Business Owner,19,E,518,West,61
B010571,Middle,614289,Self-Employed,3,E,485,Central,56
B010572,Middle,968454,Salaried,21,B,724,East,34
B010573,Lower-Middle,338099,Salaried,1,E,474,Central,43
B010574,Lower-Middle,436760,Freelancer,8,E,518,Central,59
B010575,Upper-Middle,1414372,Salaried,22,E,480,Central,38
B010576,Middle,904163,Self-Employed,11,E,459,West,50
B010577,Upper-Middle,1062593,Self-Employed,9,B,764,South,41
B010578,Lower-Middle,524590,Self-Employed,26,B,733,West,35
B010579,Lower-Middle,510430,Salaried,5,E,467,South,27
B010580,Low,195794,Salaried,1,B,735,East,59
B010581,Upper-Middle,1634627,Freelancer,6,B,784,West,44
B010582,Lower-Middle,354548,Salaried,16,G,341,East,47
B010583,Middle,986578,Salaried,15,G,300,East,22
B010584,Middle,973436,Salaried,4,C,675,South,49
B010585,Lower-Middle,498199,Business Owner,6,A,863,North,30
B010586,Middle,736838,Salaried,1,C,653,North,60
B010587,Middle,769195,Business Owner,19,A,830,North,50
B010588,High,3477962,Salaried,4,B,801,South,40
B010589,Low,181161,Self-Employed,26,B,728,North,38
B010590,Middle,724711,Freelancer,14,E,505,Central,25
B010591,Low,216277,Self-Employed,16,C,681,West,52
B010592,Upper-Middle,1626190,Self-Employed,18,A,900,Central,24
B010593,Middle,657822,Self-Employed,27,D,608,East,63
B010594,Lower-Middle,334735,Business Owner,4,A,811,North,35
B010595,Upper-Middle,1722837,Salaried,13,F,369,North,61
B010596,Middle,986463,Self-Employed,15,B,743,South,58
B010597,Lower-Middle,460689,Salaried,27,B,762,West,41
B010598,Middle,884452,Salaried,29,C,626,Central,62
B010599,Low,179034,Salaried,10,B,769,West,51
B010600,Upper-Middle,1693097,Salaried,16,A,856,East,45
B010601,Upper-Middle,1693843,Salaried,2,F,389,South,31
B010602,Upper-Middle,1122746,Business Owner,1,F,429,North,46
B010603,Upper-Middle,1592783,Self-Employed,28,F,414,South,47
B010604,Upper-Middle,1166561,Salaried,7,D,610,Central,31
B010605,Lower-Middle,435092,Salaried,10,A,900,West,46
B010606,Low,199612,Self-Employed,1,G,300,West,59
B010607,Lower-Middle,561249,Salaried,16,E,503,Central,42
B010608,High,2822978,Business Owner,17,C,656,South,38
B010609,High,3607929,Salaried,8,E,508,West,47
B010610,Upper-Middle,1486002,Business Owner,26,D,570,West,42
B010611,Lower-Middle,445996,Salaried,11,D,571,West,50
B010612,Lower-Middle,501507,Self-Employed,23,E,464,Central,63
B010613,Upper-Middle,1002568,Salaried,9,F,413,Central,53
B010614,Low,231228,Salaried,1,E,533,West,56
B010615,Middle,676226,Freelancer,25,F,374,Central,30
B010616,Lower-Middle,535114,Freelancer,23,D,529,West,54
B010617,Lower-Middle,559878,Salaried,24,C,687,South,23
B010618,Middle,898944,Salaried,15,D,612,North,40
B010619,High,3865646,Freelancer,7,D,645,Central,29
B010620,Upper-Middle,1115001,Salaried,25,A,847,East,27
B010621,Middle,687157,Freelancer,20,D,577,East,63
B010622,Lower-Middle,513713,Salaried,11,C,685,West,36
B010623,Upper-Middle,1109603,Salaried,21,C,648,North,44
B010624,Middle,804117,Salaried,12,E,472,East,40
B010625,Middle,873483,Self-Employed,20,F,423,West,52
B010626,Middle,683862,Salaried,29,B,726,East,56
B010627,Lower-Middle,420478,Salaried,1,E,465,West,22
B010628,Low,271612,Freelancer,10,B,723,East,54
B010629,Upper-Middle,1290180,Salaried,8,D,562,South,50
B010630,Middle,876318,Self-Employed,5,E,481,West,61
B010631,Low,292908,Salaried,26,F,393,East,24
B010632,Lower-Middle,529055,Self-Employed,29,C,664,Central,24
B010633,High,3547521,Salaried,4,E,509,North,31
B010634,Middle,725838,Self-Employed,27,F,396,Central,40
B010635,Middle,667206,Business Owner,22,B,740,West,50
B010636,Low,261244,Freelancer,3,C,640,West,57
B010637,High,2780095,Freelancer,29,E,481,South,50
B010638,Upper-Middle,1554851,Salaried,6,A,898,Central,41
B010639,Middle,722259,Salaried,9,D,586,West,26
B010640,Lower-Middle,362567,Salaried,25,C,713,East,31
B010641,Middle,800775,Business Owner,16,D,528,South,39
B010642,Upper-Middle,1092414,Salaried,6,C,646,East,56
B010643,Upper-Middle,1451972,Business Owner,10,B,714,East,60
B010644,High,2337750,Freelancer,9,C,667,South,23
B010645,Middle,659849,Salaried,7,F,412,South,61
B010646,Lower-Middle,444031,Salaried,10,D,603,North,36
B010647,Middle,835917,Self-Employed,21,C,688,West,47
B010648,Upper-Middle,1635375,Salaried,10,E,514,South,51
B010649,Lower-Middle,385435,Salaried,22,B,754,East,38
B010650,Lower-Middle,472412,Salaried,6,A,836,South,28
B010651,Middle,832494,Freelancer,14,D,557,Central,29
B010652,Lower-Middle,349948,Self-Employed,5,A,889,East,57
B010653,Upper-Middle,1015925,Salaried,21,B,780,South,50
B010654,Low,240964,Salaried,10,E,480,Central,38
B010655,Lower-Middle,461489,Business Owner,0,F,401,Central,64
B010656,Lower-Middle,584098,Salaried,15,C,696,West,37
B010657,Middle,839321,Freelancer,9,C,652,North,53
B010658,Upper-Middle,1160129,Self-Employed,0,D,587,Central,62
B010659,Middle,897491,Freelancer,12,E,485,North,36
B010660,Middle,608704,Business Owner,1,C,702,North,27
B010661,Low,255635,Freelancer,12,E,482,South,41
B010662,Middle,925047,Business Owner,16,G,327,North,40
B010663,High,2174559,Self-Employed,1,A,825,North,44
B010664,Upper-Middle,1219703,Salaried,5,B,733,North,43
B010665,Lower-Middle,328892,Business Owner,1,E,459,South,48
B010666,Middle,678813,Self-Employed,4,A,874,East,25
B010667,Lower-Middle,375648,Salaried,24,C,686,North,58
B010668,Low,191981,Self-Employed,1,E,523,North,34
B010669,Low,218550,Salaried,2,D,596,East,55
B010670,Low,291749,Salaried,23,D,583,North,44
B010671,Lower-Middle,322012,Salaried,5,D,573,East,35
B010672,Upper-Middle,1272726,Salaried,8,D,606,North,61
B010673,Lower-Middle,365593,Salaried,16,E,506,West,33
B010674,Upper-Middle,1602926,Freelancer,15,F,380,West,41
B010675,High,3856367,Self-Employed,0,E,476,Central,34
B010676,Middle,773407,Freelancer,15,D,584,Central,45
B010677,Middle,960332,Freelancer,26,E,490,West,26
B010678,Upper-Middle,1685840,Salaried,7,E,510,North,50
B010679,Low,203612,Self-Employed,9,C,687,East,22
B010680,Lower-Middle,330687,Salaried,24,C,651,North,27
B010681,Middle,987830,Freelancer,11,C,643,West,64
B010682,Upper-Middle,1647702,Salaried,29,D,539,South,27
B010683,Upper-Middle,1575025,Salaried,23,B,760,East,34
B010684,Upper-Middle,1353617,Salaried,13,B,805,West,42
B010685,Middle,684349,Self-Employed,21,B,755,East,42
B010686,Middle,734510,Salaried,29,A,849,South,48
B010687,Upper-Middle,1367656,Salaried,19,D,586,East,25
B010688,Upper-Middle,1502467,Freelancer,6,D,580,South,34
B010689,Middle,645230,Salaried,28,D,550,South,40
B010690,High,3374024,Self-Employed,22,E,473,North,24
B010691,Upper-Middle,1581937,Self-Employed,19,C,664,North,21
B010692,Middle,995718,Salaried,15,E,529,East,54
B010693,Low,266802,Salaried,21,E,520,West,60
B010694,Lower-Middle,596952,Salaried,16,E,461,North,51
B010695,Upper-Middle,1051038,Freelancer,15,E,523,East,63
B010696,Low,289302,Self-Employed,27,B,804,West,60
B010697,Middle,919112,Salaried,12,D,591,Central,63
B010698,Middle,826566,Business Owner,28,E,475,Central,55
B010699,Upper-Middle,1282531,Salaried,2,A,852,East,29
B010700,Upper-Middle,1115637,Salaried,0,B,799,Central,53
B010701,Upper-Middle,1054945,Salaried,7,D,552,Central,56
B010702,Lower-Middle,407983,Business Owner,7,C,660,South,44
B010703,Low,211510,Salaried,14,F,410,East,36
B010704,Middle,903030,Self-Employed,8,E,481,Central,62
B010705,Lower-Middle,376630,Salaried,6,A,808,West,49
B010706,Middle,711676,Business Owner,14,C,641,East,51
B010707,High,2205890,Business Owner,16,E,456,East,61
B010708,Middle,980498,Salaried,17,D,569,South,25
B010709,Middle,659758,Salaried,12,D,625,East,45
B010710,Middle,810024,Self-Employed,25,A,885,North,55
B010711,Upper-Middle,1287110,Salaried,9,F,401,Central,38
B010712,Lower-Middle,470366,Salaried,29,C,686,East,30
B010713,Middle,603669,Self-Employed,22,B,764,South,43
B010714,Low,279118,Salaried,13,A,845,Central,56
B010715,Middle,761267,Business Owner,19,E,491,Central,48
B010716,Lower-Middle,378270,Salaried,9,D,572,Central,64
B010717,Middle,725148,Salaried,21,B,728,Central,45
B010718,Upper-Middle,1774234,Self-Employed,22,D,581,East,26
B010719,Low,205308,Self-Employed,18,F,380,West,26
B010720,Middle,788128,Salaried,21,D,567,West,24
B010721,Low,279589,Salaried,5,C,682,West,52
B010722,Lower-Middle,598632,Salaried,3,C,630,South,55
B010723,Low,295964,Salaried,2,B,732,South,21
B010724,Low,170184,Freelancer,19,F,400,West,56
B010725,High,3027334,Salaried,15,B,730,North,50
B010726,High,3117277,Self-Employed,24,A,834,North,50
B010727,Middle,913169,Salaried,10,B,781,West,39
B010728,Middle,793881,Salaried,2,B,753,East,41
B010729,Upper-Middle,1377086,Business Owner,19,C,651,Central,21
B010730,Upper-Middle,1287509,Self-Employed,16,F,420,West,58
B010731,Middle,892278,Salaried,1,B,717,South,52
B010732,Low,248108,Salaried,0,B,724,South,50
B010733,Middle,993665,Salaried,20,C,636,South,62
B010734,High,3090989,Salaried,8,F,383,North,59
B010735,Lower-Middle,575677,Business Owner,12,F,361,South,29
B010736,Middle,986949,Salaried,1,G,356,Central,35
B010737,Lower-Middle,311171,Salaried,27,B,695,Central,33
B010738,Lower-Middle,311329,Salaried,29,E,500,South,36
B010739,Middle,992733,Freelancer,12,D,570,East,25
B010740,Lower-Middle,479838,Salaried,18,A,851,North,47
B010741,High,2423031,Self-Employed,5,D,566,North,26
B010742,Upper-Middle,1353194,Salaried,29,D,574,East,51
B010743,Low,216535,Salaried,29,D,555,East,63
B010744,Upper-Middle,1083238,Salaried,26,B,790,West,26
B010745,Upper-Middle,1728563,Self-Employed,8,C,637,South,33
B010746,Middle,728505,Salaried,12,D,576,South,27
B010747,Middle,819592,Freelancer,13,B,820,West,55
B010748,Upper-Middle,1695628,Salaried,15,B,780,Central,57
B010749,Lower-Middle,566835,Business Owner,7,D,549,West,49
B010750,Low,178043,Salaried,21,B,792,South,46
B010751,Lower-Middle,350813,Salaried,10,A,858,East,43
B010752,Lower-Middle,341417,Business Owner,6,B,749,East,31
B010753,Middle,693579,Salaried,11,A,870,South,47
B010754,Low,197947,Salaried,1,C,703,North,35
B010755,Middle,891080,Business Owner,3,E,472,Central,38
B010756,Middle,660755,Self-Employed,25,E,478,North,56
B010757,Upper-Middle,1173609,Business Owner,12,A,837,North,59
B010758,Middle,751065,Salaried,18,D,594,North,30
B010759,High,1851363,Self-Employed,5,A,872,North,49
B010760,Upper-Middle,1201589,Self-Employed,27,B,776,South,47
B010761,Lower-Middle,439322,Self-Employed,13,E,466,North,62
B010762,Middle,822657,Self-Employed,21,G,357,West,43
B010763,Lower-Middle,490306,Business Owner,2,C,649,Central,38
B010764,Upper-Middle,1313929,Business Owner,8,E,497,Central,63
B010765,Middle,825022,Salaried,24,C,665,East,62
B010766,Lower-Middle,557854,Salaried,7,E,464,Central,54
B010767,Lower-Middle,517657,Salaried,5,D,586,East,62
B010768,Lower-Middle,472415,Salaried,10,D,582,West,52
B010769,Upper-Middle,1621280,Self-Employed,0,E,508,South,35
B010770,Upper-Middle,1234590,Salaried,5,D,579,East,54
B010771,Low,293529,Salaried,20,G,316,North,64
B010772,Lower-Middle,506904,Freelancer,14,C,715,South,62
B010773,Lower-Middle,501519,Freelancer,1,G,305,North,54
B010774,Middle,914136,Self-Employed,7,E,449,South,32
B010775,Low,150589,Salaried,21,D,603,West,54
B010776,Lower-Middle,342408,Salaried,25,D,602,East,22
B010777,Upper-Middle,1458545,Salaried,3,F,365,Central,48
B010778,Middle,843122,Salaried,23,D,549,West,33
B010779,Upper-Middle,1717621,Salaried,22,C,657,Central,27
B010780,Middle,812909,Business Owner,6,A,827,East,61
B010781,Middle,707309,Salaried,19,C,661,West,53
B010782,Middle,795681,Salaried,15,B,752,West,51
B010783,Lower-Middle,394655,Self-Employed,29,B,758,North,48
B010784,Lower-Middle,504109,Salaried,26,D,612,North,27
B010785,High,3146446,Salaried,19,C,722,East,44
B010786,Upper-Middle,1151571,Salaried,3,A,819,North,35
B010787,Upper-Middle,1296985,Salaried,22,C,673,Central,64
B010788,Low,251513,Salaried,23,B,787,Central,47
B010789,Low,291636,Salaried,17,D,611,North,58
B010790,Low,209359,Salaried,7,C,634,South,28
B010791,High,3388675,Business Owner,24,F,400,South,33
B010792,Upper-Middle,1337497,Business Owner,10,D,603,Central,47
B010793,Middle,752271,Salaried,22,E,469,Central,63
B010794,High,3192787,Business Owner,16,C,654,South,24
B010795,Low,294059,Salaried,11,E,513,West,26
B010796,Middle,728751,Salaried,24,E,478,North,52
B010797,Lower-Middle,433146,Salaried,10,G,325,North,25
B010798,Lower-Middle,316185,Salaried,5,D,623,East,34
B010799,High,3184962,Salaried,27,F,406,South,50
B010800,Upper-Middle,1300321,Unemployed,27,F,391,North,39
B010801,Low,167952,Salaried,1,F,417,East,54
B010802,Lower-Middle,485936,Salaried,13,D,591,Central,21
B010803,Middle,872008,Salaried,20,B,748,East,49
B010804,Low,168539,Freelancer,9,D,582,East,49
B010805,Middle,839792,Salaried,4,F,420,North,32
B010806,Middle,937607,Freelancer,6,G,317,East,51
B010807,Lower-Middle,462447,Salaried,27,F,378,Central,39
B010808,Lower-Middle,538973,Business Owner,9,C,691,South,59
B010809,Lower-Middle,447716,Salaried,2,E,485,Central,54
B010810,High,2311065,Salaried,9,D,572,North,53
B010811,Lower-Middle,346324,Salaried,8,D,539,West,44
B010812,Middle,692133,Salaried,24,C,704,West,50
B010813,Lower-Middle,492441,Salaried,0,C,684,South,27
B010814,Middle,716735,Salaried,12,C,660,North,39
B010815,Low,232025,Self-Employed,22,C,686,West,37
B010816,Low,270556,Self-Employed,9,C,698,West,24
B010817,Upper-Middle,1078974,Salaried,11,D,602,South,56
B010818,Middle,646904,Self-Employed,4,B,752,East,49
B010819,Lower-Middle,520952,Business Owner,25,D,556,Central,35
B010820,Lower-Middle,309037,Unemployed,18,A,836,Central,21
B010821,High,2255282,Salaried,18,A,859,South,63
B010822,Low,214804,Salaried,11,B,728,East,49
B010823,Lower-Middle,590224,Unemployed,5,B,805,East,56
B010824,Lower-Middle,457196,Freelancer,24,E,498,Central,24
B010825,Lower-Middle,342754,Freelancer,7,E,517,East,61
B010826,Middle,833420,Self-Employed,4,D,558,North,23
B010827,Middle,750561,Self-Employed,7,E,494,North,61
B010828,Middle,623272,Freelancer,17,D,565,West,45
B010829,Middle,801563,Salaried,11,E,445,North,59
B010830,Lower-Middle,490734,Salaried,1,D,595,East,61
B010831,Upper-Middle,1768353,Unemployed,0,A,882,East,59
B010832,Low,258825,Business Owner,3,F,460,North,52
B010833,Lower-Middle,534172,Salaried,27,C,677,West,25
B010834,Middle,964770,Salaried,29,F,390,North,51
B010835,Lower-Middle,397047,Freelancer,18,F,423,Central,44
B010836,Low,234823,Salaried,20,C,652,West,55
B010837,Lower-Middle,591394,Self-Employed,24,F,385,North,64
B010838,Middle,821155,Salaried,15,A,848,South,41
B010839,Low,169594,Salaried,20,D,557,Central,32
B010840,Middle,983273,Business Owner,3,D,558,North,53
B010841,Upper-Middle,1282276,Unemployed,2,E,528,South,31
B010842,Middle,700854,Salaried,0,C,648,West,42
B010843,Lower-Middle,489150,Salaried,25,B,774,East,52
B010844,Upper-Middle,1282003,Salaried,7,A,829,South,62
B010845,Lower-Middle,423394,Salaried,4,C,666,North,53
B010846,Upper-Middle,1172546,Freelancer,14,C,679,South,52
B010847,Middle,615136,Salaried,2,C,673,East,43
B010848,Low,160935,Freelancer,2,D,559,North,34
B010849,Upper-Middle,1221597,Freelancer,3,D,602,West,58
B010850,Middle,769137,Salaried,10,B,763,East,37
B010851,Middle,930625,Salaried,6,A,807,South,30
B010852,Lower-Middle,364303,Unemployed,7,F,423,Central,49
B010853,Middle,861741,Salaried,29,E,492,Central,61
B010854,Middle,970401,Freelancer,27,C,666,Central,41
B010855,Upper-Middle,1325128,Salaried,4,D,586,Central,37
B010856,Lower-Middle,593658,Salaried,18,B,718,South,27
B010857,Middle,854991,Salaried,6,C,650,South,56
B010858,Middle,982813,Salaried,16,E,494,South,48
B010859,Middle,717983,Self-Employed,11,B,735,South,28
B010860,Middle,862005,Self-Employed,14,B,777,Central,48
B010861,Lower-Middle,347651,Salaried,9,D,548,South,37
B010862,Upper-Middle,1730740,Self-Employed,4,E,486,West,21
B010863,Lower-Middle,401315,Salaried,1,C,704,Central,49
B010864,Lower-Middle,347587,Freelancer,11,D,558,South,37
B010865,Middle,811731,Freelancer,9,F,400,South,30
B010866,Lower-Middle,350203,Self-Employed,18,F,377,Central,53
B010867,Low,192009,Freelancer,10,C,631,East,30
B010868,Low,207238,Salaried,25,C,685,Central,28
B010869,Middle,658759,Salaried,13,D,579,East,28
B010870,High,1888765,Salaried,28,F,402,South,58
B010871,Middle,749963,Business Owner,14,D,587,East,39
B010872,Low,181091,Salaried,20,G,300,Central,45
B010873,Upper-Middle,1537106,Freelancer,17,D,550,North,57
B010874,Lower-Middle,300067,Salaried,22,A,855,West,38
B010875,High,3225042,Salaried,24,C,707,Central,32
B010876,Middle,817349,Self-Employed,15,F,408,Central,64
B010877,Lower-Middle,456992,Self-Employed,17,A,815,East,47
B010878,Middle,803073,Salaried,5,D,653,South,49
B010879,Lower-Middle,462675,Business Owner,12,C,639,Central,33
B010880,Upper-Middle,1405268,Self-Employed,20,C,624,South,61
B010881,Low,216955,Salaried,28,D,624,South,35
B010882,Upper-Middle,1271850,Self-Employed,21,C,650,East,64
B010883,Upper-Middle,1290483,Salaried,19,F,388,East,48
B010884,Upper-Middle,1077621,Business Owner,7,C,699,South,41
B010885,Upper-Middle,1315404,Salaried,14,E,532,South,52
B010886,Lower-Middle,447111,Self-Employed,26,A,845,East,36
B010887,Middle,905323,Salaried,9,C,689,North,57
B010888,Upper-Middle,1350563,Salaried,15,B,805,East,59
B010889,Lower-Middle,530982,Self-Employed,0,B,730,West,25
B010890,Low,266895,Salaried,20,D,587,North,21
B010891,Lower-Middle,398033,Self-Employed,12,C,660,South,24
B010892,Lower-Middle,448822,Self-Employed,15,A,820,Central,41
B010893,Upper-Middle,1260720,Salaried,4,F,423,Central,50
B010894,Middle,628980,Salaried,17,D,610,North,49
B010895,Middle,941900,Self-Employed,16,G,326,North,32
B010896,High,3605137,Salaried,22,E,504,Central,56
B010897,Lower-Middle,325441,Salaried,28,D,573,Central,25
B010898,Upper-Middle,1523662,Salaried,6,C,678,East,51
B010899,Low,276778,Salaried,25,F,414,Central,41
B010900,Low,155998,Self-Employed,23,C,729,East,21
B010901,Low,208593,Freelancer,12,D,540,South,58
B010902,Lower-Middle,373230,Self-Employed,10,C,655,Central,50
B010903,Lower-Middle,442534,Self-Employed,23,C,665,East,45
B010904,Middle,661558,Salaried,16,E,502,East,49
B010905,Lower-Middle,310184,Self-Employed,14,B,797,East,34
B010906,Low,153150,Business Owner,18,B,786,South,21
B010907,Middle,979481,Salaried,13,E,483,South,37
B010908,Low,160060,Self-Employed,27,E,506,North,34
B010909,Upper-Middle,1174477,Salaried,21,F,397,North,51
B010910,High,3177292,Salaried,5,D,586,West,41
B010911,Middle,855414,Salaried,21,C,696,East,63
B010912,Middle,638341,Salaried,12,D,514,Central,48
B010913,Middle,818196,Salaried,10,B,753,East,50
B010914,Middle,783434,Salaried,3,B,736,East,50
B010915,High,2292180,Salaried,11,F,378,Central,33
B010916,High,3571759,Salaried,12,E,475,South,44
B010917,Lower-Middle,589686,Salaried,29,C,623,Central,61
B010918,Middle,717781,Salaried,21,C,702,Central,64
B010919,Upper-Middle,1164763,Business Owner,19,G,374,East,35
B010920,Low,204618,Self-Employed,9,C,675,West,51
B010921,Middle,953185,Salaried,14,C,710,Central,24
B010922,Middle,906353,Salaried,19,B,744,East,28
B010923,Middle,900496,Salaried,17,C,703,East,39
B010924,Lower-Middle,570867,Salaried,22,C,658,West,53
B010925,Lower-Middle,369705,Salaried,19,E,476,Central,28
B010926,Lower-Middle,559068,Salaried,16,C,674,South,30
B010927,Middle,966928,Salaried,11,C,715,East,52
B010928,High,3331853,Self-Employed,25,C,699,West,28
B010929,Upper-Middle,1325442,Salaried,2,C,707,West,24
B010930,Lower-Middle,572364,Salaried,1,B,724,South,48
B010931,Lower-Middle,310725,Salaried,15,D,553,West,43
B010932,Upper-Middle,1227086,Freelancer,21,C,658,South,43
B010933,Middle,638351,Self-Employed,23,A,887,North,45
B010934,Middle,753453,Self-Employed,25,F,417,South,62
B010935,Lower-Middle,522320,Freelancer,24,C,625,Central,62
B010936,Low,210243,Self-Employed,22,E,483,Central,46
B010937,Upper-Middle,1446827,Salaried,26,F,383,North,49
B010938,Middle,765303,Self-Employed,12,A,847,Central,43
B010939,Lower-Middle,309912,Salaried,11,B,817,South,37
B010940,High,1940009,Self-Employed,9,B,755,South,26
B010941,Middle,617968,Salaried,9,F,390,South,49
B010942,High,3581322,Salaried,5,D,551,North,58
B010943,Middle,633334,Salaried,6,C,691,South,51
B010944,Middle,732913,Salaried,12,A,847,North,34
B010945,High,3024158,Self-Employed,20,A,829,North,47
B010946,High,2978013,Salaried,9,D,596,South,39
B010947,High,3153697,Salaried,16,E,481,Central,63
B010948,Upper-Middle,1420540,Salaried,19,C,665,West,43
B010949,Middle,797292,Business Owner,1,C,644,North,41
B010950,Lower-Middle,501065,Business Owner,5,E,442,West,63
B010951,Lower-Middle,387576,Self-Employed,0,F,420,Central,29
B010952,High,2803771,Salaried,0,C,680,North,32
B010953,Lower-Middle,429574,Salaried,2,E,498,South,29
B010954,Upper-Middle,1283741,Salaried,23,F,396,East,51
B010955,High,3992990,Salaried,28,C,656,North,51
B010956,High,3786536,Salaried,22,B,762,East,52
B010957,High,3285573,Freelancer,0,C,687,West,61
B010958,Middle,895883,Salaried,7,A,860,South,22
B010959,Middle,949022,Salaried,23,A,832,South,31
B010960,High,2589101,Self-Employed,19,E,514,West,38
B010961,Lower-Middle,458919,Salaried,11,E,491,East,30
B010962,Lower-Middle,406135,Salaried,23,D,581,East,22
B010963,High,3762327,Self-Employed,2,E,476,North,31
B010964,Middle,843092,Business Owner,10,F,388,West,27
B010965,Middle,824515,Self-Employed,16,D,585,East,62
B010966,Low,217715,Freelancer,15,F,367,West,24
B010967,Middle,828992,Salaried,16,F,390,South,30
B010968,High,2438023,Self-Employed,8,C,657,Central,32
B010969,Middle,805859,Freelancer,27,F,395,North,52
B010970,Lower-Middle,361818,Salaried,8,G,317,West,51
B010971,Middle,696640,Business Owner,17,C,635,North,59
B010972,Upper-Middle,1144625,Freelancer,12,D,622,Central,27
B010973,High,2231181,Self-Employed,17,B,759,Central,58
B010974,Lower-Middle,443166,Salaried,17,C,684,East,38
B010975,Middle,623481,Salaried,16,D,604,East,57
B010976,Lower-Middle,399493,Self-Employed,22,A,896,South,46
B010977,Middle,791669,Freelancer,20,D,584,North,42
B010978,Lower-Middle,344854,Salaried,9,D,557,North,29
B010979,Middle,742192,Salaried,23,B,729,South,22
B010980,Middle,818290,Salaried,13,D,591,East,32
B010981,Lower-Middle,571700,Salaried,2,F,391,North,30
B010982,Lower-Middle,396779,Business Owner,28,A,891,West,45
B010983,Low,150761,Salaried,4,C,652,West,52
B010984,Low,251159,Salaried,27,B,735,East,51
B010985,Middle,983564,Self-Employed,1,B,733,West,57
B010986,Lower-Middle,596546,Salaried,3,D,639,North,41
B010987,Low,219445,Self-Employed,28,C,710,South,31
B010988,High,2187187,Salaried,22,D,555,South,36
B010989,Lower-Middle,502132,Salaried,17,C,662,North,35
B010990,Upper-Middle,1645900,Business Owner,18,E,480,East,58
B010991,Middle,822546,Salaried,29,B,716,South,49
B010992,Middle,740600,Salaried,18,F,397,East,57
B010993,Middle,733529,Salaried,4,C,687,West,33
B010994,Lower-Middle,432446,Self-Employed,18,A,852,West,32
B010995,Upper-Middle,1163225,Salaried,21,A,844,South,58
B010996,Upper-Middle,1339922,Self-Employed,13,D,570,North,52
B010997,Lower-Middle,546978,Salaried,9,F,390,South,22
B010998,Upper-Middle,1444197,Freelancer,24,D,585,South,48
B010999,Middle,702073,Self-Employed,5,C,706,North,22
B011000,Upper-Middle,1559927,Business Owner,19,E,481,East,24
B011001,Upper-Middle,1279708,Business Owner,24,B,741,South,24
B011002,Low,178073,Business Owner,21,D,557,Central,23
B011003,Upper-Middle,1040025,Salaried,4,B,807,North,41
B011004,High,3706797,Salaried,24,E,536,Central,21
B011005,Upper-Middle,1449723,Freelancer,17,F,399,South,45
B011006,Low,154467,Freelancer,12,B,763,South,27
B011007,Upper-Middle,1395697,Freelancer,5,B,754,South,31
B011008,Middle,714035,Unemployed,3,E,462,South,26
B011009,Lower-Middle,378349,Self-Employed,10,D,579,North,32
B011010,Upper-Middle,1739187,Salaried,3,D,543,Central,25
B011011,Middle,982720,Business Owner,2,D,560,South,44
B011012,Upper-Middle,1591114,Salaried,19,B,748,Central,38
B011013,Middle,699282,Business Owner,28,E,517,West,60
B011014,Lower-Middle,329721,Business Owner,14,B,762,West,52
B011015,High,1920026,Self-Employed,29,D,556,South,38
B011016,Middle,619338,Salaried,24,C,697,West,41
B011017,Middle,989079,Self-Employed,4,C,667,South,21
B011018,Lower-Middle,352338,Freelancer,1,E,465,West,45
B011019,Low,259664,Salaried,10,C,686,Central,45
B011020,Middle,725472,Salaried,1,D,584,West,35
B011021,Lower-Middle,529417,Self-Employed,3,F,344,East,34
B011022,High,3596117,Business Owner,23,D,584,Central,49
B011023,High,2378890,Self-Employed,3,E,473,North,48
B011024,Upper-Middle,1270440,Self-Employed,29,F,379,West,35
B011025,Lower-Middle,448561,Salaried,6,D,572,Central,54
B011026,Middle,620736,Salaried,25,B,714,West,34
B011027,Low,153622,Freelancer,2,B,754,East,39
B011028,Upper-Middle,1652370,Salaried,12,C,677,Central,62
B011029,Middle,782396,Salaried,3,A,829,North,51
B011030,High,2896318,Salaried,26,C,663,Central,40
B011031,Lower-Middle,482240,Salaried,2,B,761,South,46
B011032,Lower-Middle,398674,Salaried,1,A,862,East,40
B011033,High,3477232,Business Owner,29,C,685,South,28
B011034,Middle,609084,Salaried,21,B,744,Central,24
B011035,Upper-Middle,1101933,Self-Employed,24,B,753,South,57
B011036,High,3841293,Salaried,5,E,451,South,61
B011037,Middle,950536,Freelancer,16,F,384,West,60
B011038,Middle,630651,Salaried,8,D,613,South,37
B011039,Middle,821687,Salaried,0,F,375,South,39
B011040,Upper-Middle,1586550,Salaried,10,B,789,South,50
B011041,High,2365794,Unemployed,17,E,462,West,36
B011042,Lower-Middle,304787,Self-Employed,5,C,687,North,50
B011043,Upper-Middle,1527769,Self-Employed,26,D,586,West,42
B011044,Lower-Middle,532425,Salaried,15,D,621,South,59
B011045,Middle,892903,Salaried,29,E,429,North,58
B011046,Upper-Middle,1135599,Freelancer,12,A,830,Central,59
B011047,Upper-Middle,1453445,Salaried,9,C,712,South,56
B011048,Lower-Middle,368295,Self-Employed,15,E,492,South,27
B011049,Lower-Middle,484346,Business Owner,6,D,594,North,55
B011050,Lower-Middle,444641,Self-Employed,11,C,649,Central,25
B011051,Low,235508,Salaried,4,A,823,Central,52
B011052,Lower-Middle,394398,Salaried,2,A,880,North,60
B011053,Upper-Middle,1421586,Salaried,29,C,668,South,58
B011054,Lower-Middle,454614,Freelancer,24,D,661,North,33
B011055,Lower-Middle,351504,Business Owner,22,B,764,West,52
B011056,Upper-Middle,1015244,Salaried,24,E,510,North,57
B011057,Lower-Middle,497753,Freelancer,21,E,516,South,22
B011058,Lower-Middle,373139,Salaried,21,B,772,East,38
B011059,High,2967952,Salaried,4,B,780,Central,28
B011060,Low,152687,Salaried,19,F,433,Central,36
B011061,Lower-Middle,380193,Freelancer,14,F,399,East,60
B011062,Middle,616188,Salaried,14,G,300,South,28
B011063,Lower-Middle,388340,Salaried,23,D,605,East,50
B011064,Lower-Middle,518993,Salaried,22,F,441,South,63
B011065,Lower-Middle,488145,Salaried,17,B,742,East,57
B011066,Lower-Middle,349347,Salaried,26,B,802,Central,23
B011067,Upper-Middle,1097016,Salaried,0,A,821,East,62
B011068,Lower-Middle,335413,Business Owner,22,D,581,East,44
B011069,Lower-Middle,554854,Freelancer,25,B,722,East,64
B011070,Lower-Middle,385412,Salaried,7,D,534,South,52
B011071,High,3989628,Freelancer,11,A,844,Central,54
B011072,Low,233218,Business Owner,6,D,592,East,39
B011073,Upper-Middle,1799054,Freelancer,7,F,397,East,27
B011074,Lower-Middle,372223,Salaried,16,E,537,West,34
B011075,High,3887512,Business Owner,21,C,640,Central,43
B011076,Lower-Middle,576821,Self-Employed,11,A,850,South,27
B011077,Low,175615,Salaried,13,B,742,North,21
B011078,Middle,994458,Business Owner,10,D,569,West,29
B011079,Lower-Middle,405013,Salaried,3,B,744,North,55
B011080,Upper-Middle,1118029,Business Owner,28,E,480,Central,62
B011081,Middle,745877,Self-Employed,8,F,396,Central,57
B011082,Middle,632644,Salaried,22,B,728,North,39
B011083,Lower-Middle,479214,Salaried,24,A,876,North,43
B011084,Middle,839870,Freelancer,15,A,880,West,22
B011085,Lower-Middle,399613,Salaried,13,E,493,West,43
B011086,High,2490988,Business Owner,10,A,845,Central,38
B011087,Upper-Middle,1028748,Self-Employed,22,E,483,North,37
B011088,Middle,866340,Salaried,7,C,694,North,47
B011089,Upper-Middle,1200447,Self-Employed,4,C,645,South,39
B011090,Middle,789314,Freelancer,29,E,504,North,48
B011091,Middle,802504,Freelancer,16,C,661,Central,57
B011092,Lower-Middle,536289,Salaried,8,E,479,West,25
B011093,Middle,853276,Salaried,0,A,847,West,60
B011094,Lower-Middle,591200,Salaried,25,E,494,West,32
B011095,Low,244809,Business Owner,6,F,364,East,52
B011096,Upper-Middle,1285777,Salaried,3,B,736,East,53
B011097,Low,280469,Salaried,2,D,564,South,64
B011098,Middle,806356,Salaried,22,D,587,Central,64
B011099,Low,178149,Freelancer,25,B,714,East,30
B011100,Lower-Middle,469527,Salaried,14,D,603,North,43
B011101,Upper-Middle,1098221,Business Owner,19,B,798,North,60
B011102,Low,201793,Salaried,13,E,470,North,24
B011103,Middle,612204,Self-Employed,9,D,580,Central,49
B011104,Middle,631312,Self-Employed,24,C,695,North,59
B011105,Upper-Middle,1174808,Freelancer,29,E,488,Central,41
B011106,Low,243296,Self-Employed,1,E,482,Central,40
B011107,Upper-Middle,1394597,Salaried,18,B,782,North,38
B011108,Middle,773192,Salaried,0,A,881,North,53
B011109,Lower-Middle,471368,Salaried,2,B,746,Central,28
B011110,Lower-Middle,358641,Salaried,3,F,385,West,31
B011111,Lower-Middle,504685,Unemployed,10,C,682,Central,24
B011112,Middle,817676,Salaried,1,B,744,Central,59
B011113,Low,170918,Freelancer,6,C,644,North,55
B011114,Lower-Middle,466229,Salaried,27,C,655,North,32
B011115,Middle,645102,Freelancer,9,C,645,West,47
B011116,Middle,869714,Freelancer,3,C,638,North,51
B011117,Low,183886,Self-Employed,11,C,710,Central,30
B011118,Lower-Middle,314664,Salaried,23,C,637,Central,38
B011119,Lower-Middle,356263,Freelancer,21,E,491,East,36
B011120,Middle,793177,Freelancer,22,D,533,South,37
B011121,Upper-Middle,1569286,Salaried,5,D,619,Central,50
B011122,Middle,748295,Freelancer,0,B,761,East,29
B011123,Middle,746193,Freelancer,8,G,348,South,31
B011124,Low,215904,Salaried,8,A,830,East,57
B011125,High,3706171,Salaried,25,D,640,South,29
B011126,Lower-Middle,540178,Salaried,24,E,461,West,40
B011127,Lower-Middle,578013,Salaried,25,C,684,Central,53
B011128,Lower-Middle,535679,Freelancer,19,A,788,North,39
B011129,Low,216789,Freelancer,18,E,478,South,41
B011130,Upper-Middle,1457546,Salaried,23,D,578,Central,25
B011131,Lower-Middle,465514,Self-Employed,26,G,310,Central,40
B011132,Lower-Middle,596553,Self-Employed,24,E,478,West,27
B011133,Lower-Middle,521244,Salaried,8,F,410,North,27
B011134,High,2973685,Self-Employed,0,D,567,North,37
B011135,Upper-Middle,1516513,Self-Employed,16,D,616,South,48
B011136,High,3907909,Salaried,20,F,412,North,22
B011137,Upper-Middle,1152704,Salaried,1,E,457,East,25
B011138,Upper-Middle,1754235,Freelancer,1,A,860,West,47
B011139,Middle,741107,Salaried,26,D,579,West,48
B011140,Low,202267,Salaried,27,B,702,East,29
B011141,Lower-Middle,367396,Unemployed,22,F,438,South,23
B011142,Lower-Middle,406256,Freelancer,12,D,555,East,53
B011143,Middle,802411,Self-Employed,1,C,673,West,63
B011144,Low,175628,Salaried,9,G,320,South,49
B011145,Low,175306,Self-Employed,27,C,670,North,31
B011146,Middle,715192,Self-Employed,5,C,690,West,41
B011147,Low,151168,Salaried,13,C,692,West,59
B011148,Low,246949,Salaried,20,B,765,North,29
B011149,Low,180189,Salaried,28,B,736,West,24
B011150,Middle,949243,Salaried,24,D,583,South,55
B011151,Low,206768,Freelancer,3,A,879,Central,49
B011152,Low,218223,Business Owner,3,F,397,West,64
B011153,Lower-Middle,578403,Salaried,15,C,633,East,42
B011154,Upper-Middle,1020248,Salaried,29,C,699,Central,52
B011155,Lower-Middle,512218,Self-Employed,12,B,748,West,41
B011156,Low,225873,Salaried,2,C,692,South,52
B011157,Upper-Middle,1509244,Salaried,28,D,566,West,50
B011158,Upper-Middle,1776044,Freelancer,23,G,323,West,29
B011159,Lower-Middle,338849,Freelancer,14,B,753,Central,57
B011160,Lower-Middle,502565,Freelancer,2,B,744,North,38
B011161,Lower-Middle,511325,Salaried,7,B,772,Central,41
B011162,Middle,781288,Business Owner,6,D,560,South,24
B011163,Lower-Middle,353856,Self-Employed,3,B,716,East,32
B011164,High,2178527,Salaried,4,A,868,North,24
B011165,Upper-Middle,1336225,Salaried,9,E,475,North,62
B011166,Middle,870069,Salaried,5,E,497,Central,40
B011167,Low,232491,Salaried,5,C,676,West,27
B011168,Upper-Middle,1082351,Freelancer,25,D,597,East,32
B011169,Middle,621279,Self-Employed,15,E,512,North,50
B011170,Upper-Middle,1296603,Unemployed,19,A,862,Central,49
B011171,Low,166816,Self-Employed,14,D,595,North,47
B011172,Middle,656035,Salaried,29,C,693,North,62
B011173,Upper-Middle,1543593,Salaried,23,C,656,South,63
B011174,High,2845972,Salaried,6,C,655,West,39
B011175,Middle,859240,Freelancer,4,E,505,South,51
B011176,Middle,738941,Salaried,5,C,627,East,26
B011177,Lower-Middle,328291,Salaried,16,E,458,North,24
B011178,Middle,625826,Salaried,4,C,628,West,30
B011179,High,1836887,Business Owner,7,D,608,Central,38
B011180,Middle,945224,Salaried,25,F,427,Central,41
B011181,Lower-Middle,589355,Salaried,21,C,691,Central,63
B011182,Low,172486,Business Owner,9,D,581,Central,41
B011183,Middle,978456,Salaried,24,D,569,Central,41
B011184,Upper-Middle,1210834,Self-Employed,17,F,394,Central,45
B011185,Low,246739,Self-Employed,24,D,590,West,25
B011186,Lower-Middle,413904,Salaried,10,D,597,South,60
B011187,High,3161118,Salaried,16,E,462,North,32
B011188,Middle,937190,Salaried,16,G,328,West,61
B011189,Lower-Middle,558216,Salaried,8,F,427,South,53
B011190,Lower-Middle,560696,Self-Employed,20,B,780,Central,49
B011191,Lower-Middle,379389,Salaried,9,D,543,West,60
B011192,Low,266530,Salaried,3,C,689,South,27
B011193,Middle,739695,Self-Employed,20,C,668,East,52
B011194,Middle,672135,Business Owner,27,D,619,South,28
B011195,Middle,723380,Freelancer,26,B,757,South,64
B011196,Middle,739230,Freelancer,9,D,608,East,34
B011197,Low,234521,Salaried,16,C,707,East,36
B011198,Low,242587,Salaried,4,E,510,West,52
B011199,Low,209821,Self-Employed,16,C,656,South,38
B011200,Low,274092,Business Owner,23,A,862,South,57
B011201,Upper-Middle,1042661,Salaried,25,D,560,North,38
B011202,Low,280082,Unemployed,29,E,476,North,49
B011203,Middle,892014,Self-Employed,21,D,609,East,29
B011204,Low,204602,Salaried,9,E,491,South,58
B011205,Low,242380,Business Owner,4,E,487,West,22
B011206,Low,214597,Salaried,12,A,891,West,31
B011207,Middle,643328,Freelancer,14,A,885,Central,55
B011208,Middle,985527,Salaried,5,B,733,North,50
B011209,Upper-Middle,1282540,Self-Employed,18,B,763,Central,28
B011210,Low,276314,Self-Employed,0,D,570,Central,33
B011211,Middle,911491,Salaried,5,B,754,East,33
B011212,Upper-Middle,1607640,Business Owner,4,C,696,East,49
B011213,Lower-Middle,310614,Salaried,6,C,687,Central,35
B011214,Low,275052,Salaried,28,D,540,North,22
B011215,Low,221694,Salaried,29,G,338,Central,38
B011216,Low,281145,Business Owner,26,D,569,West,47
B011217,Upper-Middle,1313006,Freelancer,29,C,681,West,38
B011218,Lower-Middle,494625,Salaried,23,C,687,South,60
B011219,Middle,720208,Business Owner,7,A,869,Central,49
B011220,Upper-Middle,1578228,Freelancer,28,C,656,West,32
B011221,Lower-Middle,597558,Salaried,28,D,591,Central,49
B011222,Middle,728254,Unemployed,18,F,422,Central,59
B011223,Low,199850,Salaried,13,C,667,West,63
B011224,Middle,898056,Business Owner,11,B,749,East,23
B011225,Low,222343,Self-Employed,3,A,825,South,33
B011226,Lower-Middle,383956,Freelancer,7,D,625,North,49
B011227,Lower-Middle,591022,Salaried,5,G,300,North,21
B011228,Middle,626562,Salaried,22,C,647,East,39
B011229,Middle,949734,Business Owner,1,D,586,East,47
B011230,Upper-Middle,1041392,Self-Employed,20,A,825,East,22
B011231,Low,246715,Self-Employed,18,D,625,East,26
B011232,High,2578908,Self-Employed,14,B,730,South,49
B011233,Low,251871,Self-Employed,5,A,855,East,41
B011234,Upper-Middle,1529793,Salaried,18,D,603,West,28
B011235,Upper-Middle,1230648,Salaried,16,B,730,Central,21
B011236,Middle,740538,Salaried,19,B,740,South,42
B011237,Lower-Middle,523504,Salaried,8,B,763,West,61
B011238,Upper-Middle,1009180,Business Owner,13,B,744,Central,31
B011239,Upper-Middle,1298360,Salaried,17,D,591,East,39
B011240,Low,179236,Salaried,6,C,665,East,26
B011241,Upper-Middle,1397584,Salaried,29,D,583,East,37
B011242,Low,181699,Freelancer,6,D,597,East,25
B011243,Middle,878003,Salaried,3,C,648,Central,31
B011244,Middle,916114,Salaried,3,B,760,North,48
B011245,Upper-Middle,1239027,Business Owner,1,D,574,Central,41
B011246,Middle,824203,Salaried,3,D,557,South,29
B011247,Lower-Middle,444793,Business Owner,25,E,510,South,27
B011248,Middle,694408,Salaried,11,D,539,East,34
B011249,Lower-Middle,524238,Business Owner,15,E,456,East,57
B011250,Middle,715942,Salaried,6,D,597,West,29
B011251,Middle,837616,Salaried,17,E,455,North,35
B011252,Upper-Middle,1688893,Salaried,1,D,623,Central,26
B011253,Lower-Middle,496963,Self-Employed,8,G,300,Central,48
B011254,Lower-Middle,416185,Business Owner,10,E,528,North,21
B011255,Middle,812906,Salaried,14,B,783,East,29
B011256,Low,282979,Self-Employed,3,E,450,Central,42
B011257,Lower-Middle,490252,Salaried,14,B,761,North,50
B011258,Lower-Middle,464734,Business Owner,21,F,365,South,54
B011259,Middle,763667,Freelancer,29,C,649,East,53
B011260,Lower-Middle,526515,Salaried,15,C,658,Central,24
B011261,Middle,668850,Salaried,23,A,798,East,46
B011262,Upper-Middle,1572322,Business Owner,1,F,382,North,28
B011263,Middle,823866,Freelancer,3,F,394,West,47
B011264,Lower-Middle,327030,Self-Employed,4,C,664,East,60
B011265,Low,275433,Salaried,4,B,724,East,22
B011266,Low,236442,Business Owner,0,D,568,West,61
B011267,Middle,844856,Salaried,25,C,674,North,61
B011268,Middle,831218,Unemployed,7,G,328,South,63
B011269,Low,287124,Business Owner,4,C,733,North,22
B011270,Lower-Middle,463967,Freelancer,4,D,608,Central,48
B011271,Lower-Middle,529569,Freelancer,28,A,827,Central,32
B011272,Lower-Middle,461153,Freelancer,3,G,300,Central,21
B011273,High,3560144,Salaried,1,D,589,South,23
B011274,Lower-Middle,535746,Freelancer,6,G,342,South,26
B011275,Low,298756,Salaried,20,C,714,East,39
B011276,Lower-Middle,478753,Salaried,20,D,537,North,30
B011277,Low,204037,Salaried,5,A,875,Central,24
B011278,Low,285818,Salaried,0,E,458,North,36
B011279,Lower-Middle,495651,Salaried,16,B,753,West,42
B011280,Lower-Middle,484042,Salaried,5,C,694,North,36
B011281,Low,261458,Salaried,11,D,559,North,48
B011282,Middle,801909,Salaried,16,A,838,West,28
B011283,Middle,884872,Salaried,25,E,538,North,35
B011284,Low,297526,Self-Employed,9,E,530,North,28
B011285,Upper-Middle,1573229,Self-Employed,2,D,591,South,30
B011286,Lower-Middle,528482,Self-Employed,14,D,534,East,63
B011287,High,3340557,Business Owner,9,A,809,South,49
B011288,High,3204295,Self-Employed,29,C,673,North,24
B011289,Lower-Middle,491595,Salaried,8,E,502,North,28
B011290,Lower-Middle,595912,Salaried,8,A,856,Central,21
B011291,Upper-Middle,1527136,Salaried,6,G,300,Central,58
B011292,Lower-Middle,313993,Salaried,25,D,579,South,22
B011293,Low,181827,Freelancer,0,A,876,West,24
B011294,Middle,710238,Salaried,0,C,666,West,45
B011295,Middle,871797,Unemployed,1,D,557,South,41
B011296,Upper-Middle,1130253,Salaried,10,G,312,East,30
B011297,Middle,957285,Business Owner,17,E,502,North,41
B011298,Upper-Middle,1135031,Salaried,8,D,571,South,42
B011299,Upper-Middle,1670326,Freelancer,19,G,318,East,26
B011300,Middle,966576,Business Owner,19,C,665,West,41
B011301,Middle,996846,Salaried,0,C,634,South,56
B011302,High,1835441,Salaried,29,E,482,North,60
B011303,High,2858920,Self-Employed,4,D,605,West,48
B011304,Upper-Middle,1632605,Salaried,17,B,750,West,28
B011305,Upper-Middle,1736876,Salaried,6,E,541,North,55
B011306,Middle,806084,Freelancer,15,C,623,North,34
B011307,Lower-Middle,372309,Self-Employed,9,D,591,South,27
B011308,Upper-Middle,1278799,Salaried,21,E,505,North,50
B011309,Low,210655,Salaried,27,C,642,West,29
B011310,Lower-Middle,537821,Salaried,0,E,489,Central,44
B011311,Lower-Middle,580216,Business Owner,24,F,345,Central,43
B011312,Middle,783671,Salaried,22,C,671,North,46
B011313,Middle,983353,Salaried,16,B,749,South,36
B011314,Low,253856,Salaried,3,F,409,South,41
B011315,Low,219342,Unemployed,20,C,684,East,26
B011316,Lower-Middle,332169,Salaried,27,C,665,North,57
B011317,Lower-Middle,451629,Self-Employed,20,A,821,South,50
B011318,Low,208794,Salaried,27,B,726,West,26
B011319,Middle,651505,Business Owner,29,D,552,West,57
B011320,Lower-Middle,565066,Salaried,11,E,498,West,62
B011321,Lower-Middle,335954,Freelancer,28,D,587,East,54
B011322,Lower-Middle,580838,Freelancer,0,C,614,North,28
B011323,Middle,609910,Salaried,23,F,445,Central,50
B011324,Upper-Middle,1151503,Salaried,7,C,677,East,29
B011325,Low,257040,Freelancer,7,B,748,Central,55
B011326,Lower-Middle,586263,Salaried,24,F,381,Central,31
B011327,Middle,624053,Business Owner,27,C,659,North,61
B011328,Low,187754,Business Owner,10,D,610,West,53
B011329,Upper-Middle,1477694,Salaried,8,E,510,West,57
B011330,High,3874139,Salaried,12,C,667,Central,47
B011331,Middle,770406,Salaried,14,D,605,West,25
B011332,High,3077449,Self-Employed,19,F,419,North,25
B011333,Lower-Middle,406559,Salaried,17,B,755,North,56
B011334,Lower-Middle,337784,Business Owner,8,F,427,South,59
B011335,Low,153302,Self-Employed,19,B,792,South,37
B011336,Low,250858,Business Owner,18,E,519,East,64
B011337,Lower-Middle,563245,Salaried,21,C,684,Central,33
B011338,Middle,665718,Salaried,13,D,593,East,42
B011339,Middle,832794,Salaried,16,D,558,South,40
B011340,Lower-Middle,522370,Salaried,29,B,711,West,21
B011341,Middle,719509,Salaried,15,B,767,East,33
B011342,Lower-Middle,415060,Freelancer,29,E,484,Central,43
B011343,Lower-Middle,577252,Salaried,12,E,480,East,21
B011344,Lower-Middle,400787,Salaried,15,B,725,West,46
B011345,Middle,707496,Self-Employed,2,E,509,North,43
B011346,Middle,635309,Self-Employed,12,C,665,East,29
B011347,Upper-Middle,1484353,Salaried,4,D,554,East,44
B011348,Low,220201,Salaried,0,D,563,East,22
B011349,Lower-Middle,587773,Salaried,11,E,463,West,49
B011350,High,3103898,Salaried,10,D,572,North,42
B011351,Low,185513,Salaried,10,A,850,South,37
B011352,Lower-Middle,317426,Salaried,21,C,682,East,59
B011353,Low,284936,Self-Employed,2,C,624,West,57
B011354,Low,261972,Freelancer,23,D,583,North,31
B011355,Middle,839133,Salaried,12,B,721,West,44
B011356,Low,217742,Salaried,4,C,659,West,37
B011357,Middle,616534,Freelancer,4,A,860,East,59
B011358,High,3070225,Self-Employed,27,C,664,West,60
B011359,Lower-Middle,337584,Business Owner,9,D,528,East,57
B011360,Low,263676,Freelancer,4,F,388,Central,47
B011361,Upper-Middle,1713755,Self-Employed,11,B,799,North,64
B011362,Middle,969883,Business Owner,26,A,876,East,46
B011363,Upper-Middle,1045638,Salaried,10,C,731,West,48
B011364,Lower-Middle,429508,Freelancer,12,D,582,North,35
B011365,Middle,841375,Self-Employed,25,D,562,West,52
B011366,High,2792689,Salaried,7,C,660,North,63
B011367,Low,249056,Self-Employed,28,A,854,West,45
B011368,Upper-Middle,1406787,Salaried,21,F,392,Central,51
B011369,Middle,643303,Self-Employed,1,D,598,South,33
B011370,Upper-Middle,1122858,Salaried,25,E,503,North,25
B011371,Low,246179,Self-Employed,18,C,634,West,37
B011372,Lower-Middle,540203,Salaried,28,E,512,South,23
B011373,Low,152407,Self-Employed,16,E,494,West,64
B011374,High,2551737,Self-Employed,22,A,890,North,48
B011375,Low,183337,Salaried,12,A,875,West,53
B011376,Low,291852,Salaried,28,B,788,Central,32
B011377,Upper-Middle,1264357,Salaried,0,E,488,West,47
B011378,Lower-Middle,434885,Self-Employed,11,C,637,South,25
B011379,Middle,892637,Freelancer,5,C,703,West,61
B011380,Lower-Middle,335121,Salaried,27,D,599,South,53
B011381,Middle,714225,Self-Employed,27,D,622,East,33
B011382,Lower-Middle,569813,Freelancer,14,C,658,West,59
B011383,Middle,858113,Self-Employed,21,C,679,Central,44
B011384,Middle,796956,Salaried,3,C,671,East,40
B011385,Lower-Middle,492797,Salaried,14,A,834,Central,43
B011386,Lower-Middle,490817,Freelancer,28,B,719,East,34
B011387,Low,186877,Salaried,5,F,392,Central,38
B011388,Middle,979621,Salaried,4,G,300,North,26
B011389,Low,200938,Self-Employed,29,E,522,North,24
B011390,Lower-Middle,424497,Salaried,2,C,679,South,50
B011391,Lower-Middle,333452,Self-Employed,16,B,748,South,48
B011392,Middle,809788,Unemployed,9,D,610,South,21
B011393,Middle,841915,Freelancer,29,A,873,West,37
B011394,Lower-Middle,450924,Self-Employed,16,F,404,Central,50
B011395,Upper-Middle,1606454,Freelancer,28,E,490,North,27
B011396,Middle,734730,Business Owner,9,G,300,South,63
B011397,Upper-Middle,1476903,Freelancer,17,E,496,Central,35
B011398,Middle,686401,Freelancer,17,C,667,South,38
B011399,Low,291225,Freelancer,15,C,700,West,47
B011400,High,3436900,Salaried,17,E,502,North,53
B011401,Upper-Middle,1198262,Salaried,5,D,573,Central,36
B011402,Middle,636416,Salaried,22,F,433,East,23
B011403,Low,175087,Self-Employed,12,C,657,Central,43
B011404,Low,172450,Freelancer,29,D,570,North,36
B011405,Middle,882913,Unemployed,13,C,674,East,31
B011406,Lower-Middle,302774,Freelancer,18,B,777,Central,41
B011407,Middle,704862,Business Owner,5,D,592,North,27
B011408,Lower-Middle,420592,Salaried,7,A,897,Central,49
B011409,Middle,611302,Salaried,29,C,686,West,50
B011410,Lower-Middle,375548,Self-Employed,0,D,536,East,34
B011411,Low,267241,Salaried,23,B,767,Central,39
B011412,Low,277828,Business Owner,18,E,493,Central,49
B011413,Upper-Middle,1372347,Self-Employed,2,B,739,North,58
B011414,Middle,885457,Salaried,10,E,487,North,52
B011415,High,3657594,Self-Employed,1,A,818,South,60
B011416,Upper-Middle,1065102,Self-Employed,10,D,588,East,27
B011417,Upper-Middle,1647716,Business Owner,5,C,668,West,34
B011418,Middle,935254,Business Owner,9,E,467,North,58
B011419,Upper-Middle,1572469,Salaried,29,D,569,South,29
B011420,High,2699696,Business Owner,12,C,701,South,51
B011421,Middle,806224,Salaried,6,D,584,East,24
B011422,Low,173154,Salaried,14,C,663,East,64
B011423,Middle,900322,Salaried,24,C,653,East,34
B011424,Low,257805,Business Owner,20,C,686,West,55
B011425,Low,243434,Freelancer,2,E,511,West,55
B011426,Middle,932858,Salaried,23,D,599,Central,54
B011427,Upper-Middle,1066153,Business Owner,1,F,417,Central,32
B011428,Low,229026,Freelancer,13,A,877,Central,21
B011429,Low,197600,Freelancer,29,B,752,Central,64
B011430,Upper-Middle,1476173,Salaried,2,D,563,South,39
B011431,Low,151590,Salaried,25,D,590,West,51
B011432,Low,192825,Salaried,13,A,854,West,34
B011433,Middle,634673,Freelancer,26,C,665,West,64
B011434,Upper-Middle,1349724,Salaried,26,G,312,Central,55
B011435,Middle,969232,Salaried,23,C,721,West,49
B011436,Middle,618281,Unemployed,27,C,679,East,49
B011437,Lower-Middle,576009,Salaried,22,B,779,South,23
B011438,Lower-Middle,509643,Self-Employed,28,A,815,East,43
B011439,Upper-Middle,1706267,Unemployed,8,C,700,East,33
B011440,Upper-Middle,1633994,Salaried,23,B,762,West,36
B011441,Lower-Middle,428049,Salaried,18,C,674,North,44
B011442,Lower-Middle,434011,Salaried,21,B,755,North,25
B011443,Lower-Middle,304934,Self-Employed,0,C,641,West,55
B011444,Low,225367,Salaried,16,C,632,West,34
B011445,Lower-Middle,450973,Salaried,16,F,381,West,41
B011446,Low,263823,Salaried,10,C,758,East,47
B011447,Upper-Middle,1455577,Self-Employed,12,B,799,Central,25
B011448,Lower-Middle,385336,Business Owner,24,E,494,South,33
B011449,Middle,690768,Self-Employed,6,E,500,East,30
B011450,Middle,909230,Business Owner,5,D,618,Central,26
B011451,Upper-Middle,1405123,Freelancer,10,C,676,Central,51
B011452,High,2020848,Business Owner,22,E,443,North,21
B011453,Lower-Middle,539676,Self-Employed,26,D,612,North,27
B011454,Low,209370,Salaried,16,C,672,Central,60
B011455,Upper-Middle,1222537,Salaried,19,C,676,East,49
B011456,Low,167071,Salaried,17,A,850,West,30
B011457,Lower-Middle,358139,Salaried,6,A,845,North,54
B011458,Low,157835,Freelancer,11,B,780,North,62
B011459,Upper-Middle,1576895,Salaried,19,B,764,West,37
B011460,Low,242493,Salaried,16,F,406,North,21
B011461,Middle,985265,Business Owner,24,E,469,West,43
B011462,Lower-Middle,349879,Unemployed,23,A,900,West,39
B011463,Middle,722697,Business Owner,12,A,883,Central,31
B011464,Lower-Middle,491810,Salaried,14,D,606,North,42
B011465,Upper-Middle,1444419,Self-Employed,13,C,710,South,36
B011466,Upper-Middle,1435687,Salaried,24,E,494,North,38
B011467,Lower-Middle,327888,Self-Employed,5,G,336,East,33
B011468,Lower-Middle,306221,Self-Employed,0,D,602,East,25
B011469,Upper-Middle,1577502,Business Owner,28,B,764,North,36
B011470,Upper-Middle,1566076,Salaried,24,F,399,Central,59
B011471,Lower-Middle,308564,Freelancer,26,C,670,East,60
B011472,Lower-Middle,549311,Salaried,26,C,675,South,61
B011473,Low,265009,Salaried,11,E,458,West,32
B011474,Low,182572,Business Owner,27,C,687,East,54
B011475,Low,234936,Salaried,6,B,790,West,21
B011476,Low,189427,Salaried,13,E,477,West,25
B011477,Low,275115,Salaried,3,B,748,Central,56
B011478,Upper-Middle,1139454,Salaried,13,A,834,East,32
B011479,Upper-Middle,1664256,Salaried,16,D,572,South,58
B011480,Upper-Middle,1526593,Business Owner,11,A,822,South,33
B011481,Middle,674197,Salaried,26,E,479,Central,48
B011482,Middle,946209,Unemployed,2,G,336,East,62
B011483,Low,274403,Business Owner,5,F,374,East,45
B011484,Middle,854191,Business Owner,26,B,755,East,56
B011485,Lower-Middle,449702,Freelancer,16,F,419,East,63
B011486,Middle,851604,Self-Employed,7,B,770,North,40
B011487,High,3273900,Salaried,21,C,685,West,42
B011488,Upper-Middle,1082195,Freelancer,4,A,864,North,43
B011489,Lower-Middle,420292,Salaried,25,E,495,East,51
B011490,Upper-Middle,1748686,Salaried,22,B,732,West,56
B011491,Low,265954,Self-Employed,7,D,583,Central,30
B011492,Low,161544,Salaried,4,E,475,North,23
B011493,Low,278627,Self-Employed,7,C,691,Central,39
B011494,Low,159401,Unemployed,22,E,474,West,38
B011495,Middle,873781,Self-Employed,15,C,696,West,45
B011496,Lower-Middle,401074,Salaried,24,B,763,East,23
B011497,Low,190702,Salaried,22,C,683,Central,28
B011498,High,2857295,Salaried,7,E,507,North,61
B011499,Middle,631640,Salaried,9,A,885,East,46
B011500,Lower-Middle,590051,Self-Employed,3,E,513,Central,40
B011501,Middle,982509,Business Owner,22,B,752,East,47
B011502,Middle,668139,Self-Employed,11,D,599,Central,28
B011503,Middle,983842,Self-Employed,8,B,773,East,34
B011504,Middle,982941,Salaried,4,C,695,West,64
B011505,Upper-Middle,1097699,Salaried,26,C,675,West,30
B011506,Lower-Middle,304070,Self-Employed,17,C,710,West,59
B011507,Middle,787629,Salaried,2,C,677,East,28
B011508,Low,200662,Salaried,26,D,544,West,43
B011509,Upper-Middle,1385585,Self-Employed,21,C,675,South,56
B011510,Lower-Middle,454479,Salaried,15,B,742,North,61
B011511,Lower-Middle,526120,Salaried,26,B,753,North,29
B011512,High,3189713,Salaried,7,F,400,West,29
B011513,Middle,804284,Salaried,7,B,775,East,38
B011514,Low,225304,Business Owner,17,C,663,South,54
B011515,Lower-Middle,581857,Salaried,10,B,800,East,25
B011516,Lower-Middle,388908,Freelancer,2,D,585,Central,55
B011517,High,2218709,Salaried,20,C,667,Central,43
B011518,Lower-Middle,394178,Salaried,9,C,697,East,47
B011519,Lower-Middle,536255,Salaried,28,G,320,East,51
B011520,Middle,719189,Freelancer,27,G,300,West,38
B011521,Lower-Middle,495328,Self-Employed,10,B,735,West,38
B011522,Low,206892,Business Owner,25,D,626,North,33
B011523,Upper-Middle,1318728,Freelancer,20,F,402,South,23
B011524,Low,261494,Salaried,23,G,311,East,49
B011525,Upper-Middle,1149350,Self-Employed,29,C,704,Central,51
B011526,Upper-Middle,1493787,Self-Employed,20,E,492,North,35
B011527,Low,235542,Business Owner,22,C,664,West,64
B011528,Middle,922499,Salaried,22,D,583,East,26
B011529,Upper-Middle,1730771,Freelancer,28,D,574,East,58
B011530,Middle,657196,Self-Employed,19,E,490,East,58
B011531,Middle,702885,Freelancer,16,F,405,North,23
B011532,Low,171328,Salaried,17,B,773,West,56
B011533,Low,299766,Salaried,15,B,757,East,28
B011534,Middle,843374,Salaried,1,D,581,South,34
B011535,Low,290762,Freelancer,14,C,673,North,50
B011536,Lower-Middle,589050,Salaried,2,D,642,North,21
B011537,Middle,961705,Self-Employed,8,E,504,South,31
B011538,Low,189965,Salaried,6,D,517,West,31
B011539,Upper-Middle,1405287,Salaried,25,E,488,South,22
B011540,Upper-Middle,1186819,Salaried,16,B,730,North,45
B011541,Upper-Middle,1344347,Business Owner,12,A,843,Central,50
B011542,Low,213898,Salaried,6,F,394,Central,51
B011543,Lower-Middle,574206,Business Owner,27,C,632,West,53
B011544,Upper-Middle,1555941,Business Owner,14,D,627,West,38
B011545,Lower-Middle,522491,Unemployed,23,A,855,West,37
B011546,Middle,895989,Self-Employed,17,E,517,West,58
B011547,Middle,818662,Self-Employed,17,B,744,Central,22
B011548,Lower-Middle,403580,Self-Employed,22,E,490,Central,32
B011549,Lower-Middle,551625,Salaried,18,A,869,South,35
B011550,Middle,738863,Salaried,16,A,820,South,62
B011551,Low,228141,Freelancer,15,C,736,North,29
B011552,Upper-Middle,1121342,Salaried,20,B,792,East,49
B011553,Middle,836935,Salaried,2,G,316,East,35
B011554,Low,220517,Self-Employed,13,C,656,West,53
B011555,Middle,951421,Business Owner,6,C,676,West,37
B011556,Lower-Middle,390850,Salaried,27,A,797,East,44
B011557,Lower-Middle,391231,Freelancer,22,D,590,North,27
B011558,High,2073324,Salaried,22,A,888,West,64
B011559,Middle,792820,Salaried,6,D,545,North,25
B011560,Middle,906545,Freelancer,13,G,300,Central,28
B011561,Upper-Middle,1517748,Salaried,2,C,648,North,39
B011562,Middle,635537,Self-Employed,5,E,519,East,40
B011563,Lower-Middle,390081,Freelancer,15,G,324,South,41
B011564,Lower-Middle,397516,Salaried,21,G,300,Central,32
B011565,Low,240110,Salaried,26,E,490,North,30
B011566,Lower-Middle,536528,Freelancer,13,F,405,West,32
B011567,Middle,997362,Self-Employed,20,C,641,Central,42
B011568,Upper-Middle,1203985,Freelancer,6,D,554,West,56
B011569,Lower-Middle,358041,Freelancer,11,D,568,South,26
B011570,Middle,769160,Self-Employed,18,B,738,South,46
B011571,Upper-Middle,1540910,Salaried,15,C,667,South,38
B011572,High,3380203,Salaried,11,C,650,South,25
B011573,Lower-Middle,548989,Salaried,12,A,854,East,38
B011574,Upper-Middle,1249731,Salaried,23,C,669,Central,61
B011575,Upper-Middle,1672792,Business Owner,13,E,506,Central,28
B011576,Low,250506,Unemployed,8,D,587,Central,27
B011577,Lower-Middle,305766,Freelancer,2,D,533,East,63
B011578,Lower-Middle,591844,Freelancer,14,D,569,East,52
B011579,Middle,701191,Salaried,9,A,863,East,38
B011580,Middle,630222,Salaried,10,A,881,East,50
B011581,Middle,777278,Salaried,10,B,790,North,47
B011582,Upper-Middle,1427716,Self-Employed,25,F,433,South,57
B011583,Lower-Middle,440300,Freelancer,26,E,494,East,37
B011584,Lower-Middle,530376,Freelancer,12,D,609,South,49
B011585,Upper-Middle,1093492,Freelancer,15,C,717,North,28
B011586,High,3586459,Salaried,7,G,332,South,37
B011587,Upper-Middle,1387997,Salaried,2,A,859,Central,27
B011588,Lower-Middle,323174,Salaried,25,A,865,Central,29
B011589,Low,296277,Self-Employed,9,D,533,North,54
B011590,Lower-Middle,568235,Salaried,27,D,569,South,44
B011591,Lower-Middle,395408,Business Owner,8,G,300,Central,25
B011592,Lower-Middle,451498,Salaried,11,E,489,East,22
B011593,Upper-Middle,1194871,Self-Employed,13,F,379,South,63
B011594,Middle,802941,Freelancer,26,E,450,West,44
B011595,Lower-Middle,374642,Salaried,9,F,412,West,37
B011596,Lower-Middle,411073,Self-Employed,14,D,563,West,28
B011597,Lower-Middle,381962,Business Owner,23,D,576,South,31
B011598,Middle,779245,Freelancer,21,D,590,West,49
B011599,Middle,627085,Salaried,9,F,363,South,24
B011600,Low,230211,Self-Employed,8,B,778,South,39
B011601,Upper-Middle,1175857,Salaried,9,D,581,Central,56
B011602,Low,175333,Salaried,4,C,683,South,54
B011603,Lower-Middle,404859,Salaried,13,D,561,North,39
B011604,High,3401058,Self-Employed,15,D,607,East,46
B011605,Lower-Middle,406775,Salaried,27,C,671,West,50
B011606,Low,263104,Self-Employed,12,D,585,West,42
B011607,Middle,991524,Salaried,8,D,570,South,51
B011608,Lower-Middle,583170,Salaried,0,B,724,Central,49
B011609,Low,183145,Business Owner,29,D,582,West,35
B011610,Low,289584,Salaried,1,A,865,East,30
B011611,Low,279526,Salaried,0,E,486,West,32
B011612,Middle,611305,Salaried,18,F,376,West,61
B011613,Lower-Middle,591414,Salaried,18,A,840,East,25
B011614,Upper-Middle,1766118,Salaried,10,B,774,Central,24
B011615,Upper-Middle,1593552,Business Owner,15,B,781,South,53
B011616,Low,240519,Self-Employed,0,E,514,North,36
B011617,Lower-Middle,597028,Salaried,18,A,875,East,56
B011618,Low,179305,Salaried,12,D,554,South,23
B011619,Lower-Middle,532445,Business Owner,27,C,681,Central,56
B011620,Lower-Middle,571283,Salaried,3,E,495,North,46
B011621,Upper-Middle,1399894,Salaried,27,D,572,West,21
B011622,Lower-Middle,389435,Salaried,4,D,535,Central,37
B011623,Middle,777931,Business Owner,2,D,570,Central,22
B011624,Middle,988798,Business Owner,22,E,534,South,23
B011625,Upper-Middle,1594018,Salaried,1,C,679,Central,24
B011626,Lower-Middle,464083,Salaried,2,C,665,East,50
B011627,Lower-Middle,333075,Business Owner,18,A,828,North,42
B011628,High,3321727,Salaried,13,C,686,East,63
B011629,Lower-Middle,379361,Salaried,11,C,711,West,51
B011630,Middle,995523,Business Owner,9,D,595,West,25
B011631,Middle,806812,Salaried,24,D,550,South,60
B011632,Middle,845741,Salaried,29,G,300,South,30
B011633,Lower-Middle,599798,Self-Employed,23,C,641,West,35
B011634,Low,262913,Self-Employed,0,D,633,North,32
B011635,Middle,794563,Salaried,16,E,497,Central,38
B011636,Middle,820415,Salaried,13,C,688,South,50
B011637,Upper-Middle,1723832,Salaried,10,D,589,East,29
B011638,Middle,974700,Salaried,20,C,681,East,38
B011639,High,2865050,Salaried,14,C,652,South,58
B011640,High,2564637,Salaried,28,A,825,East,54
B011641,Middle,912638,Salaried,17,A,821,West,33
B011642,Low,173889,Salaried,9,C,670,South,41
B011643,Lower-Middle,419272,Salaried,28,F,388,Central,50
B011644,Middle,608577,Self-Employed,19,B,747,North,22
B011645,Middle,935394,Self-Employed,21,A,853,East,54
B011646,Lower-Middle,314611,Unemployed,7,D,539,North,28
B011647,Middle,818473,Self-Employed,6,G,300,South,38
B011648,Lower-Middle,598265,Business Owner,18,A,878,Central,35
B011649,Lower-Middle,397974,Salaried,8,E,524,East,25
B011650,Upper-Middle,1642573,Business Owner,2,B,799,North,48
B011651,Lower-Middle,340473,Salaried,12,B,753,West,35
B011652,Middle,651761,Freelancer,8,F,398,South,50
B011653,Middle,690549,Unemployed,27,E,518,North,35
B011654,Middle,920884,Salaried,13,D,541,North,49
B011655,Lower-Middle,487955,Freelancer,11,B,755,East,63
B011656,Middle,932599,Self-Employed,1,D,591,North,23
B011657,Lower-Middle,385694,Business Owner,19,A,843,West,23
B011658,Middle,669902,Salaried,5,C,697,West,37
B011659,Low,232095,Salaried,21,E,493,Central,55
B011660,High,1876606,Business Owner,3,D,550,Central,48
B011661,Upper-Middle,1389879,Salaried,21,D,570,Central,63
B011662,Lower-Middle,587619,Self-Employed,28,B,738,South,49
B011663,Lower-Middle,494605,Salaried,28,E,516,South,58
B011664,Lower-Middle,451825,Salaried,15,G,330,West,46
B011665,Middle,678472,Business Owner,9,F,419,East,29
B011666,Middle,783780,Business Owner,17,A,869,West,39
B011667,Middle,820081,Freelancer,23,A,873,Central,48
B011668,Upper-Middle,1401334,Self-Employed,24,D,638,West,21
B011669,Middle,818276,Self-Employed,2,D,574,East,37
B011670,Middle,986618,Freelancer,10,E,490,Central,45
B011671,Lower-Middle,358022,Self-Employed,15,C,670,East,40
B011672,Middle,759284,Self-Employed,3,D,587,North,32
B011673,Middle,659402,Freelancer,17,B,768,North,39
B011674,Upper-Middle,1329335,Business Owner,5,F,439,North,36
B011675,Low,164388,Business Owner,4,B,799,North,53
B011676,Lower-Middle,406384,Self-Employed,20,F,406,East,47
B011677,Lower-Middle,416116,Self-Employed,19,F,422,East,61
B011678,High,3399937,Self-Employed,28,A,813,East,42
B011679,Middle,965583,Self-Employed,29,E,505,South,49
B011680,Lower-Middle,451871,Self-Employed,13,C,718,South,40
B011681,Lower-Middle,532857,Salaried,20,B,683,East,53
B011682,Middle,762432,Salaried,9,C,691,Central,38
B011683,Upper-Middle,1226120,Salaried,15,F,425,West,55
B011684,High,2130082,Salaried,26,C,668,North,54
B011685,Upper-Middle,1315342,Salaried,8,B,780,South,30
B011686,Upper-Middle,1606424,Salaried,11,D,571,Central,42
B011687,Lower-Middle,480146,Salaried,4,C,716,Central,55
B011688,Lower-Middle,365469,Business Owner,3,A,877,East,48
B011689,Middle,899106,Self-Employed,23,B,771,South,49
B011690,Middle,635462,Business Owner,7,A,818,Central,25
B011691,Lower-Middle,346799,Salaried,17,D,564,Central,60
B011692,Upper-Middle,1145186,Salaried,23,D,526,South,47
B011693,Lower-Middle,505050,Salaried,11,E,491,North,24
B011694,Lower-Middle,385187,Salaried,25,B,770,East,23
B011695,Lower-Middle,564625,Salaried,26,E,485,West,31
B011696,Upper-Middle,1073551,Self-Employed,23,C,664,West,54
B011697,Upper-Middle,1749337,Salaried,17,A,841,Central,50
B011698,Middle,602002,Business Owner,29,F,380,East,21
B011699,Upper-Middle,1733870,Salaried,22,D,574,Central,34
B011700,Upper-Middle,1104477,Salaried,4,D,588,Central,53
B011701,Lower-Middle,307019,Business Owner,19,A,809,North,31
B011702,Upper-Middle,1214947,Salaried,14,A,889,East,44
B011703,Lower-Middle,400953,Salaried,5,D,571,North,55
B011704,Middle,894139,Self-Employed,19,F,384,North,52
B011705,Low,284736,Self-Employed,29,D,603,North,63
B011706,Lower-Middle,415731,Self-Employed,29,A,880,West,31
B011707,Middle,700538,Freelancer,20,D,626,Central,43
B011708,Low,192036,Salaried,28,C,706,East,44
B011709,Middle,950319,Salaried,12,B,728,Central,39
B011710,Middle,621603,Freelancer,10,E,501,West,58
B011711,Middle,773770,Self-Employed,18,D,605,North,36
B011712,Low,183096,Freelancer,26,E,512,South,30
B011713,Low,203534,Business Owner,5,B,724,West,21
B011714,Lower-Middle,378307,Salaried,15,B,742,West,22
B011715,Upper-Middle,1624739,Self-Employed,26,D,564,West,25
B011716,Upper-Middle,1201815,Salaried,2,D,601,West,54
B011717,Lower-Middle,570202,Salaried,4,D,569,West,46
B011718,Middle,882597,Salaried,1,E,506,Central,51
B011719,Middle,717073,Salaried,22,D,577,East,31
B011720,High,1943928,Self-Employed,29,D,601,South,27
B011721,Low,175819,Self-Employed,15,B,768,North,54
B011722,Middle,808296,Freelancer,28,C,681,South,36
B011723,Middle,930365,Salaried,28,D,535,East,55
B011724,Lower-Middle,415137,Salaried,18,D,560,East,39
B011725,Low,210070,Salaried,24,C,690,North,26
B011726,Low,287242,Self-Employed,20,F,395,West,22
B011727,Middle,770715,Salaried,9,B,736,South,24
B011728,Middle,668072,Salaried,17,G,300,East,37
B011729,Middle,673062,Self-Employed,0,E,448,West,34
B011730,Lower-Middle,555031,Salaried,23,D,593,Central,25
B011731,Upper-Middle,1383921,Self-Employed,0,B,812,East,30
B011732,Lower-Middle,535092,Salaried,8,D,539,Central,64
B011733,High,3059429,Salaried,4,A,862,West,48
B011734,Low,181490,Freelancer,7,F,394,Central,64
B011735,Upper-Middle,1199056,Salaried,2,C,668,East,43
B011736,Upper-Middle,1109542,Salaried,15,C,677,North,45
B011737,Upper-Middle,1080754,Freelancer,3,D,544,South,42
B011738,Upper-Middle,1489002,Salaried,6,A,854,South,42
B011739,Lower-Middle,537140,Salaried,12,D,626,South,34
B011740,Middle,874075,Salaried,15,E,499,South,63
B011741,Middle,961397,Self-Employed,26,B,765,East,24
B011742,Lower-Middle,571954,Self-Employed,28,B,765,Central,50
B011743,High,3881094,Self-Employed,18,D,578,North,59
B011744,Lower-Middle,530828,Freelancer,9,D,602,West,26
B011745,Lower-Middle,443408,Salaried,2,C,702,East,61
B011746,Upper-Middle,1278272,Salaried,18,C,665,North,30
B011747,Lower-Middle,323643,Freelancer,23,C,636,West,63
B011748,Low,290392,Salaried,26,C,696,East,49
B011749,Lower-Middle,385635,Freelancer,14,B,759,West,41
B011750,Upper-Middle,1123187,Freelancer,17,C,666,Central,62
B011751,Upper-Middle,1067895,Freelancer,21,C,696,North,29
B011752,Low,186694,Salaried,3,C,667,South,35
B011753,Middle,941686,Self-Employed,13,A,880,North,47
B011754,Middle,979637,Business Owner,18,D,614,East,26
B011755,Middle,700065,Salaried,19,A,880,Central,28
B011756,Middle,935631,Self-Employed,18,B,773,West,54
B011757,High,3093816,Salaried,9,E,492,East,27
B011758,Lower-Middle,386844,Salaried,9,G,302,North,30
B011759,Lower-Middle,388165,Freelancer,28,G,300,South,60
B011760,Middle,759632,Unemployed,18,D,615,East,25
B011761,Lower-Middle,342900,Salaried,0,B,764,East,48
B011762,Middle,859920,Salaried,23,E,478,Central,51
B011763,Low,155068,Self-Employed,16,D,596,South,24
B011764,Low,283574,Salaried,24,G,348,North,45
B011765,High,3465994,Self-Employed,8,D,586,East,39
B011766,Low,201548,Self-Employed,23,D,607,West,40
B011767,Middle,797953,Salaried,6,A,880,South,35
B011768,Upper-Middle,1331891,Business Owner,15,B,764,Central,23
B011769,Low,292786,Salaried,26,D,575,West,43
B011770,Lower-Middle,447232,Salaried,22,G,335,East,21
B011771,Lower-Middle,584151,Business Owner,21,C,679,Central,39
B011772,Middle,912312,Salaried,1,A,858,South,39
B011773,Lower-Middle,532768,Salaried,10,C,670,Central,47
B011774,Middle,883645,Self-Employed,21,B,768,West,47
B011775,Lower-Middle,502934,Salaried,24,G,300,North,54
B011776,Low,209494,Salaried,7,B,750,South,59
B011777,Low,165261,Business Owner,27,B,816,West,43
B011778,Lower-Middle,451075,Salaried,2,C,670,South,47
B011779,Lower-Middle,534929,Salaried,14,D,600,Central,43
B011780,High,2070953,Salaried,14,E,483,South,42
B011781,Low,220970,Self-Employed,5,C,705,Central,47
B011782,Middle,701599,Salaried,5,F,410,Central,28
B011783,Middle,781020,Freelancer,13,D,577,North,22
B011784,Middle,681286,Salaried,29,A,804,West,27
B011785,Middle,870936,Business Owner,19,A,836,West,28
B011786,Low,246830,Business Owner,5,C,691,North,47
B011787,Middle,771780,Business Owner,19,C,616,West,25
B011788,Lower-Middle,375478,Business Owner,28,C,649,South,36
B011789,Upper-Middle,1223108,Salaried,9,A,771,Central,25
B011790,Lower-Middle,359216,Salaried,25,A,794,Central,27
B011791,Middle,986597,Salaried,17,A,857,North,49
B011792,Middle,691999,Salaried,25,E,459,Central,38
B011793,Middle,770325,Salaried,14,D,588,Central,56
B011794,Low,225281,Self-Employed,13,B,788,South,53
B011795,Middle,868380,Salaried,2,C,663,Central,31
B011796,Upper-Middle,1601011,Unemployed,7,F,400,West,24
B011797,Middle,754154,Self-Employed,5,A,834,East,63
B011798,Lower-Middle,455155,Salaried,14,B,767,North,26
B011799,Low,285033,Salaried,16,C,670,East,51
B011800,Lower-Middle,334472,Self-Employed,28,B,729,North,46
B011801,Upper-Middle,1353515,Salaried,6,B,749,South,57
B011802,Lower-Middle,356808,Salaried,9,G,343,Central,45
B011803,Middle,618443,Self-Employed,14,E,524,North,21
B011804,Upper-Middle,1123973,Self-Employed,4,E,493,East,27
B011805,Middle,699598,Salaried,13,F,332,Central,57
B011806,Middle,825458,Salaried,22,B,783,North,47
B011807,Middle,906721,Salaried,10,F,367,North,54
B011808,Middle,976296,Salaried,14,G,300,East,48
B011809,Lower-Middle,587445,Salaried,28,D,581,East,64
B011810,Upper-Middle,1703036,Business Owner,7,F,438,East,24
B011811,High,2933074,Self-Employed,27,E,484,South,24
B011812,Middle,769569,Salaried,1,C,686,Central,52
B011813,High,2790316,Unemployed,18,C,627,North,22
B011814,High,3923600,Self-Employed,24,D,586,North,25
B011815,Middle,835757,Salaried,3,D,606,South,52
B011816,Middle,898106,Business Owner,7,C,660,West,54
B011817,Middle,625986,Business Owner,17,A,846,North,58
B011818,Lower-Middle,592156,Salaried,0,A,887,West,31
B011819,Low,228094,Salaried,12,A,841,South,50
B011820,Middle,841066,Business Owner,29,C,681,West,30
B011821,Upper-Middle,1646287,Salaried,13,A,830,South,64
B011822,Lower-Middle,325348,Salaried,25,B,758,West,50
B011823,Upper-Middle,1010097,Business Owner,1,G,300,North,54
B011824,Middle,982147,Business Owner,18,C,631,West,50
B011825,Middle,685329,Self-Employed,29,F,388,North,64
B011826,Lower-Middle,331734,Salaried,17,B,790,East,32
B011827,Middle,974284,Salaried,10,C,677,West,54
B011828,Lower-Middle,412595,Freelancer,6,D,599,North,63
B011829,Lower-Middle,556309,Business Owner,3,G,300,Central,30
B011830,Low,289687,Business Owner,12,D,633,Central,38
B011831,Low,179471,Salaried,19,F,424,West,51
B011832,Lower-Middle,320765,Freelancer,18,A,825,South,38
B011833,Middle,615706,Salaried,28,C,658,West,51
B011834,Lower-Middle,382905,Salaried,9,F,362,South,29
B011835,Lower-Middle,353481,Business Owner,15,D,539,West,24
B011836,Upper-Middle,1721227,Salaried,20,B,770,North,23
B011837,Middle,971499,Self-Employed,19,B,704,West,29
B011838,High,2772352,Self-Employed,19,E,493,South,57
B011839,Middle,741098,Freelancer,18,B,742,East,50
B011840,Low,211190,Salaried,27,D,593,South,35
B011841,High,3634253,Salaried,9,B,763,South,50
B011842,Upper-Middle,1115807,Self-Employed,2,B,724,South,42
B011843,Middle,660326,Business Owner,28,C,664,Central,28
B011844,Middle,712010,Freelancer,1,B,763,East,55
B011845,Middle,833133,Salaried,29,D,582,West,22
B011846,Middle,884926,Business Owner,0,B,757,West,25
B011847,Upper-Middle,1792398,Salaried,23,E,521,West,32
B011848,Middle,616335,Salaried,29,D,607,Central,48
B011849,Low,203531,Salaried,10,C,642,North,36
B011850,Low,196186,Salaried,18,D,545,East,36
B011851,Low,156325,Salaried,29,C,637,Central,44
B011852,Lower-Middle,537564,Salaried,22,A,845,Central,57
B011853,Lower-Middle,427771,Salaried,23,C,675,East,35
B011854,Upper-Middle,1491327,Freelancer,19,D,625,North,38
B011855,Lower-Middle,435676,Salaried,10,B,737,South,22
B011856,Lower-Middle,409836,Business Owner,6,E,490,South,62
B011857,Lower-Middle,341273,Freelancer,2,C,664,South,58
B011858,Middle,956385,Salaried,20,B,771,North,37
B011859,Middle,647763,Business Owner,7,A,848,Central,58
B011860,Middle,831402,Salaried,19,A,828,East,22
B011861,High,3947519,Salaried,21,B,763,South,24
B011862,High,2430472,Self-Employed,27,C,713,Central,45
B011863,Upper-Middle,1381881,Self-Employed,25,B,758,Central,45
B011864,Upper-Middle,1596517,Salaried,10,D,622,South,26
B011865,Lower-Middle,377020,Freelancer,1,B,757,North,43
B011866,Middle,690051,Business Owner,18,G,340,West,27
B011867,Lower-Middle,333210,Salaried,21,D,565,Central,40
B011868,Upper-Middle,1018142,Salaried,11,E,502,West,42
B011869,Low,192402,Freelancer,20,C,698,Central,30
B011870,Lower-Middle,503751,Unemployed,5,B,781,North,33
B011871,Low,161271,Self-Employed,5,C,714,North,43
B011872,Middle,907122,Business Owner,23,C,740,East,44
B011873,Middle,770926,Salaried,4,D,543,East,64
B011874,Low,233096,Salaried,13,F,371,North,50
B011875,Middle,724874,Freelancer,7,B,724,North,54
B011876,Lower-Middle,497774,Self-Employed,12,A,898,South,60
B011877,Upper-Middle,1604846,Self-Employed,1,E,475,West,37
B011878,Low,162767,Self-Employed,13,A,841,Central,33
B011879,Low,283156,Salaried,27,E,503,Central,46
B011880,Middle,835296,Salaried,27,E,489,South,43
B011881,Middle,859801,Self-Employed,13,E,499,South,49
B011882,Upper-Middle,1421364,Salaried,18,A,835,Central,54
B011883,Middle,637338,Salaried,2,B,796,North,47
B011884,High,2780683,Salaried,6,D,553,West,46
B011885,Lower-Middle,352994,Salaried,17,C,667,North,56
B011886,Lower-Middle,453262,Freelancer,12,E,497,South,36
B011887,High,3782936,Salaried,9,C,686,North,28
B011888,Low,220681,Salaried,3,C,680,East,24
B011889,Upper-Middle,1167308,Business Owner,9,B,752,North,28
B011890,Low,225790,Freelancer,9,D,562,West,29
B011891,Middle,735090,Business Owner,5,C,714,East,40
B011892,Low,289309,Freelancer,10,C,637,West,22
B011893,Middle,770456,Self-Employed,13,C,691,West,55
B011894,Upper-Middle,1637558,Business Owner,4,D,549,East,48
B011895,Low,222269,Salaried,1,E,501,East,32
B011896,Low,185413,Salaried,26,A,874,South,43
B011897,Lower-Middle,498976,Salaried,16,B,726,West,24
B011898,Lower-Middle,305661,Business Owner,18,D,597,Central,34
B011899,Lower-Middle,544939,Self-Employed,6,E,474,North,42
B011900,High,3762476,Business Owner,0,C,612,North,62
B011901,Low,232147,Self-Employed,25,C,690,West,49
B011902,Lower-Middle,374267,Business Owner,3,E,463,West,43
B011903,Middle,669729,Salaried,24,D,563,East,64
B011904,Lower-Middle,516444,Salaried,29,C,633,North,64
B011905,Lower-Middle,364325,Self-Employed,2,A,832,East,44
B011906,Middle,804406,Salaried,2,D,615,East,37
B011907,Middle,945172,Freelancer,0,C,714,West,36
B011908,Upper-Middle,1611254,Salaried,20,D,559,North,48
B011909,Lower-Middle,304406,Salaried,7,E,485,East,55
B011910,Middle,881407,Self-Employed,22,C,676,North,34
B011911,Upper-Middle,1009556,Salaried,15,B,733,Central,58
B011912,Upper-Middle,1259275,Self-Employed,26,B,776,North,62
B011913,High,2623526,Salaried,29,E,525,East,45
B011914,Lower-Middle,441588,Salaried,26,F,369,Central,32
B011915,High,3240598,Business Owner,9,G,344,South,34
B011916,Upper-Middle,1792835,Salaried,20,E,460,North,29
B011917,Upper-Middle,1141633,Self-Employed,11,D,572,West,32
B011918,Middle,868490,Salaried,19,F,462,South,49
B011919,High,2199374,Self-Employed,25,C,716,West,23
B011920,Lower-Middle,399723,Salaried,14,F,366,East,35
B011921,Upper-Middle,1651303,Salaried,21,C,691,South,58
B011922,Middle,628671,Business Owner,1,D,547,North,59
B011923,Upper-Middle,1015922,Self-Employed,21,B,773,South,24
B011924,Upper-Middle,1288278,Freelancer,18,D,570,Central,26
B011925,Lower-Middle,431910,Business Owner,23,C,685,Central,31
B011926,Lower-Middle,423545,Self-Employed,11,C,678,North,23
B011927,Lower-Middle,476002,Salaried,25,D,586,North,45
B011928,Upper-Middle,1587856,Business Owner,14,F,395,Central,22
B011929,Middle,857105,Self-Employed,11,E,546,Central,31
B011930,Upper-Middle,1590617,Business Owner,19,C,658,North,34
B011931,Upper-Middle,1415974,Self-Employed,6,E,473,East,59
B011932,Middle,776724,Salaried,18,D,619,East,56
B011933,Low,169636,Business Owner,19,C,644,Central,53
B011934,Middle,994257,Business Owner,23,F,425,West,61
B011935,Upper-Middle,1525368,Salaried,5,B,752,West,64
B011936,Middle,692080,Self-Employed,20,E,469,North,60
B011937,Upper-Middle,1549890,Self-Employed,8,B,788,West,62
B011938,High,2982821,Self-Employed,25,F,408,Central,61
B011939,Lower-Middle,421179,Freelancer,9,E,492,East,30
B011940,Middle,846037,Salaried,29,C,675,East,34
B011941,Middle,689090,Salaried,4,A,867,South,41
B011942,Middle,988660,Salaried,11,B,724,East,45
B011943,Lower-Middle,431340,Freelancer,19,B,787,South,40
B011944,Lower-Middle,471512,Salaried,15,E,447,North,36
B011945,Lower-Middle,330861,Self-Employed,5,D,553,Central,40
B011946,Middle,951811,Business Owner,0,B,779,South,52
B011947,Low,252061,Business Owner,26,C,696,North,53
B011948,Lower-Middle,329819,Salaried,7,C,657,West,60
B011949,Middle,771064,Salaried,9,D,601,North,56
B011950,Lower-Middle,378223,Unemployed,15,C,662,North,28
B011951,Upper-Middle,1387228,Self-Employed,6,E,449,East,29
B011952,Lower-Middle,424915,Salaried,11,D,564,South,42
B011953,Low,266508,Salaried,22,B,725,West,59
B011954,High,3049107,Business Owner,13,C,670,South,40
B011955,Upper-Middle,1352987,Freelancer,29,D,587,North,26
B011956,Middle,669646,Self-Employed,15,F,411,South,60
B011957,Upper-Middle,1756335,Salaried,23,B,726,South,47
B011958,Low,195489,Self-Employed,24,C,681,South,59
B011959,Upper-Middle,1049672,Salaried,21,D,594,East,36
B011960,Lower-Middle,388974,Freelancer,1,C,703,North,58
B011961,Middle,673421,Salaried,10,C,656,West,23
B011962,Low,205066,Salaried,18,C,643,North,53
B011963,Upper-Middle,1653783,Salaried,24,B,740,West,64
B011964,Lower-Middle,413463,Salaried,17,D,585,East,61
B011965,Lower-Middle,437566,Salaried,25,F,399,North,41
B011966,Low,269282,Self-Employed,10,F,395,East,64
B011967,Middle,803453,Salaried,22,C,656,Central,64
B011968,Lower-Middle,517477,Self-Employed,22,C,685,Central,26
B011969,Middle,793032,Salaried,3,C,683,West,42
B011970,Lower-Middle,403440,Salaried,29,B,753,East,61
B011971,Upper-Middle,1402509,Salaried,23,D,638,West,59
B011972,Lower-Middle,593547,Self-Employed,19,B,727,East,45
B011973,High,2037225,Salaried,14,C,657,South,31
B011974,Lower-Middle,565768,Business Owner,20,B,735,North,32
B011975,Low,243854,Salaried,26,B,741,East,25
B011976,Lower-Middle,590422,Salaried,7,D,574,West,46
B011977,Low,187465,Salaried,29,G,318,Central,22
B011978,Middle,752613,Self-Employed,26,D,581,East,42
B011979,Lower-Middle,332883,Salaried,8,B,830,West,28
B011980,Upper-Middle,1041955,Salaried,3,C,629,West,44
B011981,Middle,785819,Salaried,12,D,571,South,23
B011982,Lower-Middle,326881,Salaried,23,F,416,North,37
B011983,Middle,841031,Salaried,21,E,420,East,36
B011984,Lower-Middle,469152,Self-Employed,26,B,778,West,49
B011985,Low,291799,Self-Employed,18,D,615,North,50
B011986,Lower-Middle,573434,Salaried,21,B,752,West,50
B011987,Low,194244,Salaried,27,C,653,East,42
B011988,Lower-Middle,577273,Salaried,9,G,300,South,23
B011989,High,1920018,Unemployed,18,F,408,East,60
B011990,Middle,893163,Business Owner,15,B,764,East,54
B011991,High,3076960,Salaried,21,E,505,West,50
B011992,Lower-Middle,406507,Freelancer,25,C,649,North,44
B011993,Upper-Middle,1657230,Salaried,4,A,873,Central,45
B011994,Lower-Middle,406025,Salaried,2,E,487,South,59
B011995,Low,229557,Freelancer,6,E,553,Central,34
B011996,Upper-Middle,1548254,Business Owner,7,C,645,North,49
B011997,Low,190165,Self-Employed,3,E,525,South,64
B011998,Lower-Middle,334934,Self-Employed,6,A,832,South,64
B011999,Upper-Middle,1555921,Unemployed,29,D,548,North,54
B012000,Middle,674284,Salaried,19,G,309,North,53
B012001,Middle,684893,Salaried,13,E,460,North,26
B012002,Lower-Middle,359998,Salaried,3,D,589,Central,40
B012003,Low,262108,Unemployed,19,C,695,North,57
B012004,High,2492115,Salaried,8,E,478,West,31
B012005,Low,261088,Salaried,22,G,300,North,36
B012006,Lower-Middle,470241,Salaried,25,B,784,Central,48
B012007,Lower-Middle,452132,Salaried,9,A,824,South,63
B012008,Upper-Middle,1723289,Self-Employed,18,C,631,Central,42
B012009,Upper-Middle,1462392,Salaried,27,D,602,East,56
B012010,Middle,694654,Business Owner,15,B,765,East,40
B012011,High,3963915,Business Owner,5,D,579,East,49
B012012,Low,196536,Salaried,2,C,647,West,57
B012013,Upper-Middle,1379085,Business Owner,8,G,326,South,59
B012014,Low,206492,Salaried,4,C,689,East,61
B012015,Lower-Middle,521758,Self-Employed,14,E,441,South,59
B012016,Low,219651,Self-Employed,3,G,382,West,41
B012017,High,2570136,Salaried,1,D,545,Central,25
B012018,High,3224088,Salaried,5,B,743,East,22
B012019,Middle,796911,Self-Employed,3,F,388,West,64
B012020,Lower-Middle,305264,Salaried,7,C,620,West,59
B012021,Lower-Middle,493475,Self-Employed,20,D,556,East,33
B012022,Lower-Middle,347727,Salaried,12,A,835,South,22
B012023,Lower-Middle,588164,Salaried,6,C,660,Central,46
B012024,Low,261648,Unemployed,9,D,560,West,40
B012025,Middle,749440,Salaried,11,D,609,North,42
B012026,Middle,624079,Unemployed,0,G,318,East,35
B012027,Upper-Middle,1262145,Self-Employed,23,D,603,East,21
B012028,Middle,860569,Self-Employed,24,C,662,South,36
B012029,Lower-Middle,569594,Salaried,24,D,597,West,38
B012030,Middle,899066,Freelancer,24,A,855,West,49
B012031,Lower-Middle,531048,Freelancer,26,B,779,East,31
B012032,Middle,652137,Business Owner,11,C,644,South,58
B012033,Upper-Middle,1183489,Self-Employed,23,A,879,South,57
B012034,Low,268566,Salaried,26,A,855,West,52
B012035,Lower-Middle,412910,Salaried,15,A,851,Central,37
B012036,Upper-Middle,1686714,Unemployed,29,B,795,West,40
B012037,Middle,616161,Salaried,28,E,483,North,62
B012038,Middle,846801,Salaried,11,C,661,West,54
B012039,Middle,803566,Salaried,0,F,433,East,46
B012040,Middle,921934,Business Owner,20,F,390,West,49
B012041,Low,175430,Business Owner,21,F,395,South,63
B012042,Upper-Middle,1158466,Self-Employed,25,B,722,East,42
B012043,High,2883915,Salaried,12,C,647,East,36
B012044,Low,240636,Salaried,23,C,695,West,35
B012045,Low,174371,Salaried,3,C,676,Central,59
B012046,Middle,962524,Unemployed,7,A,823,Central,42
B012047,Middle,937235,Salaried,25,B,745,North,37
B012048,Lower-Middle,337689,Freelancer,16,D,557,North,55
B012049,Middle,939816,Salaried,4,D,589,Central,58
B012050,Middle,965795,Freelancer,12,C,682,West,51
B012051,Middle,697801,Self-Employed,6,C,655,South,59
B012052,Low,279691,Business Owner,8,D,553,North,56
B012053,Low,234462,Self-Employed,7,D,538,North,50
B012054,Lower-Middle,540719,Business Owner,18,E,526,East,64
B012055,High,3125574,Business Owner,21,E,483,South,37
B012056,Middle,719226,Salaried,0,D,594,North,63
B012057,Lower-Middle,507676,Freelancer,6,C,643,Central,35
B012058,Upper-Middle,1559722,Self-Employed,4,C,661,West,61
B012059,Lower-Middle,516349,Salaried,3,A,821,East,51
B012060,Middle,904041,Salaried,3,C,686,North,54
B012061,Low,246950,Self-Employed,18,F,419,North,64
B012062,Upper-Middle,1347259,Freelancer,29,D,600,West,64
B012063,Middle,732997,Business Owner,15,D,560,South,61
B012064,Upper-Middle,1727682,Salaried,4,B,763,East,41
B012065,Lower-Middle,544212,Self-Employed,25,D,549,Central,41
B012066,Lower-Middle,550560,Salaried,24,B,763,South,27
B012067,Low,163693,Salaried,28,C,689,Central,37
B012068,High,2694260,Business Owner,25,D,570,Central,56
B012069,Low,203141,Salaried,8,A,846,East,46
B012070,Middle,950330,Salaried,15,C,646,South,28
B012071,Middle,732539,Salaried,26,A,829,Central,34
B012072,Low,291056,Salaried,1,B,739,South,43
B012073,Lower-Middle,542912,Salaried,13,C,652,Central,33
B012074,Low,280299,Salaried,22,D,604,East,60
B012075,Middle,642572,Salaried,20,C,652,Central,57
B012076,High,3946936,Freelancer,17,A,849,South,55
B012077,Lower-Middle,410951,Salaried,22,C,690,West,57
B012078,High,1976562,Freelancer,19,B,768,West,34
B012079,Low,243529,Self-Employed,18,E,554,South,27
B012080,Lower-Middle,559377,Salaried,16,E,507,North,31
B012081,Upper-Middle,1582414,Salaried,20,D,572,South,27
B012082,Upper-Middle,1564229,Salaried,10,D,544,West,47
B012083,Lower-Middle,582351,Business Owner,7,E,520,West,31
B012084,Middle,986900,Business Owner,29,C,659,East,54
B012085,Upper-Middle,1659114,Salaried,10,D,560,Central,56
B012086,Upper-Middle,1627235,Salaried,20,C,647,West,54
B012087,Middle,740191,Salaried,11,C,642,North,34
B012088,Low,219403,Self-Employed,21,E,484,South,54
B012089,Low,229488,Salaried,8,E,477,East,29
B012090,Middle,791625,Self-Employed,16,C,675,North,21
B012091,Middle,922810,Self-Employed,13,F,455,South,50
B012092,Lower-Middle,597963,Self-Employed,1,D,582,West,51
B012093,Lower-Middle,361710,Salaried,12,D,624,Central,56
B012094,Lower-Middle,536621,Salaried,17,D,572,North,49
B012095,Middle,844421,Salaried,11,E,484,East,42
B012096,Lower-Middle,517990,Business Owner,14,G,300,East,38
B012097,Lower-Middle,450177,Salaried,15,D,610,Central,52
B012098,Low,254414,Salaried,12,C,648,Central,64
B012099,Upper-Middle,1500283,Salaried,11,D,599,Central,39
B012100,Middle,862295,Self-Employed,13,C,608,Central,40
B012101,Low,292645,Self-Employed,4,D,563,West,31
B012102,Lower-Middle,313738,Self-Employed,25,G,313,South,24
B012103,Lower-Middle,388806,Self-Employed,16,F,394,South,52
B012104,Middle,857766,Freelancer,25,C,649,Central,23
B012105,Middle,752898,Freelancer,5,C,675,West,23
B012106,Middle,779971,Salaried,25,C,688,West,39
B012107,Middle,770718,Salaried,29,C,634,South,49
B012108,Low,266731,Freelancer,17,G,322,Central,48
B012109,Lower-Middle,317090,Self-Employed,19,B,787,North,64
B012110,Low,217488,Unemployed,22,E,514,Central,64
B012111,Middle,866774,Salaried,10,C,670,South,37
B012112,Lower-Middle,422809,Freelancer,8,D,572,North,40
B012113,Upper-Middle,1051975,Salaried,12,F,416,Central,34
B012114,Low,292468,Self-Employed,4,D,576,Central,46
B012115,Middle,751603,Salaried,6,D,611,Central,47
B012116,Lower-Middle,582096,Salaried,18,A,900,North,58
B012117,Lower-Middle,576421,Salaried,15,B,730,East,36
B012118,Middle,654637,Salaried,27,D,588,South,52
B012119,Low,245703,Salaried,9,C,668,South,26
B012120,Lower-Middle,386055,Freelancer,20,D,530,South,61
B012121,Lower-Middle,361791,Freelancer,11,C,680,North,25
B012122,Middle,824606,Freelancer,27,B,756,East,49
B012123,Lower-Middle,460919,Unemployed,23,E,511,North,27
B012124,High,3746421,Business Owner,13,E,512,South,62
B012125,High,3289536,Freelancer,21,G,314,West,58
B012126,Upper-Middle,1586706,Salaried,12,B,783,North,49
B012127,Lower-Middle,537274,Salaried,28,C,639,West,39
B012128,Middle,627044,Freelancer,26,C,668,Central,26
B012129,Low,204396,Salaried,9,F,429,Central,63
B012130,Upper-Middle,1489070,Self-Employed,17,D,601,West,36
B012131,Middle,910374,Self-Employed,3,F,396,Central,26
B012132,Low,270871,Salaried,7,F,411,East,41
B012133,Lower-Middle,561432,Salaried,18,B,740,Central,23
B012134,Upper-Middle,1539943,Business Owner,1,C,709,West,56
B012135,Upper-Middle,1112845,Self-Employed,7,C,693,Central,39
B012136,Middle,711006,Salaried,7,D,583,Central,34
B012137,Middle,842756,Self-Employed,24,G,320,West,32
B012138,Upper-Middle,1505048,Salaried,0,B,772,South,42
B012139,Upper-Middle,1004579,Salaried,25,E,505,North,24
B012140,Upper-Middle,1396745,Self-Employed,29,B,753,South,30
B012141,Lower-Middle,593480,Salaried,20,E,507,South,35
B012142,Middle,623643,Freelancer,4,B,809,Central,37
B012143,Upper-Middle,1294863,Salaried,7,D,602,North,21
B012144,Low,238066,Freelancer,4,D,572,East,33
B012145,Lower-Middle,581105,Business Owner,24,C,661,Central,37
B012146,Low,161200,Freelancer,21,G,316,South,62
B012147,Lower-Middle,550876,Business Owner,3,E,528,East,60
B012148,Upper-Middle,1246687,Self-Employed,28,B,771,North,60
B012149,Lower-Middle,389642,Self-Employed,1,C,625,East,28
B012150,Middle,708802,Self-Employed,5,C,645,Central,53
B012151,Low,282904,Salaried,29,C,645,West,21
B012152,Upper-Middle,1132565,Salaried,6,B,776,East,26
B012153,Upper-Middle,1058190,Salaried,21,B,729,Central,22
B012154,Middle,918440,Business Owner,10,F,427,Central,62
B012155,Middle,949098,Salaried,12,G,352,South,34
B012156,Low,188557,Self-Employed,14,B,782,West,27
B012157,Upper-Middle,1778552,Salaried,14,E,439,West,26
B012158,Middle,973057,Salaried,2,B,739,East,23
B012159,Low,168197,Self-Employed,4,D,574,North,25
B012160,High,2142365,Freelancer,1,B,747,Central,22
B012161,Low,206927,Salaried,25,C,647,North,47
B012162,Middle,868903,Freelancer,0,C,650,South,33
B012163,Low,151106,Salaried,24,E,492,South,63
B012164,Middle,844868,Salaried,29,C,657,West,28
B012165,Low,278388,Salaried,9,E,482,North,29
B012166,Low,221715,Salaried,19,A,868,East,28
B012167,Middle,632090,Salaried,19,D,523,Central,36
B012168,High,2217970,Salaried,27,B,720,Central,33
B012169,Lower-Middle,484675,Self-Employed,0,B,748,South,63
B012170,Middle,846719,Self-Employed,23,C,660,East,59
B012171,Middle,658215,Salaried,26,B,745,East,24
B012172,Upper-Middle,1499842,Freelancer,27,E,490,South,60
B012173,Lower-Middle,392254,Self-Employed,1,D,571,Central,64
B012174,Middle,641160,Salaried,11,D,618,West,60
B012175,High,3021934,Salaried,23,A,824,North,61
B012176,Lower-Middle,505265,Salaried,24,B,762,Central,55
B012177,Lower-Middle,378743,Business Owner,9,D,573,South,32
B012178,Upper-Middle,1620800,Salaried,29,A,848,Central,50
B012179,Lower-Middle,319251,Salaried,14,B,752,West,31
B012180,Lower-Middle,380829,Salaried,15,A,872,East,46
B012181,Lower-Middle,433490,Salaried,17,F,409,West,21
B012182,Upper-Middle,1386292,Salaried,24,C,642,East,64
B012183,High,3159758,Self-Employed,9,A,881,West,21
B012184,Middle,725262,Freelancer,28,C,683,North,34
B012185,Middle,664884,Salaried,16,F,391,West,25
B012186,Lower-Middle,590354,Salaried,22,B,779,North,53
B012187,Low,167344,Salaried,20,B,744,West,48
B012188,Low,150857,Salaried,0,G,315,Central,23
B012189,Low,231458,Self-Employed,24,E,462,West,46
B012190,Low,172947,Freelancer,23,D,599,West,24
B012191,Middle,864415,Business Owner,26,B,769,Central,50
B012192,Low,248622,Salaried,3,B,760,East,46
B012193,Low,225452,Freelancer,6,F,413,West,23
B012194,Lower-Middle,401074,Business Owner,28,D,541,East,58
B012195,Lower-Middle,506751,Salaried,24,C,690,East,24
B012196,Low,238827,Freelancer,26,A,831,North,60
B012197,Low,191793,Self-Employed,13,B,803,North,51
B012198,Lower-Middle,334281,Business Owner,9,E,489,East,22
B012199,Middle,652920,Salaried,6,D,548,South,36
B012200,Upper-Middle,1457094,Salaried,19,C,726,Central,33
B012201,Upper-Middle,1363100,Business Owner,7,D,597,Central,60
B012202,Upper-Middle,1541205,Salaried,29,E,464,East,58
B012203,Middle,618057,Freelancer,29,D,587,West,37
B012204,Upper-Middle,1777148,Salaried,9,B,785,East,45
B012205,Middle,822905,Salaried,1,G,300,South,30
B012206,Middle,684844,Business Owner,22,A,854,South,28
B012207,Lower-Middle,361024,Self-Employed,21,D,580,South,32
B012208,Lower-Middle,562632,Salaried,9,B,761,North,41
B012209,Lower-Middle,325054,Self-Employed,1,E,450,North,21
B012210,Low,166110,Business Owner,15,D,573,South,55
B012211,Upper-Middle,1624945,Self-Employed,28,B,722,Central,54
B012212,Low,292110,Salaried,28,D,589,North,55
B012213,Middle,776334,Self-Employed,8,D,566,East,53
B012214,Upper-Middle,1077449,Self-Employed,13,C,675,East,58
B012215,Middle,875730,Business Owner,11,A,850,West,26
B012216,Low,190801,Self-Employed,0,B,765,Central,21
B012217,Lower-Middle,584763,Salaried,19,G,300,South,39
B012218,Lower-Middle,570397,Salaried,15,B,760,South,34
B012219,High,3734844,Salaried,7,C,674,East,56
B012220,Middle,601139,Salaried,9,C,704,Central,34
B012221,Middle,975860,Self-Employed,7,E,497,East,41
B012222,Middle,873834,Business Owner,25,D,598,North,32
B012223,Middle,619411,Freelancer,14,E,508,East,57
B012224,Middle,887345,Self-Employed,24,D,579,East,40
B012225,Low,287992,Business Owner,6,D,596,Central,49
B012226,Lower-Middle,403386,Self-Employed,23,G,322,West,39
B012227,Low,251884,Salaried,22,E,447,West,52
B012228,Middle,732976,Self-Employed,20,D,595,South,38
B012229,Upper-Middle,1524379,Salaried,22,D,606,West,60
B012230,Middle,810766,Salaried,29,C,681,North,40
B012231,Middle,651688,Freelancer,23,D,555,North,35
B012232,High,1816444,Self-Employed,8,D,559,South,34
B012233,Low,264614,Salaried,9,F,380,East,56
B012234,Low,183259,Self-Employed,2,G,318,North,64
B012235,High,2700304,Freelancer,20,D,600,East,45
B012236,Upper-Middle,1715017,Salaried,20,D,529,Central,46
B012237,Middle,938582,Unemployed,8,C,659,South,62
B012238,Lower-Middle,491248,Unemployed,19,E,490,North,41
B012239,High,2409027,Self-Employed,29,E,495,South,58
B012240,Upper-Middle,1099670,Salaried,11,F,379,North,31
B012241,Middle,671563,Salaried,29,D,579,West,26
B012242,Lower-Middle,584693,Salaried,0,E,493,West,32
B012243,Middle,852278,Salaried,2,A,847,South,25
B012244,Upper-Middle,1330735,Business Owner,11,D,587,South,54
B012245,Upper-Middle,1755614,Freelancer,22,C,666,South,27
B012246,Middle,813184,Salaried,5,D,586,South,39
B012247,Middle,761098,Salaried,8,C,651,West,54
B012248,Middle,650391,Salaried,4,C,669,South,35
B012249,Middle,633823,Salaried,3,E,477,South,59
B012250,Lower-Middle,500935,Self-Employed,26,D,582,Central,29
B012251,Low,158288,Freelancer,5,B,760,West,52
B012252,Low,162306,Salaried,15,E,476,Central,64
B012253,Upper-Middle,1769197,Salaried,22,A,841,South,34
B012254,Low,238969,Self-Employed,15,C,663,Central,36
B012255,Low,284139,Salaried,10,C,662,South,52
B012256,Upper-Middle,1135551,Freelancer,4,B,711,South,29
B012257,Middle,980059,Freelancer,27,E,522,Central,48
B012258,Low,256043,Salaried,28,D,573,South,53
B012259,Lower-Middle,394667,Self-Employed,13,D,594,Central,62
B012260,Upper-Middle,1724483,Business Owner,11,D,537,Central,60
B012261,Lower-Middle,331391,Salaried,18,C,674,Central,31
B012262,Middle,957911,Salaried,17,D,575,Central,54
B012263,Middle,864408,Unemployed,1,E,450,Central,55
B012264,Lower-Middle,452576,Salaried,2,D,619,South,37
B012265,Middle,952182,Self-Employed,3,C,704,East,60
B012266,Low,152045,Salaried,16,B,770,East,53
B012267,Middle,822536,Salaried,23,A,871,South,39
B012268,Low,226191,Freelancer,2,A,861,South,35
B012269,Low,173277,Self-Employed,17,E,480,Central,26
B012270,Low,188930,Self-Employed,13,C,626,North,42
B012271,Upper-Middle,1147300,Salaried,5,E,463,North,24
B012272,Low,186961,Freelancer,26,D,566,East,25
B012273,Lower-Middle,511151,Salaried,9,C,721,West,50
B012274,Low,294758,Self-Employed,1,D,557,Central,33
B012275,Upper-Middle,1519905,Salaried,10,B,752,West,46
B012276,Lower-Middle,465602,Self-Employed,11,G,312,Central,43
B012277,High,2883399,Self-Employed,1,C,682,North,45
B012278,Middle,655976,Salaried,7,E,485,North,24
B012279,Middle,900115,Salaried,5,B,749,East,45
B012280,Middle,964719,Salaried,5,C,732,South,53
B012281,Low,205983,Self-Employed,28,D,567,Central,56
B012282,High,2055865,Self-Employed,11,C,730,North,39
B012283,High,3336236,Freelancer,14,C,660,South,41
B012284,Lower-Middle,523787,Salaried,27,C,672,South,44
B012285,Middle,656741,Salaried,4,E,510,East,49
B012286,Lower-Middle,372409,Salaried,13,D,571,South,41
B012287,Middle,736006,Salaried,6,A,816,Central,49
B012288,Upper-Middle,1258792,Self-Employed,18,B,767,North,52
B012289,High,2406535,Salaried,0,G,300,North,53
B012290,Lower-Middle,475885,Salaried,25,A,791,Central,48
B012291,Middle,940492,Salaried,18,D,591,East,63
B012292,Middle,834668,Salaried,3,B,733,Central,52
B012293,Lower-Middle,348172,Self-Employed,1,C,692,East,63
B012294,Middle,656516,Salaried,10,C,676,Central,31
B012295,Middle,986769,Freelancer,16,G,328,East,49
B012296,Upper-Middle,1006862,Salaried,1,D,613,West,48
B012297,High,3856062,Salaried,23,B,778,Central,36
B012298,Low,219786,Salaried,2,D,607,West,43
B012299,Lower-Middle,301713,Business Owner,3,A,834,South,38
B012300,Low,186671,Salaried,8,F,428,West,24
B012301,Low,242419,Freelancer,16,C,683,South,37
B012302,Middle,682969,Self-Employed,18,F,412,West,23
B012303,Upper-Middle,1738701,Self-Employed,0,E,516,West,59
B012304,Lower-Middle,309263,Self-Employed,13,B,787,North,46
B012305,Middle,735364,Salaried,27,G,318,South,47
B012306,Lower-Middle,403653,Salaried,5,G,300,North,46
B012307,Lower-Middle,510490,Freelancer,28,E,524,North,37
B012308,Upper-Middle,1789062,Business Owner,1,C,658,East,54
B012309,Middle,979893,Salaried,19,D,588,South,38
B012310,Lower-Middle,425670,Salaried,14,A,867,West,54
B012311,High,3201790,Salaried,15,F,347,South,42
B012312,Middle,967473,Business Owner,1,B,752,North,41
B012313,Lower-Middle,525010,Salaried,14,E,494,North,32
B012314,Middle,660577,Self-Employed,5,E,565,East,39
B012315,Middle,967755,Salaried,7,G,333,North,31
B012316,Lower-Middle,434802,Freelancer,1,E,467,Central,38
B012317,Upper-Middle,1338795,Salaried,5,E,520,West,36
B012318,Middle,626929,Salaried,17,E,527,North,62
B012319,Middle,943827,Freelancer,2,D,574,Central,37
B012320,Upper-Middle,1731559,Business Owner,4,A,852,South,51
B012321,Middle,958006,Salaried,2,G,323,Central,36
B012322,Lower-Middle,358139,Freelancer,11,C,683,Central,36
B012323,Low,166415,Salaried,15,E,489,South,37
B012324,Lower-Middle,366694,Salaried,6,C,643,South,51
B012325,Lower-Middle,375539,Salaried,17,C,629,North,29
B012326,Lower-Middle,400704,Salaried,26,C,646,North,44
B012327,Middle,804186,Self-Employed,19,G,300,East,43
B012328,Low,297969,Self-Employed,19,B,757,West,46
B012329,Lower-Middle,410507,Salaried,7,D,598,East,25
B012330,Middle,689280,Business Owner,12,B,738,Central,61
B012331,Lower-Middle,361916,Salaried,16,D,558,North,32
B012332,Middle,836980,Salaried,24,D,592,South,47
B012333,Middle,875544,Salaried,7,B,740,Central,35
B012334,Lower-Middle,438090,Business Owner,24,D,563,South,60
B012335,Low,272229,Salaried,3,E,487,South,63
B012336,Middle,606151,Unemployed,21,E,484,East,44
B012337,Low,241490,Freelancer,24,E,461,South,60
B012338,Middle,842202,Business Owner,15,B,778,East,54
B012339,Middle,959543,Business Owner,14,D,608,West,63
B012340,Middle,681810,Self-Employed,15,D,569,Central,44
B012341,Lower-Middle,411891,Freelancer,15,E,545,East,49
B012342,High,2886187,Self-Employed,24,E,472,Central,45
B012343,Low,228592,Salaried,23,D,580,South,52
B012344,Upper-Middle,1226019,Salaried,4,E,458,Central,39
B012345,Upper-Middle,1407976,Business Owner,2,E,478,Central,39
B012346,Lower-Middle,348826,Salaried,16,D,626,South,49
B012347,Low,205651,Business Owner,11,B,769,North,60
B012348,Low,291652,Unemployed,27,E,491,West,23
B012349,High,2207200,Salaried,6,D,559,North,62
B012350,Lower-Middle,341138,Salaried,24,D,545,West,51
B012351,Upper-Middle,1024047,Salaried,23,C,701,East,21
B012352,Middle,892838,Salaried,13,B,770,East,43
B012353,Middle,847764,Self-Employed,25,E,469,West,61
B012354,Middle,680676,Salaried,23,A,827,West,52
B012355,Lower-Middle,421188,Salaried,3,C,684,West,45
B012356,Lower-Middle,357588,Self-Employed,4,D,605,East,21
B012357,High,3337001,Salaried,10,A,814,West,40
B012358,Lower-Middle,341340,Salaried,27,D,579,West,33
B012359,High,3461914,Salaried,13,B,766,East,57
B012360,High,2547829,Business Owner,15,B,763,West,45
B012361,Low,221312,Salaried,17,G,307,North,32
B012362,Middle,922811,Salaried,23,D,544,North,41
B012363,Low,229760,Salaried,21,G,312,North,50
B012364,Middle,754468,Self-Employed,15,D,600,West,25
B012365,High,2642854,Business Owner,12,E,455,West,42
B012366,Upper-Middle,1418286,Salaried,18,A,854,North,23
B012367,High,2161598,Self-Employed,10,C,681,North,28
B012368,Lower-Middle,383263,Business Owner,11,C,642,South,38
B012369,Middle,822754,Freelancer,17,A,835,West,47
B012370,Lower-Middle,360964,Self-Employed,4,G,300,East,39
B012371,Upper-Middle,1490619,Self-Employed,13,D,581,West,61
B012372,Lower-Middle,377185,Salaried,15,D,552,Central,37
B012373,Low,245516,Salaried,29,D,538,East,48
B012374,Low,168534,Freelancer,29,B,771,South,62
B012375,Lower-Middle,450672,Salaried,3,F,426,North,49
B012376,Lower-Middle,525040,Salaried,0,D,572,Central,30
B012377,Low,197310,Self-Employed,24,B,711,West,21
B012378,Upper-Middle,1610879,Freelancer,10,C,641,South,52
B012379,Upper-Middle,1264291,Salaried,7,A,837,West,30
B012380,Lower-Middle,531803,Freelancer,2,D,585,South,28
B012381,Upper-Middle,1693691,Salaried,0,D,560,West,57
B012382,Lower-Middle,314369,Freelancer,20,F,406,East,22
B012383,Upper-Middle,1211522,Freelancer,10,F,378,South,34
B012384,Lower-Middle,590103,Business Owner,9,A,879,North,48
B012385,Middle,637436,Freelancer,16,A,812,North,61
B012386,Lower-Middle,338972,Freelancer,29,F,394,Central,58
B012387,Lower-Middle,304587,Freelancer,2,D,565,North,49
B012388,Middle,706410,Salaried,5,C,674,East,35
B012389,Upper-Middle,1471690,Salaried,5,D,546,North,31
B012390,Upper-Middle,1204368,Salaried,13,C,673,West,44
B012391,Lower-Middle,590607,Salaried,22,D,566,South,47
B012392,Middle,784307,Self-Employed,29,F,405,West,48
B012393,Upper-Middle,1489779,Salaried,20,D,565,North,64
B012394,Low,184358,Freelancer,5,C,698,East,50
B012395,Low,244587,Salaried,21,B,759,East,28
B012396,Lower-Middle,381664,Salaried,3,G,301,East,47
B012397,Lower-Middle,581985,Salaried,19,D,572,South,56
B012398,Lower-Middle,546262,Salaried,19,D,573,South,60
B012399,Low,151784,Salaried,7,A,865,Central,37
B012400,Middle,764604,Self-Employed,2,F,401,West,29
B012401,Middle,765956,Salaried,7,C,663,East,37
B012402,Upper-Middle,1435908,Business Owner,12,G,328,Central,53
B012403,Middle,921588,Salaried,13,B,812,North,29
B012404,Lower-Middle,561003,Self-Employed,8,C,653,East,62
B012405,High,3072686,Self-Employed,26,B,766,West,57
B012406,Middle,878857,Salaried,14,C,650,North,36
B012407,Middle,714069,Salaried,10,G,323,West,40
B012408,Lower-Middle,326026,Business Owner,2,C,702,West,55
B012409,Middle,602708,Self-Employed,17,E,455,East,48
B012410,Middle,609164,Salaried,26,E,498,West,48
B012411,Middle,891351,Self-Employed,20,C,628,Central,28
B012412,Upper-Middle,1166014,Salaried,2,D,565,South,33
B012413,High,3357696,Salaried,1,E,488,South,29
B012414,High,2002468,Salaried,27,D,595,East,38
B012415,Middle,924790,Business Owner,5,C,643,Central,47
B012416,High,3176004,Salaried,23,F,369,East,59
B012417,High,2634075,Self-Employed,0,D,561,Central,63
B012418,Low,273427,Salaried,25,G,314,West,42
B012419,Middle,877947,Salaried,1,D,543,North,39
B012420,Low,275191,Salaried,21,C,730,West,33
B012421,Lower-Middle,512999,Salaried,25,C,652,Central,58
B012422,Lower-Middle,314898,Business Owner,29,F,378,East,64
B012423,Middle,827406,Business Owner,6,G,300,South,38
B012424,Low,231502,Salaried,24,C,682,Central,34
B012425,Lower-Middle,546592,Salaried,3,B,746,North,64
B012426,Low,176844,Salaried,12,A,864,Central,22
B012427,Middle,690202,Freelancer,14,C,678,North,41
B012428,Upper-Middle,1076401,Salaried,24,C,717,North,29
B012429,High,2793230,Business Owner,6,C,640,East,47
B012430,Lower-Middle,301531,Salaried,28,B,758,North,63
B012431,Lower-Middle,485781,Self-Employed,10,D,574,West,24
B012432,Upper-Middle,1121345,Self-Employed,25,F,348,East,34
B012433,Low,172681,Self-Employed,25,B,771,West,22
B012434,High,2017791,Salaried,18,D,572,West,58
B012435,Middle,782918,Salaried,12,A,868,West,26
B012436,Middle,686239,Salaried,27,D,584,North,59
B012437,Low,155341,Unemployed,29,F,398,Central,36
B012438,Low,183174,Salaried,16,C,703,Central,21
B012439,Middle,890323,Business Owner,6,E,471,East,42
B012440,Lower-Middle,301633,Freelancer,6,A,870,North,53
B012441,Upper-Middle,1201878,Self-Employed,15,C,678,West,30
B012442,Middle,690818,Salaried,5,A,890,West,44
B012443,Lower-Middle,377642,Salaried,11,C,664,North,37
B012444,Lower-Middle,366155,Business Owner,20,C,726,Central,48
B012445,Middle,741212,Freelancer,27,D,568,West,29
B012446,Low,265180,Unemployed,10,C,681,North,40
B012447,Middle,855186,Salaried,23,E,475,West,60
B012448,Middle,731446,Freelancer,2,C,691,Central,26
B012449,Upper-Middle,1573079,Salaried,6,B,746,Central,32
B012450,Lower-Middle,400041,Self-Employed,2,D,646,Central,27
B012451,Lower-Middle,442040,Salaried,11,D,585,Central,39
B012452,Upper-Middle,1480186,Salaried,3,F,398,North,22
B012453,Middle,822845,Self-Employed,25,E,467,North,22
B012454,Middle,750819,Salaried,23,D,530,South,32
B012455,Middle,705577,Freelancer,25,G,318,Central,53
B012456,Upper-Middle,1524551,Salaried,1,C,643,Central,49
B012457,Lower-Middle,419007,Freelancer,2,G,328,North,46
B012458,Lower-Middle,474074,Salaried,23,C,603,Central,33
B012459,Upper-Middle,1330239,Salaried,25,C,643,South,61
B012460,Low,268756,Salaried,0,C,672,East,37
B012461,Upper-Middle,1751650,Business Owner,18,D,615,West,47
B012462,Lower-Middle,583091,Business Owner,2,C,668,North,46
B012463,Low,155421,Salaried,2,A,854,South,61
B012464,Low,221057,Salaried,26,C,642,South,48
B012465,Upper-Middle,1291331,Salaried,17,D,580,South,40
B012466,Upper-Middle,1072332,Self-Employed,24,D,569,South,58
B012467,Lower-Middle,551573,Self-Employed,29,G,351,East,49
B012468,Low,250168,Business Owner,17,G,300,West,36
B012469,Lower-Middle,470793,Salaried,0,D,598,North,22
B012470,Lower-Middle,576009,Salaried,6,D,562,West,53
B012471,Upper-Middle,1514527,Salaried,24,D,575,North,55
B012472,Lower-Middle,576107,Freelancer,1,E,485,West,36
B012473,Lower-Middle,501074,Self-Employed,19,E,477,North,47
B012474,Low,161715,Salaried,11,E,463,Central,52
B012475,Middle,607078,Business Owner,22,C,631,South,54
B012476,Middle,950311,Self-Employed,23,F,462,North,61
B012477,Middle,814212,Salaried,11,D,576,North,47
B012478,Middle,732587,Salaried,16,B,734,South,35
B012479,High,3120946,Business Owner,13,D,598,Central,40
B012480,Middle,774738,Self-Employed,24,C,692,South,42
B012481,Upper-Middle,1236314,Salaried,25,B,761,East,29
B012482,Middle,740221,Salaried,20,D,554,West,31
B012483,Low,243551,Salaried,3,D,603,South,29
B012484,Upper-Middle,1510743,Self-Employed,26,G,300,West,43
B012485,Middle,973189,Salaried,20,G,300,East,39
B012486,Middle,918412,Salaried,22,C,643,Central,43
B012487,Lower-Middle,524204,Salaried,5,B,732,West,24
B012488,Lower-Middle,537895,Unemployed,5,B,778,South,56
B012489,Upper-Middle,1013613,Salaried,22,G,300,East,59
B012490,Lower-Middle,594155,Salaried,6,C,731,Central,55
B012491,Low,293604,Salaried,24,C,676,South,51
B012492,Lower-Middle,369546,Self-Employed,8,D,583,East,39
B012493,Middle,936633,Freelancer,29,A,856,Central,26
B012494,Upper-Middle,1303437,Unemployed,7,D,565,North,28
B012495,Middle,886542,Salaried,13,F,421,Central,35
B012496,High,2382133,Salaried,4,E,469,Central,32
B012497,Middle,976614,Salaried,11,C,658,East,35
B012498,Lower-Middle,568905,Business Owner,23,B,782,South,43
B012499,Lower-Middle,544823,Self-Employed,26,B,794,North,39
B012500,Lower-Middle,317568,Salaried,8,C,722,West,63
B012501,Upper-Middle,1055125,Salaried,19,C,659,South,25
B012502,Low,229244,Salaried,15,B,774,East,50
B012503,Lower-Middle,563850,Self-Employed,4,D,535,North,30
B012504,Upper-Middle,1175901,Salaried,28,C,709,East,32
B012505,Middle,652072,Salaried,4,D,576,North,40
B012506,Low,218733,Salaried,8,C,688,East,64
B012507,Middle,973518,Salaried,4,C,686,Central,63
B012508,Middle,977928,Salaried,18,E,502,Central,57
B012509,Upper-Middle,1744805,Business Owner,28,A,834,Central,23
B012510,Middle,803688,Self-Employed,15,D,562,East,40
B012511,Low,290628,Self-Employed,9,D,603,West,56
B012512,Lower-Middle,594484,Salaried,26,D,567,North,51
B012513,Lower-Middle,572969,Freelancer,27,F,383,West,36
B012514,Middle,774886,Freelancer,28,E,487,Central,26
B012515,Middle,700235,Self-Employed,16,E,487,North,42
B012516,Upper-Middle,1601469,Self-Employed,29,F,389,South,64
B012517,Middle,705062,Business Owner,2,F,396,Central,33
B012518,Lower-Middle,405974,Business Owner,7,E,497,East,28
B012519,Low,230557,Salaried,27,D,555,West,56
B012520,Lower-Middle,558564,Salaried,27,E,461,Central,58
B012521,Lower-Middle,444030,Salaried,28,C,684,Central,56
B012522,Middle,631427,Business Owner,25,G,320,North,41
B012523,High,3075741,Self-Employed,8,B,751,South,41
B012524,Lower-Middle,323291,Unemployed,15,B,746,South,53
B012525,Middle,694952,Salaried,1,B,780,Central,24
B012526,Low,166643,Salaried,17,E,461,Central,35
B012527,Middle,831894,Business Owner,19,C,642,Central,24
B012528,Low,186924,Freelancer,0,E,471,North,43
B012529,Middle,846191,Freelancer,22,D,519,West,61
B012530,Low,249289,Salaried,26,C,720,East,47
B012531,Lower-Middle,442667,Unemployed,12,F,367,West,22
B012532,Middle,600777,Unemployed,7,C,696,North,39
B012533,Lower-Middle,309226,Freelancer,10,D,587,North,46
B012534,Middle,792746,Self-Employed,15,E,499,South,41
B012535,Lower-Middle,363020,Business Owner,0,B,802,South,41
B012536,High,2861183,Salaried,20,C,681,West,63
B012537,Lower-Middle,473008,Salaried,18,B,759,North,29
B012538,Middle,786552,Salaried,24,D,617,Central,40
B012539,Upper-Middle,1430229,Salaried,25,E,436,North,37
B012540,Middle,986518,Freelancer,23,A,882,East,28
B012541,Lower-Middle,489674,Self-Employed,19,A,852,East,64
B012542,Middle,678654,Salaried,19,E,488,South,42
B012543,Low,174313,Business Owner,9,E,484,North,42
B012544,Middle,980459,Self-Employed,9,C,679,North,60
B012545,Lower-Middle,594141,Salaried,22,C,658,South,33
B012546,Upper-Middle,1366629,Self-Employed,25,C,646,East,32
B012547,Upper-Middle,1689232,Salaried,17,A,852,North,59
B012548,Lower-Middle,491186,Self-Employed,8,D,598,Central,34
B012549,Low,156622,Business Owner,12,D,577,Central,39
B012550,Lower-Middle,531915,Salaried,25,F,412,West,32
B012551,Middle,747751,Salaried,21,D,598,Central,32
B012552,Lower-Middle,473215,Self-Employed,8,B,777,South,37
B012553,Middle,956104,Freelancer,13,C,684,Central,32
B012554,Middle,810704,Salaried,12,E,506,North,41
B012555,High,3088375,Business Owner,0,D,587,West,56
B012556,Lower-Middle,542292,Self-Employed,11,E,437,East,35
B012557,Low,270928,Salaried,17,C,652,East,33
B012558,Lower-Middle,488687,Salaried,20,A,843,Central,29
B012559,Middle,615090,Salaried,21,F,421,South,39
B012560,Lower-Middle,562295,Salaried,19,C,658,East,35
B012561,Lower-Middle,487283,Salaried,23,A,874,East,38
B012562,Lower-Middle,463448,Self-Employed,7,D,616,East,39
B012563,Upper-Middle,1678760,Self-Employed,0,E,545,South,45
B012564,High,2628577,Self-Employed,9,C,686,West,42
B012565,Lower-Middle,329571,Salaried,17,D,563,East,29
B012566,Lower-Middle,376979,Salaried,22,C,680,North,49
B012567,Lower-Middle,573761,Freelancer,8,E,511,East,45
B012568,Lower-Middle,537111,Freelancer,2,E,453,West,53
B012569,High,2878383,Business Owner,2,E,520,North,55
B012570,Middle,928402,Salaried,27,A,837,North,57
B012571,Middle,948577,Freelancer,15,D,585,East,52
B012572,High,3560048,Business Owner,26,E,464,North,32
B012573,Middle,998469,Salaried,6,B,787,East,26
B012574,Lower-Middle,587740,Salaried,0,B,714,North,48
B012575,Middle,824759,Salaried,19,F,398,Central,28
B012576,Lower-Middle,500422,Business Owner,23,E,478,West,29
B012577,Lower-Middle,597068,Self-Employed,14,G,330,West,50
B012578,High,3796643,Salaried,0,D,569,Central,48
B012579,Lower-Middle,444373,Salaried,21,B,791,West,28
B012580,Middle,689599,Salaried,9,A,843,North,61
B012581,Low,174985,Self-Employed,4,E,505,Central,25
B012582,Low,170917,Salaried,7,E,507,East,59
B012583,Middle,607863,Salaried,0,C,680,West,56
B012584,Upper-Middle,1601426,Self-Employed,23,C,684,Central,47
B012585,Middle,813123,Unemployed,13,E,450,East,35
B012586,Lower-Middle,436208,Salaried,4,B,746,Central,33
B012587,Low,150201,Self-Employed,25,A,838,Central,45
B012588,Middle,789635,Salaried,8,G,327,East,27
B012589,Middle,605898,Salaried,14,D,609,North,55
B012590,Upper-Middle,1552020,Freelancer,21,E,497,West,40
B012591,Middle,994535,Freelancer,17,G,302,Central,44
B012592,Upper-Middle,1712255,Salaried,0,E,491,North,38
B012593,Upper-Middle,1154440,Salaried,14,C,678,Central,26
B012594,Lower-Middle,491963,Salaried,8,D,578,West,50
B012595,Middle,706629,Self-Employed,26,D,563,North,50
B012596,Upper-Middle,1432826,Salaried,29,F,371,West,25
B012597,High,2810144,Salaried,17,B,735,West,35
B012598,Lower-Middle,377279,Salaried,25,D,551,East,23
B012599,Middle,815833,Self-Employed,17,F,404,East,35
B012600,Lower-Middle,503385,Freelancer,19,C,654,North,52
B012601,Upper-Middle,1548833,Salaried,8,E,506,Central,46
B012602,High,2201254,Business Owner,12,B,704,South,47
B012603,High,1845033,Business Owner,6,A,830,South,47
B012604,Low,269408,Salaried,22,A,846,North,36
B012605,Lower-Middle,498005,Freelancer,23,D,584,South,38
B012606,Upper-Middle,1363281,Self-Employed,12,A,852,North,53
B012607,Middle,853488,Self-Employed,9,D,604,Central,52
B012608,Upper-Middle,1708448,Self-Employed,2,C,707,Central,40
B012609,Lower-Middle,409544,Salaried,7,A,861,North,53
B012610,Upper-Middle,1357210,Salaried,15,B,763,North,55
B012611,Middle,809000,Salaried,26,E,503,East,38
B012612,Lower-Middle,505983,Business Owner,19,C,667,South,57
B012613,Low,223862,Freelancer,15,E,520,North,27
B012614,Middle,885525,Salaried,17,E,489,West,53
B012615,Low,191103,Salaried,11,E,485,Central,45
B012616,Upper-Middle,1097567,Salaried,15,D,592,South,62
B012617,Middle,625167,Freelancer,26,E,473,East,29
B012618,Middle,633145,Salaried,29,D,618,East,24
B012619,Lower-Middle,306457,Freelancer,8,C,632,South,23
B012620,High,3960093,Salaried,0,A,824,North,26
B012621,Middle,903266,Salaried,8,G,337,West,44
B012622,Upper-Middle,1430299,Salaried,11,E,531,Central,55
B012623,Upper-Middle,1209712,Salaried,29,D,630,West,57
B012624,Middle,892177,Salaried,4,D,567,Central,53
B012625,High,3991506,Freelancer,26,D,578,Central,33
B012626,Middle,744645,Self-Employed,11,A,858,South,39
B012627,Middle,752536,Salaried,23,C,681,Central,23
B012628,Lower-Middle,555282,Self-Employed,10,C,697,South,44
B012629,Lower-Middle,415794,Salaried,22,E,501,South,54
B012630,Upper-Middle,1703333,Self-Employed,1,D,645,West,29
B012631,Lower-Middle,351078,Business Owner,6,C,698,South,43
B012632,Middle,965465,Unemployed,4,C,700,West,35
B012633,High,2099441,Self-Employed,23,E,468,North,60
B012634,Lower-Middle,520607,Salaried,23,E,513,North,24
B012635,Low,197647,Salaried,2,E,519,West,52
B012636,Middle,923953,Salaried,12,C,694,East,22
B012637,Low,175343,Salaried,18,C,628,Central,40
B012638,Upper-Middle,1507651,Salaried,27,D,561,North,49
B012639,Middle,802697,Salaried,15,B,742,West,41
B012640,Middle,715000,Unemployed,29,C,666,South,47
B012641,Middle,794544,Freelancer,22,D,573,East,50
B012642,Middle,983911,Salaried,26,D,658,East,51
B012643,Lower-Middle,527455,Unemployed,29,C,659,Central,21
B012644,Lower-Middle,317457,Business Owner,19,B,762,South,37
B012645,Lower-Middle,593255,Salaried,20,C,687,South,43
B012646,Upper-Middle,1576277,Freelancer,16,D,584,East,56
B012647,Low,187902,Freelancer,25,D,629,Central,48
B012648,Lower-Middle,588019,Self-Employed,22,E,504,South,37
B012649,Lower-Middle,448613,Business Owner,12,B,755,East,56
B012650,Lower-Middle,462975,Salaried,0,D,574,North,34
B012651,Low,187188,Self-Employed,27,C,695,West,57
B012652,Upper-Middle,1797008,Business Owner,3,D,614,North,47
B012653,Low,195633,Self-Employed,24,F,416,North,55
B012654,Middle,856821,Salaried,1,C,659,South,45
B012655,Lower-Middle,475000,Self-Employed,20,E,477,North,55
B012656,Middle,885630,Business Owner,24,A,867,East,52
B012657,Lower-Middle,322124,Business Owner,7,F,442,South,43
B012658,Upper-Middle,1397246,Salaried,4,E,511,South,41
B012659,High,2306110,Salaried,20,B,753,Central,41
B012660,Lower-Middle,336703,Salaried,27,D,577,West,62
B012661,High,2956193,Self-Employed,7,D,531,North,47
B012662,Lower-Middle,435917,Salaried,18,G,340,West,42
B012663,Middle,781724,Freelancer,29,C,642,West,35
B012664,Middle,752034,Self-Employed,29,D,610,Central,21
B012665,Lower-Middle,393718,Salaried,19,D,584,East,28
B012666,Lower-Middle,308602,Business Owner,21,B,813,Central,46
B012667,Low,238980,Salaried,14,E,518,Central,23
B012668,Middle,964180,Salaried,2,E,501,South,54
B012669,Lower-Middle,447239,Salaried,18,D,582,North,36
B012670,Upper-Middle,1234969,Self-Employed,14,F,386,Central,42
B012671,Lower-Middle,392438,Freelancer,7,F,403,West,46
B012672,High,2374024,Salaried,5,E,489,Central,34
B012673,Low,215783,Business Owner,25,B,725,North,47
B012674,Middle,621520,Salaried,2,F,434,South,45
B012675,Lower-Middle,370944,Salaried,22,C,664,North,35
B012676,Lower-Middle,582869,Self-Employed,17,D,574,South,50
B012677,Low,218268,Business Owner,5,G,300,West,33
B012678,Middle,618631,Freelancer,10,B,751,North,48
B012679,Lower-Middle,303470,Self-Employed,2,B,780,South,21
B012680,Middle,991683,Salaried,13,E,472,Central,38
B012681,High,3518098,Salaried,17,A,826,South,39
B012682,Lower-Middle,379389,Salaried,13,B,755,East,37
B012683,Low,199561,Freelancer,16,C,674,East,59
B012684,Low,263317,Self-Employed,3,E,516,South,56
B012685,Low,246162,Salaried,12,D,612,Central,52
B012686,Middle,863975,Salaried,0,C,669,Central,32
B012687,Upper-Middle,1298855,Salaried,22,F,368,South,38
B012688,Lower-Middle,551295,Business Owner,27,E,476,Central,37
B012689,Low,256209,Salaried,0,D,606,East,52
B012690,Middle,890763,Freelancer,10,C,642,West,50
B012691,Lower-Middle,359091,Salaried,14,E,507,South,27
B012692,Middle,721513,Business Owner,1,B,819,South,39
B012693,High,2596870,Salaried,23,F,424,Central,47
B012694,Lower-Middle,391391,Salaried,11,C,679,South,38
B012695,Middle,680627,Salaried,18,E,524,East,23
B012696,Upper-Middle,1539077,Salaried,20,F,411,West,26
B012697,Middle,859940,Unemployed,14,B,751,South,64
B012698,Upper-Middle,1439849,Business Owner,16,B,766,West,43
B012699,Upper-Middle,1490448,Salaried,1,A,823,South,27
B012700,Middle,989119,Salaried,8,C,638,East,64
B012701,Middle,627382,Self-Employed,9,D,577,Central,62
B012702,Middle,869587,Self-Employed,8,A,833,West,58
B012703,Middle,923895,Salaried,16,B,742,Central,45
B012704,Middle,774695,Salaried,18,C,644,North,55
B012705,Lower-Middle,392869,Salaried,18,B,753,Central,64
B012706,Upper-Middle,1438793,Freelancer,11,E,472,East,42
B012707,Lower-Middle,528639,Salaried,9,C,671,West,64
B012708,Low,279821,Business Owner,18,A,833,South,57
B012709,Lower-Middle,498682,Freelancer,26,B,743,West,48
B012710,Lower-Middle,493088,Salaried,7,C,665,Central,61
B012711,Middle,958214,Salaried,3,B,719,East,38
B012712,Lower-Middle,459814,Salaried,10,B,738,East,30
B012713,Middle,744385,Self-Employed,7,B,791,East,63
B012714,Middle,675282,Salaried,24,C,687,South,42
B012715,Low,170094,Salaried,25,D,580,East,51
B012716,Lower-Middle,411576,Salaried,16,D,542,North,58
B012717,Middle,611231,Self-Employed,11,F,374,West,27
B012718,Upper-Middle,1510783,Business Owner,11,D,574,Central,57
B012719,Lower-Middle,562560,Salaried,7,B,770,West,51
B012720,Lower-Middle,492516,Business Owner,6,C,654,Central,59
B012721,Lower-Middle,594292,Salaried,16,E,504,East,30
B012722,Low,288660,Salaried,18,D,576,West,63
B012723,Low,239057,Salaried,17,B,782,East,26
B012724,High,2087030,Business Owner,12,E,501,East,33
B012725,Low,179419,Self-Employed,23,B,782,West,43
B012726,Low,203276,Salaried,9,C,670,West,46
B012727,Upper-Middle,1136551,Salaried,21,E,477,North,59
B012728,Middle,765673,Salaried,19,G,331,West,28
B012729,Lower-Middle,598371,Salaried,10,F,404,East,62
B012730,Middle,998662,Salaried,17,G,315,North,44
B012731,High,3455056,Salaried,6,C,682,North,50
B012732,Low,241980,Salaried,6,C,699,North,24
B012733,Lower-Middle,555678,Salaried,11,B,771,Central,28
B012734,Upper-Middle,1769786,Salaried,23,C,696,South,39
B012735,Upper-Middle,1679298,Salaried,23,E,432,East,44
B012736,High,3232273,Self-Employed,23,A,863,South,43
B012737,Lower-Middle,446048,Salaried,11,C,706,West,28
B012738,High,2624817,Self-Employed,18,F,427,East,51
B012739,Lower-Middle,431407,Salaried,29,B,735,Central,30
B012740,Middle,664115,Salaried,18,C,654,South,30
B012741,Upper-Middle,1210156,Salaried,23,F,443,Central,25
B012742,Low,264757,Salaried,8,C,730,West,59
B012743,Lower-Middle,491954,Business Owner,18,E,502,West,51
B012744,Middle,726322,Salaried,11,C,758,West,22
B012745,Upper-Middle,1411024,Salaried,26,B,755,Central,26
B012746,Low,205905,Salaried,25,B,791,Central,48
B012747,Upper-Middle,1191303,Salaried,24,A,828,Central,49
B012748,Lower-Middle,331898,Freelancer,25,C,682,East,61
B012749,Lower-Middle,459342,Unemployed,16,E,460,West,63
B012750,Lower-Middle,488729,Salaried,25,D,596,South,59
B012751,High,1803545,Salaried,1,C,655,East,58
B012752,Low,155715,Salaried,25,B,737,North,44
B012753,Middle,674683,Salaried,17,D,618,East,62
B012754,Low,262508,Salaried,25,B,775,East,27
B012755,High,3414198,Salaried,21,A,830,Central,47
B012756,Upper-Middle,1334057,Salaried,14,G,300,North,25
B012757,Lower-Middle,599496,Salaried,24,F,362,East,54
B012758,Lower-Middle,451711,Salaried,10,B,744,Central,52
B012759,Lower-Middle,497110,Self-Employed,13,B,743,West,64
B012760,Lower-Middle,460564,Freelancer,28,D,590,East,26
B012761,Upper-Middle,1744932,Salaried,16,C,675,East,52
B012762,Middle,651412,Business Owner,22,F,376,West,23
B012763,Lower-Middle,316524,Salaried,12,C,645,West,24
B012764,Middle,820037,Salaried,0,B,805,East,40
B012765,Middle,861946,Self-Employed,29,D,602,East,63
B012766,Low,275708,Salaried,4,B,783,North,29
B012767,Low,223490,Freelancer,17,C,669,South,34
B012768,Lower-Middle,350455,Freelancer,20,D,551,West,56
B012769,Middle,744743,Salaried,25,F,410,East,64
B012770,Low,267168,Salaried,22,C,655,East,44
B012771,Middle,714984,Salaried,24,D,648,Central,35
B012772,Lower-Middle,557637,Freelancer,3,A,831,East,58
B012773,Middle,647962,Salaried,10,F,435,East,43
B012774,Low,213652,Business Owner,16,C,663,West,38
B012775,Middle,884745,Salaried,25,B,760,Central,31
B012776,Low,203479,Self-Employed,16,B,796,South,61
B012777,Lower-Middle,498995,Salaried,27,E,463,North,40
B012778,Low,297557,Business Owner,12,A,881,West,63
B012779,Middle,617166,Self-Employed,11,D,569,North,29
B012780,Upper-Middle,1026118,Salaried,16,C,687,West,45
B012781,Low,240304,Salaried,3,E,514,East,39
B012782,Upper-Middle,1761892,Salaried,1,G,330,Central,29
B012783,Middle,796169,Self-Employed,8,C,639,South,64
B012784,Middle,786140,Business Owner,12,D,568,West,23
B012785,Middle,690417,Salaried,11,C,674,North,21
B012786,Lower-Middle,409550,Freelancer,5,D,555,North,61
B012787,Middle,601756,Salaried,25,A,860,East,32
B012788,Upper-Middle,1419602,Freelancer,18,B,786,West,43
B012789,Upper-Middle,1652626,Freelancer,13,E,478,North,25
B012790,Lower-Middle,534246,Self-Employed,16,C,693,West,29
B012791,Middle,776180,Freelancer,20,A,850,West,57
B012792,Low,215585,Salaried,0,C,677,North,37
B012793,Middle,871009,Self-Employed,27,D,597,Central,58
B012794,Low,290342,Salaried,28,G,340,West,61
B012795,Lower-Middle,522632,Salaried,3,E,465,South,63
B012796,Middle,799481,Self-Employed,12,E,513,South,63
B012797,Upper-Middle,1728399,Freelancer,25,F,422,South,39
B012798,Low,298141,Freelancer,6,D,584,West,30
B012799,Middle,886731,Self-Employed,15,D,554,West,54
B012800,Middle,961512,Freelancer,14,D,593,South,43
B012801,High,3869582,Business Owner,21,F,411,East,27
B012802,Middle,828060,Business Owner,18,A,845,North,56
B012803,Low,194109,Salaried,1,D,599,East,58
B012804,Low,259933,Salaried,28,E,473,South,52
B012805,Middle,666288,Salaried,25,A,866,South,41
B012806,Lower-Middle,400237,Business Owner,28,E,492,South,49
B012807,High,2676046,Self-Employed,1,E,510,North,27
B012808,High,3664539,Business Owner,21,D,547,Central,57
B012809,High,2754066,Freelancer,14,E,421,East,60
B012810,Lower-Middle,486781,Self-Employed,22,B,728,West,56
B012811,Middle,945755,Business Owner,11,F,402,Central,40
B012812,Middle,654420,Self-Employed,10,A,900,North,47
B012813,Low,251522,Self-Employed,13,A,859,South,21
B012814,Lower-Middle,502695,Salaried,9,D,617,South,42
B012815,Lower-Middle,465085,Freelancer,27,E,510,West,46
B012816,Lower-Middle,572019,Business Owner,10,E,439,Central,57
B012817,High,2964918,Business Owner,8,D,583,West,60
B012818,Upper-Middle,1126259,Salaried,11,E,474,East,54
B012819,Lower-Middle,501344,Salaried,8,D,558,South,28
B012820,Middle,766818,Freelancer,17,E,491,East,29
B012821,Lower-Middle,597387,Freelancer,0,B,770,West,59
B012822,Lower-Middle,544032,Unemployed,15,G,300,East,43
B012823,Low,170544,Business Owner,22,F,379,West,56
B012824,Middle,749325,Business Owner,10,F,385,South,47
B012825,Middle,662856,Salaried,8,C,667,East,22
B012826,Upper-Middle,1723632,Business Owner,23,F,418,South,63
B012827,Upper-Middle,1024479,Salaried,5,B,742,East,59
B012828,Low,210495,Freelancer,29,A,862,North,42
B012829,Upper-Middle,1164900,Salaried,27,C,721,West,32
B012830,Low,218036,Freelancer,16,F,401,West,33
B012831,Lower-Middle,537685,Salaried,0,G,319,West,56
B012832,Middle,609436,Salaried,10,D,574,South,29
B012833,Low,189461,Self-Employed,22,E,471,East,46
B012834,Low,275501,Self-Employed,22,D,567,East,61
B012835,Lower-Middle,387805,Business Owner,0,B,779,Central,43
B012836,Low,196442,Self-Employed,5,D,552,Central,45
B012837,High,2423085,Self-Employed,18,B,743,East,40
B012838,Lower-Middle,504756,Salaried,17,D,565,East,32
B012839,Middle,954241,Freelancer,2,B,772,North,32
B012840,High,2626367,Unemployed,8,C,662,South,39
B012841,Middle,988841,Business Owner,12,D,571,North,41
B012842,Lower-Middle,345930,Salaried,5,C,662,East,22
B012843,High,3717484,Business Owner,17,E,495,South,58
B012844,Lower-Middle,406268,Salaried,15,D,612,South,21
B012845,Low,175399,Freelancer,19,C,705,Central,31
B012846,Middle,871557,Salaried,3,E,461,West,36
B012847,Lower-Middle,375579,Salaried,17,A,853,West,62
B012848,Upper-Middle,1111866,Salaried,16,E,510,West,52
B012849,Low,223517,Business Owner,19,C,717,South,28
B012850,Middle,670691,Self-Employed,25,C,642,South,53
B012851,Middle,808625,Business Owner,25,D,585,Central,42
B012852,High,3856321,Salaried,22,F,424,East,21
B012853,Low,150596,Freelancer,8,B,746,West,39
B012854,Lower-Middle,410112,Salaried,19,G,300,East,51
B012855,High,3156913,Salaried,3,D,569,North,42
B012856,Middle,795474,Business Owner,2,B,769,Central,54
B012857,Low,238483,Self-Employed,13,D,573,North,64
B012858,Low,153511,Self-Employed,2,E,502,South,31
B012859,Upper-Middle,1426972,Salaried,18,D,565,West,46
B012860,Middle,864073,Self-Employed,24,B,790,East,27
B012861,Middle,839441,Salaried,6,E,502,Central,38
B012862,Upper-Middle,1034038,Salaried,23,E,445,Central,52
B012863,Lower-Middle,331513,Salaried,4,E,506,West,41
B012864,Low,253265,Business Owner,4,E,452,South,45
B012865,Middle,658129,Salaried,4,C,656,North,42
B012866,Upper-Middle,1247866,Salaried,14,D,578,West,38
B012867,Lower-Middle,433585,Salaried,12,D,567,South,53
B012868,Middle,776196,Salaried,28,B,777,West,46
B012869,Low,158280,Salaried,17,D,630,East,32
B012870,Low,217731,Self-Employed,24,B,708,North,56
B012871,Upper-Middle,1337494,Salaried,4,E,476,South,53
B012872,Low,192241,Salaried,13,B,765,Central,25
B012873,Low,227607,Self-Employed,1,E,486,South,49
B012874,Upper-Middle,1584464,Salaried,12,B,712,West,43
B012875,Lower-Middle,597659,Self-Employed,13,F,431,West,48
B012876,Lower-Middle,590726,Self-Employed,14,D,584,East,33
B012877,Upper-Middle,1550196,Business Owner,29,C,689,West,24
B012878,Low,185330,Self-Employed,0,A,864,East,33
B012879,Middle,931840,Salaried,19,D,573,West,43
B012880,Lower-Middle,400054,Salaried,19,C,638,South,55
B012881,Low,178834,Salaried,26,E,492,Central,35
B012882,Middle,730189,Freelancer,12,E,456,South,49
B012883,Lower-Middle,316870,Salaried,27,D,607,East,51
B012884,Upper-Middle,1316224,Salaried,3,C,700,Central,60
B012885,High,3562553,Self-Employed,26,B,770,West,54
B012886,Upper-Middle,1006258,Self-Employed,0,D,576,East,37
B012887,Lower-Middle,300032,Freelancer,3,C,696,North,40
B012888,Lower-Middle,352831,Salaried,18,D,611,South,43
B012889,Upper-Middle,1157056,Freelancer,14,D,595,East,35
B012890,Middle,857595,Business Owner,17,D,613,Central,27
B012891,Middle,664130,Business Owner,11,D,614,Central,45
B012892,Upper-Middle,1318677,Salaried,23,D,618,East,58
B012893,Lower-Middle,491400,Salaried,21,F,433,South,41
B012894,Low,186420,Salaried,3,B,695,North,48
B012895,Middle,667878,Business Owner,19,A,862,East,49
B012896,Middle,954887,Salaried,1,B,764,North,61
B012897,Lower-Middle,365764,Salaried,26,C,690,North,46
B012898,Middle,957209,Salaried,25,D,542,Central,48
B012899,Upper-Middle,1757646,Freelancer,5,E,461,East,61
B012900,Lower-Middle,578302,Salaried,3,E,536,South,26
B012901,Lower-Middle,444669,Salaried,0,G,326,East,27
B012902,Middle,888539,Business Owner,3,A,858,South,45
B012903,Upper-Middle,1197366,Freelancer,24,B,747,Central,58
B012904,High,1941492,Business Owner,28,A,825,East,62
B012905,Low,227963,Self-Employed,17,D,562,West,39
B012906,Upper-Middle,1081526,Salaried,3,C,652,East,28
B012907,Upper-Middle,1623141,Salaried,15,C,687,East,51
B012908,Middle,802675,Salaried,13,C,678,East,35
B012909,Lower-Middle,319112,Salaried,24,F,378,West,29
B012910,Low,257944,Salaried,26,A,873,Central,49
B012911,Middle,794371,Salaried,19,C,600,South,57
B012912,Lower-Middle,438847,Salaried,7,D,510,South,46
B012913,Lower-Middle,468865,Business Owner,26,C,689,West,35
B012914,High,3535289,Salaried,13,D,623,North,29
B012915,Low,171087,Unemployed,16,D,511,East,61
B012916,High,2049758,Business Owner,29,E,478,Central,28
B012917,Middle,668490,Salaried,20,E,535,West,49
B012918,Upper-Middle,1244199,Salaried,8,C,630,South,27
B012919,Lower-Middle,525036,Freelancer,19,F,424,East,42
B012920,Middle,837490,Freelancer,22,D,572,Central,44
B012921,Middle,624991,Salaried,8,F,424,East,57
B012922,High,3605675,Salaried,19,C,700,Central,61
B012923,Low,156827,Unemployed,29,A,859,Central,59
B012924,Lower-Middle,362086,Self-Employed,21,D,558,West,43
B012925,High,3753467,Self-Employed,10,G,300,West,43
B012926,Low,202471,Salaried,11,F,388,North,39
B012927,Middle,736248,Business Owner,7,B,718,South,30
B012928,Low,178364,Self-Employed,21,D,599,North,30
B012929,Low,176810,Salaried,28,F,352,East,27
B012930,Middle,612151,Business Owner,17,C,707,North,59
B012931,Middle,939323,Salaried,6,D,560,West,53
B012932,Middle,892279,Salaried,26,G,304,East,64
B012933,Middle,750420,Self-Employed,0,D,565,Central,35
B012934,Upper-Middle,1604233,Self-Employed,8,B,802,West,52
B012935,High,2422367,Unemployed,14,A,863,South,22
B012936,Lower-Middle,402597,Self-Employed,2,C,696,South,43
B012937,Lower-Middle,565207,Salaried,26,D,567,East,38
B012938,Lower-Middle,367326,Salaried,9,F,418,North,61
B012939,Upper-Middle,1683432,Self-Employed,8,E,509,West,40
B012940,Lower-Middle,373980,Salaried,22,A,852,North,44
B012941,Middle,964769,Self-Employed,22,E,496,Central,59
B012942,Lower-Middle,368403,Salaried,15,A,858,East,36
B012943,Middle,716839,Salaried,14,A,856,East,61
B012944,Upper-Middle,1441978,Salaried,16,D,600,North,29
B012945,Middle,680176,Salaried,16,D,558,West,58
B012946,Middle,610138,Salaried,4,C,596,West,27
B012947,Lower-Middle,390351,Self-Employed,3,C,652,East,45
B012948,Middle,772617,Salaried,4,F,383,South,40
B012949,Lower-Middle,303736,Freelancer,10,D,586,Central,26
B012950,Upper-Middle,1628475,Self-Employed,4,C,672,East,38
B012951,Lower-Middle,383698,Business Owner,26,F,385,West,26
B012952,Low,176346,Freelancer,13,B,713,West,30
B012953,Lower-Middle,487946,Freelancer,28,B,744,East,53
B012954,Middle,951069,Freelancer,16,B,768,East,43
B012955,High,2792980,Salaried,21,B,791,West,50
B012956,Lower-Middle,427773,Salaried,28,A,832,Central,53
B012957,Lower-Middle,449150,Self-Employed,0,C,668,West,52
B012958,Lower-Middle,347450,Self-Employed,9,D,573,Central,48
B012959,High,2482031,Self-Employed,17,B,733,South,44
B012960,Upper-Middle,1364035,Self-Employed,3,B,780,North,55
B012961,Low,299210,Salaried,0,D,589,North,59
B012962,Middle,755930,Salaried,13,C,735,North,56
B012963,Upper-Middle,1040148,Self-Employed,5,D,551,East,40
B012964,Upper-Middle,1204942,Self-Employed,15,B,756,Central,26
B012965,Middle,971675,Business Owner,13,E,492,North,35
B012966,Upper-Middle,1672302,Self-Employed,17,G,300,West,64
B012967,Middle,848782,Salaried,17,C,699,Central,51
B012968,Lower-Middle,460370,Salaried,26,D,570,Central,28
B012969,Low,246075,Salaried,6,E,473,Central,37
B012970,Lower-Middle,588634,Salaried,12,D,602,North,53
B012971,Low,215949,Business Owner,24,C,645,North,61
B012972,Lower-Middle,539974,Self-Employed,1,B,766,Central,46
B012973,Upper-Middle,1701662,Freelancer,14,D,558,North,59
B012974,Upper-Middle,1167774,Salaried,26,C,661,Central,43
B012975,Low,207961,Salaried,28,E,490,Central,55
B012976,Low,258031,Salaried,12,A,865,South,60
B012977,Middle,693787,Salaried,22,A,850,Central,46
B012978,Middle,727582,Salaried,0,C,656,North,55
B012979,Low,202866,Salaried,0,C,680,North,29
B012980,Upper-Middle,1779027,Salaried,8,D,557,South,23
B012981,Lower-Middle,508665,Salaried,5,B,787,South,42
B012982,Low,228223,Business Owner,13,D,651,East,48
B012983,Upper-Middle,1357485,Self-Employed,16,E,492,South,34
B012984,Middle,873617,Salaried,28,F,413,South,42
B012985,Lower-Middle,567902,Self-Employed,0,F,370,South,40
B012986,Middle,692217,Salaried,1,D,578,North,39
B012987,High,3431263,Salaried,1,F,417,West,54
B012988,Low,186792,Self-Employed,26,D,590,Central,22
B012989,Middle,910791,Salaried,7,A,832,East,29
B012990,Lower-Middle,521624,Business Owner,2,G,300,South,59
B012991,Middle,876722,Salaried,8,A,843,Central,60
B012992,Lower-Middle,380146,Salaried,19,C,663,Central,35
B012993,Lower-Middle,597561,Salaried,9,A,830,East,41
B012994,Lower-Middle,400090,Salaried,4,D,609,South,64
B012995,Upper-Middle,1704580,Salaried,12,D,603,West,40
B012996,Lower-Middle,353926,Salaried,10,D,549,Central,56
B012997,Upper-Middle,1301556,Salaried,7,B,811,North,25
B012998,Lower-Middle,306922,Salaried,25,A,870,South,56
B012999,Upper-Middle,1080504,Self-Employed,14,C,656,Central,43
B013000,Middle,778415,Business Owner,17,A,844,North,47
B013001,Lower-Middle,547151,Freelancer,7,A,846,South,35
B013002,Middle,867464,Self-Employed,25,C,641,Central,57
B013003,Upper-Middle,1459290,Freelancer,26,G,300,Central,34
B013004,Middle,605164,Self-Employed,7,E,475,South,32
B013005,Lower-Middle,549651,Self-Employed,20,C,693,Central,39
B013006,Middle,730617,Business Owner,14,C,629,South,47
B013007,Middle,820464,Business Owner,19,F,396,South,22
B013008,Lower-Middle,546520,Business Owner,6,D,571,East,46
B013009,Upper-Middle,1042308,Freelancer,28,E,477,East,32
B013010,Lower-Middle,394889,Salaried,25,F,391,West,39
B013011,Middle,981913,Freelancer,13,B,777,South,30
B013012,Middle,638673,Salaried,16,A,828,West,45
B013013,High,2602239,Salaried,14,C,659,North,24
B013014,Lower-Middle,569684,Salaried,15,D,592,North,54
B013015,Lower-Middle,336111,Self-Employed,9,F,378,South,31
B013016,Low,252567,Salaried,8,C,688,Central,29
B013017,Middle,875582,Salaried,4,E,522,West,21
B013018,Lower-Middle,372967,Salaried,3,D,566,North,63
B013019,Lower-Middle,343514,Self-Employed,28,D,609,North,52
B013020,Lower-Middle,528019,Salaried,15,E,471,Central,41
B013021,Upper-Middle,1183100,Self-Employed,16,D,541,East,34
B013022,Lower-Middle,533260,Self-Employed,4,D,622,West,51
B013023,Middle,962923,Business Owner,16,E,491,South,41
B013024,Low,157058,Self-Employed,2,D,585,South,60
B013025,Low,191963,Salaried,17,A,835,North,53
B013026,Low,259210,Unemployed,21,D,556,East,63
B013027,Lower-Middle,469770,Freelancer,19,D,579,East,59
B013028,Middle,806480,Salaried,21,F,453,East,46
B013029,Lower-Middle,440468,Salaried,5,A,840,Central,22
B013030,Lower-Middle,587106,Self-Employed,1,A,876,West,63
B013031,Low,266565,Freelancer,20,C,723,Central,31
B013032,Lower-Middle,465908,Business Owner,24,E,486,West,46
B013033,Low,199057,Freelancer,1,D,582,North,54
B013034,Low,153564,Freelancer,27,C,662,East,32
B013035,Low,251657,Self-Employed,19,D,566,Central,54
B013036,Middle,662178,Salaried,26,D,566,West,45
B013037,High,2145543,Salaried,15,D,520,North,61
B013038,Middle,641808,Salaried,6,C,658,North,26
B013039,Low,282152,Salaried,15,E,471,North,33
B013040,High,3070951,Salaried,22,A,852,West,52
B013041,High,3566487,Salaried,27,A,900,East,60
B013042,Middle,606016,Business Owner,20,D,591,East,31
B013043,Low,221321,Salaried,12,A,857,Central,52
B013044,Middle,849807,Business Owner,20,C,659,Central,39
B013045,High,3815306,Freelancer,11,C,685,North,59
B013046,Upper-Middle,1479282,Salaried,2,D,580,Central,37
B013047,Middle,652592,Salaried,10,E,469,Central,62
B013048,Middle,884198,Salaried,12,E,501,North,31
B013049,High,2584188,Freelancer,12,C,646,Central,64
B013050,Low,186368,Business Owner,0,B,751,West,52
B013051,Low,277342,Salaried,7,G,305,South,30
B013052,Upper-Middle,1447463,Self-Employed,29,A,843,West,35
B013053,Low,223892,Business Owner,29,E,530,North,23
B013054,Lower-Middle,552307,Salaried,7,A,875,West,62
B013055,Lower-Middle,582276,Self-Employed,10,D,551,South,27
B013056,Lower-Middle,491651,Salaried,28,D,556,South,21
B013057,Low,276750,Salaried,5,C,676,West,46
B013058,Middle,768896,Freelancer,23,D,616,West,40
B013059,Lower-Middle,571049,Salaried,16,A,841,South,50
B013060,Middle,887739,Business Owner,6,B,727,North,41
B013061,Lower-Middle,573202,Self-Employed,25,D,586,West,30
B013062,High,3700638,Salaried,12,E,482,Central,46
B013063,Middle,742191,Self-Employed,9,D,631,Central,58
B013064,High,3745901,Salaried,17,D,559,East,26
B013065,Lower-Middle,463534,Salaried,15,G,300,East,33
B013066,Low,269274,Salaried,1,C,659,North,58
B013067,Upper-Middle,1567573,Freelancer,5,C,645,South,61
B013068,Upper-Middle,1739416,Freelancer,16,A,859,West,30
B013069,Low,255609,Salaried,22,E,484,West,56
B013070,Middle,888231,Salaried,10,A,875,South,37
B013071,Middle,998767,Unemployed,27,B,824,Central,52
B013072,Low,280345,Self-Employed,2,A,843,South,45
B013073,Middle,844967,Salaried,12,B,726,West,39
B013074,Lower-Middle,525191,Salaried,20,C,658,West,21
B013075,Low,188289,Salaried,4,A,831,East,36
B013076,Upper-Middle,1438829,Salaried,16,C,687,South,48
B013077,Middle,992655,Salaried,29,D,594,West,54
B013078,Upper-Middle,1137414,Business Owner,24,B,774,South,29
B013079,Middle,958633,Self-Employed,11,A,847,Central,29
B013080,High,3435729,Salaried,27,C,662,West,54
B013081,Lower-Middle,386796,Business Owner,23,D,604,East,31
B013082,Lower-Middle,583925,Self-Employed,5,D,608,South,33
B013083,Lower-Middle,427594,Business Owner,19,B,806,North,39
B013084,Middle,788788,Salaried,19,A,877,North,47
B013085,Middle,792985,Salaried,9,B,766,South,35
B013086,Middle,678096,Salaried,9,F,378,South,42
B013087,Lower-Middle,491428,Salaried,6,F,425,West,63
B013088,Low,228230,Self-Employed,16,D,580,East,59
B013089,Upper-Middle,1786229,Self-Employed,3,F,407,North,41
B013090,Upper-Middle,1620138,Salaried,4,B,761,East,36
B013091,Lower-Middle,431472,Self-Employed,24,D,527,West,38
B013092,Middle,955783,Self-Employed,7,D,602,East,43
B013093,Middle,969906,Self-Employed,18,C,653,West,38
B013094,Upper-Middle,1458004,Business Owner,24,E,498,Central,44
B013095,Lower-Middle,587998,Freelancer,0,C,681,East,45
B013096,Middle,808042,Business Owner,6,E,480,South,25
B013097,Low,182902,Salaried,1,B,783,West,47
B013098,Low,228778,Business Owner,11,A,900,Central,44
B013099,Upper-Middle,1389872,Salaried,8,C,664,West,61
B013100,Lower-Middle,453752,Self-Employed,25,B,751,East,42
B013101,Low,176324,Unemployed,24,B,759,North,39
B013102,Low,180613,Salaried,7,A,864,West,28
B013103,Lower-Middle,418205,Salaried,9,C,654,West,26
B013104,Middle,902256,Salaried,15,E,477,East,48
B013105,Lower-Middle,369520,Unemployed,16,D,579,West,39
B013106,Upper-Middle,1065057,Salaried,5,C,653,North,43
B013107,Upper-Middle,1213775,Business Owner,20,A,834,Central,32
B013108,Lower-Middle,419075,Salaried,6,D,593,East,27
B013109,Upper-Middle,1044409,Salaried,27,C,652,Central,63
B013110,Low,211502,Salaried,7,B,767,West,48
B013111,Lower-Middle,476112,Business Owner,29,C,645,West,45
B013112,Low,273682,Salaried,8,B,764,South,41
B013113,Low,222653,Freelancer,9,C,650,South,22
B013114,Low,259659,Self-Employed,3,F,398,South,60
B013115,Low,251673,Freelancer,0,D,615,South,48
B013116,Upper-Middle,1432278,Salaried,17,G,300,West,44
B013117,Middle,823978,Self-Employed,24,D,557,North,63
B013118,High,2438265,Salaried,13,A,857,West,31
B013119,Middle,658607,Salaried,2,D,572,North,29
B013120,Middle,811950,Self-Employed,0,F,473,East,53
B013121,Lower-Middle,381130,Salaried,20,F,361,South,60
B013122,Middle,748050,Unemployed,1,D,580,West,39
B013123,Lower-Middle,524784,Salaried,0,B,825,South,28
B013124,High,3274571,Salaried,22,D,588,Central,57
B013125,High,2125206,Self-Employed,20,B,767,Central,28
B013126,Lower-Middle,338979,Salaried,24,A,811,East,40
B013127,Middle,942645,Salaried,14,B,751,North,38
B013128,Middle,755392,Unemployed,29,A,852,West,30
B013129,Middle,672868,Salaried,1,C,618,West,62
B013130,Low,241959,Self-Employed,1,F,423,North,42
B013131,Middle,986989,Salaried,13,D,554,East,47
B013132,Upper-Middle,1483297,Salaried,14,D,611,North,25
B013133,Lower-Middle,480526,Salaried,27,E,442,South,57
B013134,Middle,955516,Business Owner,2,B,775,West,38
B013135,Low,179866,Self-Employed,26,D,603,East,26
B013136,High,3036007,Salaried,16,E,462,West,45
B013137,Low,186119,Salaried,21,C,691,East,47
B013138,Lower-Middle,504990,Freelancer,19,C,665,South,48
B013139,Lower-Middle,470212,Salaried,20,E,462,North,55
B013140,Upper-Middle,1684735,Self-Employed,16,E,463,West,37
B013141,Middle,832634,Salaried,17,C,667,East,35
B013142,Low,239974,Salaried,6,D,584,North,27
B013143,Lower-Middle,445831,Salaried,18,D,597,North,63
B013144,Upper-Middle,1044065,Salaried,13,F,397,West,35
B013145,Lower-Middle,441236,Self-Employed,24,E,507,Central,63
B013146,Low,156507,Salaried,13,B,765,South,43
B013147,High,3150610,Business Owner,7,D,580,Central,62
B013148,Low,185263,Salaried,27,G,300,East,45
B013149,Middle,605310,Salaried,13,C,645,East,62
B013150,Lower-Middle,528558,Salaried,7,E,493,Central,58
B013151,Upper-Middle,1262976,Salaried,10,D,595,West,23
B013152,Upper-Middle,1520967,Salaried,15,C,701,East,23
B013153,Lower-Middle,506080,Salaried,11,D,595,North,27
B013154,Middle,799741,Salaried,26,C,688,East,44
B013155,Upper-Middle,1000731,Salaried,6,C,695,South,27
B013156,Upper-Middle,1639932,Salaried,11,E,485,North,29
B013157,Lower-Middle,412027,Salaried,2,D,604,East,31
B013158,Lower-Middle,376219,Salaried,12,F,418,North,59
B013159,Upper-Middle,1594299,Salaried,16,A,869,Central,34
B013160,Low,268399,Salaried,7,E,496,Central,51
B013161,Low,271898,Salaried,17,B,773,West,36
B013162,Lower-Middle,530718,Salaried,18,E,495,Central,32
B013163,Upper-Middle,1148420,Unemployed,23,F,362,Central,27
B013164,Low,266565,Salaried,11,E,526,Central,46
B013165,Lower-Middle,373268,Salaried,11,D,606,North,45
B013166,Middle,722629,Business Owner,23,B,765,Central,59
B013167,Lower-Middle,377801,Salaried,13,G,330,South,58
B013168,Lower-Middle,365609,Salaried,18,C,657,North,27
B013169,Middle,831328,Freelancer,27,A,833,Central,45
B013170,Lower-Middle,485197,Self-Employed,17,A,840,West,34
B013171,High,3444795,Self-Employed,26,E,486,East,47
B013172,Low,179729,Salaried,20,E,491,North,42
B013173,Upper-Middle,1378364,Salaried,8,E,457,South,36
B013174,Middle,838359,Salaried,1,D,531,West,31
B013175,Low,204974,Business Owner,29,D,548,West,42
B013176,Low,183254,Salaried,7,F,380,West,26
B013177,Middle,631202,Self-Employed,27,D,612,South,42
B013178,Lower-Middle,383468,Freelancer,10,C,622,West,29
B013179,Lower-Middle,456555,Unemployed,3,G,327,North,29
B013180,High,2170527,Salaried,24,G,300,South,35
B013181,Middle,950400,Self-Employed,19,D,570,North,55
B013182,High,3355325,Self-Employed,2,D,585,Central,54
B013183,Low,165284,Business Owner,7,F,402,South,62
B013184,Lower-Middle,360777,Freelancer,9,E,507,East,64
B013185,Middle,620604,Business Owner,19,B,691,North,30
B013186,Lower-Middle,556780,Self-Employed,20,G,361,Central,30
B013187,Lower-Middle,369498,Salaried,19,E,513,South,62
B013188,Low,295088,Self-Employed,18,E,473,East,56
B013189,Low,296470,Self-Employed,28,C,688,South,49
B013190,Upper-Middle,1195391,Self-Employed,23,A,882,South,40
B013191,Lower-Middle,577612,Self-Employed,22,C,751,South,32
B013192,High,2576199,Salaried,12,C,692,Central,26
B013193,Lower-Middle,399753,Salaried,15,C,666,North,60
B013194,Lower-Middle,572728,Freelancer,7,E,484,Central,47
B013195,Lower-Middle,478173,Salaried,17,C,641,South,23
B013196,Middle,873989,Business Owner,13,C,699,North,38
B013197,Upper-Middle,1332204,Self-Employed,27,B,773,Central,54
B013198,Upper-Middle,1417821,Salaried,10,E,505,East,34
B013199,Low,266107,Salaried,10,E,499,Central,61
B013200,Lower-Middle,351151,Self-Employed,10,C,607,North,37
B013201,Upper-Middle,1790075,Business Owner,10,B,736,North,56
B013202,Low,270081,Salaried,15,B,690,Central,43
B013203,Middle,707172,Freelancer,2,D,591,South,56
B013204,Lower-Middle,510011,Business Owner,10,E,473,East,42
B013205,Lower-Middle,303935,Salaried,25,E,488,North,50
B013206,Lower-Middle,525324,Salaried,3,F,394,South,38
B013207,Lower-Middle,539222,Salaried,25,E,537,East,30
B013208,Upper-Middle,1112000,Salaried,1,D,566,North,25
B013209,Middle,722066,Salaried,22,C,659,West,41
B013210,Upper-Middle,1519082,Salaried,15,C,646,South,43
B013211,Middle,882738,Freelancer,29,C,644,Central,50
B013212,Lower-Middle,320553,Self-Employed,8,A,841,South,60
B013213,Middle,770640,Business Owner,25,B,748,West,64
B013214,Lower-Middle,444001,Self-Employed,23,A,857,Central,38
B013215,Upper-Middle,1545802,Self-Employed,0,B,719,West,23
B013216,Lower-Middle,404954,Freelancer,18,E,460,Central,44
B013217,High,2591324,Salaried,2,D,587,West,60
B013218,Middle,686854,Self-Employed,24,C,638,East,48
B013219,Middle,963792,Freelancer,13,B,757,Central,44
B013220,Middle,637929,Freelancer,9,D,586,Central,39
B013221,Middle,795735,Salaried,12,G,305,Central,61
B013222,Middle,657157,Freelancer,17,C,662,West,55
B013223,Middle,612063,Salaried,0,E,494,North,58
B013224,Lower-Middle,508411,Salaried,28,F,378,West,22
B013225,Middle,666258,Salaried,13,E,537,South,33
B013226,Lower-Middle,474725,Salaried,7,D,562,South,26
B013227,Middle,849851,Salaried,28,C,694,West,45
B013228,Middle,990413,Salaried,28,A,868,West,22
B013229,Low,214647,Salaried,6,E,439,North,57
B013230,Upper-Middle,1060271,Business Owner,5,G,300,Central,62
B013231,Middle,784114,Freelancer,6,D,589,West,57
B013232,Middle,653475,Freelancer,4,A,900,Central,25
B013233,Middle,807315,Self-Employed,8,B,779,Central,43
B013234,Middle,791749,Freelancer,22,C,703,East,56
B013235,Upper-Middle,1363561,Salaried,24,G,304,South,39
B013236,Lower-Middle,537661,Salaried,29,A,890,North,25
B013237,Low,205944,Salaried,29,C,700,West,54
B013238,Middle,904099,Salaried,24,D,499,South,40
B013239,Lower-Middle,534594,Self-Employed,2,B,749,East,58
B013240,Low,204699,Salaried,1,B,744,West,44
B013241,Low,197290,Unemployed,13,A,823,East,36
B013242,Lower-Middle,305939,Salaried,5,D,585,North,55
B013243,High,3512217,Salaried,8,C,709,Central,54
B013244,Low,260303,Salaried,20,A,846,East,27
B013245,Lower-Middle,345281,Salaried,22,D,562,West,32
B013246,High,2145121,Unemployed,25,E,497,West,49
B013247,High,3488918,Self-Employed,5,D,590,South,61
B013248,Lower-Middle,338426,Salaried,13,D,588,Central,59
B013249,Upper-Middle,1637289,Self-Employed,29,D,548,Central,28
B013250,Low,183180,Salaried,19,E,522,West,62
B013251,Upper-Middle,1386068,Salaried,27,A,810,Central,41
B013252,Low,178385,Salaried,12,B,732,West,64
B013253,Lower-Middle,376510,Salaried,12,E,509,South,31
B013254,Lower-Middle,473579,Self-Employed,14,C,702,South,61
B013255,Middle,940964,Business Owner,25,B,748,Central,45
B013256,Low,238748,Salaried,25,A,834,West,36
B013257,Middle,684368,Self-Employed,5,F,384,East,36
B013258,Middle,821301,Self-Employed,24,E,462,Central,29
B013259,Low,176287,Salaried,25,A,835,East,64
B013260,Upper-Middle,1412969,Salaried,17,C,647,East,39
B013261,Lower-Middle,366388,Salaried,13,B,737,North,49
B013262,Low,267359,Salaried,6,B,752,Central,30
B013263,Lower-Middle,555943,Salaried,10,B,762,North,35
B013264,Lower-Middle,487297,Salaried,13,C,689,South,61
B013265,Lower-Middle,418419,Salaried,23,E,488,West,22
B013266,Middle,935283,Business Owner,20,G,309,West,41
B013267,Middle,745343,Salaried,5,A,843,West,46
B013268,Lower-Middle,405590,Freelancer,1,C,647,Central,34
B013269,Lower-Middle,337451,Salaried,20,D,577,East,46
B013270,Upper-Middle,1694628,Salaried,18,C,683,Central,61
B013271,Lower-Middle,341591,Self-Employed,12,B,772,East,36
B013272,Middle,978900,Self-Employed,18,B,743,East,34
B013273,Upper-Middle,1585449,Freelancer,18,D,577,South,31
B013274,Lower-Middle,552365,Salaried,17,B,780,East,42
B013275,Middle,793903,Salaried,12,A,858,East,59
B013276,High,2353127,Self-Employed,14,E,472,Central,41
B013277,Middle,796268,Self-Employed,1,C,637,North,50
B013278,High,3563993,Business Owner,13,F,337,East,57
B013279,Lower-Middle,441319,Business Owner,3,D,613,North,26
B013280,Middle,709836,Salaried,19,B,817,North,42
B013281,Lower-Middle,467844,Business Owner,0,B,778,East,64
B013282,Low,154726,Self-Employed,10,F,379,East,36
B013283,High,3432407,Self-Employed,13,B,752,South,33
B013284,Lower-Middle,499345,Salaried,27,C,654,West,26
B013285,High,2293706,Freelancer,11,C,662,North,28
B013286,Middle,686928,Business Owner,1,G,318,West,44
B013287,Upper-Middle,1619128,Salaried,17,G,321,East,54
B013288,High,2447365,Salaried,27,D,556,North,50
B013289,Middle,825994,Self-Employed,13,B,768,Central,45
B013290,High,3025495,Freelancer,26,B,693,East,32
B013291,Upper-Middle,1485642,Salaried,14,A,886,East,43
B013292,Middle,615177,Freelancer,20,A,816,West,50
B013293,Middle,784207,Salaried,16,F,401,East,30
B013294,Lower-Middle,531972,Salaried,24,D,593,West,41
B013295,Low,262417,Self-Employed,9,B,765,West,46
B013296,Lower-Middle,429729,Salaried,13,E,503,South,22
B013297,Lower-Middle,334260,Salaried,19,A,883,West,50
B013298,Lower-Middle,459640,Business Owner,7,D,565,West,22
B013299,Middle,843259,Salaried,29,B,766,North,40
B013300,Middle,927115,Salaried,13,C,654,West,23
B013301,Middle,907188,Salaried,28,B,788,South,32
B013302,Upper-Middle,1297366,Salaried,25,B,756,North,39
B013303,High,3175288,Salaried,14,F,397,West,27
B013304,Upper-Middle,1421038,Salaried,17,F,394,West,57
B013305,Middle,688003,Freelancer,16,D,588,East,59
B013306,Lower-Middle,379502,Self-Employed,25,E,488,West,35
B013307,High,3363018,Self-Employed,20,B,758,East,45
B013308,Low,258513,Salaried,23,C,660,East,48
B013309,Low,257685,Salaried,11,B,753,South,42
B013310,Lower-Middle,401446,Freelancer,5,A,852,West,58
B013311,Middle,803687,Self-Employed,29,C,695,East,59
B013312,Middle,678746,Business Owner,24,E,499,North,45
B013313,Low,253685,Salaried,21,E,478,South,51
B013314,Upper-Middle,1285010,Self-Employed,0,C,660,South,61
B013315,Low,198663,Salaried,5,C,710,West,59
B013316,Lower-Middle,404466,Salaried,29,D,542,Central,34
B013317,Lower-Middle,314498,Business Owner,2,F,366,North,62
B013318,Lower-Middle,432241,Salaried,7,B,741,North,43
B013319,Upper-Middle,1425243,Salaried,10,C,686,East,62
B013320,Low,160467,Salaried,8,F,378,Central,44
B013321,Lower-Middle,411461,Self-Employed,27,D,557,South,64
B013322,Low,297948,Business Owner,9,E,514,West,28
B013323,Upper-Middle,1367079,Salaried,29,C,633,West,55
B013324,High,2680802,Unemployed,28,F,417,North,42
B013325,Middle,834515,Salaried,1,F,431,South,27
B013326,Middle,746207,Freelancer,19,C,688,North,49
B013327,Upper-Middle,1097370,Business Owner,23,A,855,Central,45
B013328,Lower-Middle,539628,Freelancer,8,D,598,North,25
B013329,Low,269465,Business Owner,28,B,826,North,27
B013330,Middle,892178,Salaried,9,B,761,West,49
B013331,Lower-Middle,381740,Salaried,28,C,671,North,63
B013332,Middle,825528,Business Owner,24,C,723,South,44
B013333,Middle,788067,Business Owner,17,F,386,East,37
B013334,Lower-Middle,503821,Self-Employed,2,A,844,East,37
B013335,Middle,887182,Self-Employed,9,C,716,Central,53
B013336,Lower-Middle,418157,Salaried,23,D,604,Central,37
B013337,Low,266554,Salaried,19,D,549,Central,44
B013338,Upper-Middle,1499270,Salaried,22,C,673,Central,58
B013339,Middle,895021,Self-Employed,9,B,778,East,55
B013340,Low,256729,Self-Employed,10,C,668,Central,63
B013341,Low,265845,Self-Employed,2,F,397,West,53
B013342,Low,235474,Self-Employed,18,C,637,East,36
B013343,Low,242155,Salaried,7,D,596,Central,24
B013344,Low,166225,Salaried,24,F,452,North,41
B013345,Low,229547,Salaried,13,B,770,South,36
B013346,Upper-Middle,1725916,Salaried,4,F,424,South,42
B013347,Upper-Middle,1227670,Self-Employed,19,E,468,East,62
B013348,Upper-Middle,1318750,Business Owner,28,D,553,South,49
B013349,Middle,838867,Freelancer,25,F,380,East,27
B013350,Middle,719074,Salaried,6,A,858,Central,31
B013351,Upper-Middle,1168245,Business Owner,28,E,493,West,28
B013352,Upper-Middle,1724282,Self-Employed,19,B,720,Central,36
B013353,Upper-Middle,1050209,Salaried,18,C,661,South,63
B013354,Upper-Middle,1194434,Business Owner,20,B,761,South,27
B013355,Upper-Middle,1507248,Unemployed,0,D,589,East,52
B013356,Middle,936249,Salaried,6,B,762,East,21
B013357,Lower-Middle,340184,Self-Employed,14,B,782,West,25
B013358,Low,196715,Salaried,3,A,816,South,29
B013359,Lower-Middle,544526,Salaried,3,C,716,North,38
B013360,Low,174805,Salaried,22,B,710,East,22
B013361,Low,159232,Salaried,2,D,607,Central,23
B013362,Low,156191,Business Owner,12,D,614,North,31
B013363,Lower-Middle,569083,Salaried,19,D,556,North,56
B013364,High,3598433,Self-Employed,20,D,628,Central,36
B013365,Lower-Middle,440198,Freelancer,25,B,757,South,25
B013366,Lower-Middle,572105,Business Owner,1,B,756,East,23
B013367,Lower-Middle,328341,Salaried,5,E,513,West,24
B013368,Lower-Middle,311187,Salaried,23,D,583,West,63
B013369,Middle,795560,Salaried,1,D,568,Central,39
B013370,Middle,910059,Salaried,23,A,842,North,26
B013371,Low,160957,Salaried,27,C,675,Central,27
B013372,Middle,739204,Self-Employed,13,C,655,East,58
B013373,Low,170941,Self-Employed,22,D,594,North,57
B013374,Middle,887316,Salaried,8,F,388,East,52
B013375,High,2387564,Salaried,7,D,569,East,44
B013376,Upper-Middle,1436517,Freelancer,1,E,479,North,54
B013377,Lower-Middle,302299,Freelancer,17,D,531,East,42
B013378,Upper-Middle,1342632,Self-Employed,8,F,393,North,30
B013379,Upper-Middle,1065160,Self-Employed,1,E,501,West,39
B013380,Upper-Middle,1720688,Self-Employed,11,B,802,West,62
B013381,Lower-Middle,494717,Salaried,19,B,798,North,37
B013382,Middle,820539,Freelancer,7,F,400,East,31
B013383,Lower-Middle,398845,Salaried,6,D,580,South,48
B013384,Low,153897,Self-Employed,1,C,653,West,21
B013385,Middle,754114,Salaried,20,E,509,South,43
B013386,Lower-Middle,361409,Self-Employed,3,C,639,Central,27
B013387,Lower-Middle,449815,Business Owner,27,E,468,East,21
B013388,Upper-Middle,1083384,Business Owner,18,D,542,Central,36
B013389,Middle,823092,Salaried,21,F,397,North,52
B013390,High,3618212,Self-Employed,8,D,585,Central,24
B013391,Upper-Middle,1331775,Self-Employed,2,C,641,North,24
B013392,Upper-Middle,1040100,Business Owner,25,G,300,North,56
B013393,Upper-Middle,1465510,Salaried,6,C,684,North,61
B013394,Low,290295,Salaried,6,E,484,South,45
B013395,Low,290979,Self-Employed,27,B,736,Central,41
B013396,High,2635316,Salaried,4,C,655,West,61
B013397,Low,214522,Self-Employed,3,E,507,North,32
B013398,Lower-Middle,386756,Salaried,11,D,595,Central,46
B013399,Middle,963262,Business Owner,3,F,397,South,23
B013400,Lower-Middle,362949,Salaried,18,E,463,Central,23
B013401,Lower-Middle,466842,Business Owner,20,C,638,South,36
B013402,Middle,796179,Salaried,25,F,355,West,44
B013403,Lower-Middle,326285,Salaried,19,F,378,West,21
B013404,Middle,801176,Salaried,22,G,326,Central,24
B013405,Low,234567,Freelancer,20,F,381,West,26
B013406,Middle,710194,Salaried,18,D,554,North,62
B013407,Low,176091,Salaried,14,E,467,Central,32
B013408,Middle,778552,Salaried,10,D,569,South,49
B013409,Low,294858,Business Owner,13,C,696,Central,61
B013410,Lower-Middle,587325,Salaried,29,E,467,North,36
B013411,Upper-Middle,1312151,Self-Employed,14,B,745,Central,27
B013412,Lower-Middle,538718,Salaried,7,C,640,South,47
B013413,Upper-Middle,1621004,Salaried,9,C,693,Central,35
B013414,Lower-Middle,582368,Salaried,6,B,759,West,54
B013415,Lower-Middle,498055,Self-Employed,8,E,455,Central,63
B013416,Lower-Middle,388585,Salaried,17,C,644,North,62
B013417,Upper-Middle,1786843,Unemployed,0,D,590,West,37
B013418,Lower-Middle,403058,Salaried,23,D,607,West,48
B013419,Lower-Middle,340122,Self-Employed,21,D,564,Central,40
B013420,Middle,792491,Salaried,29,B,777,West,50
B013421,Lower-Middle,588663,Salaried,17,D,589,North,33
B013422,Upper-Middle,1516900,Business Owner,11,C,717,Central,38
B013423,High,3151598,Business Owner,21,G,300,South,26
B013424,Middle,732504,Self-Employed,11,A,895,Central,30
B013425,Middle,893283,Business Owner,5,F,419,West,30
B013426,Lower-Middle,354156,Salaried,24,A,827,West,36
B013427,High,2012553,Freelancer,0,B,777,West,27
B013428,Middle,949461,Salaried,27,F,381,West,50
B013429,Low,227811,Freelancer,25,D,586,East,63
B013430,High,3749617,Business Owner,17,C,685,West,59
B013431,High,1878098,Salaried,14,D,564,Central,54
B013432,Lower-Middle,511261,Self-Employed,0,B,806,North,50
B013433,Lower-Middle,337960,Freelancer,9,A,850,Central,34
B013434,Middle,659399,Salaried,15,A,851,West,63
B013435,Upper-Middle,1166266,Salaried,27,C,690,East,45
B013436,Middle,616037,Self-Employed,11,B,778,Central,50
B013437,Lower-Middle,596379,Salaried,2,C,692,Central,24
B013438,Lower-Middle,495158,Salaried,14,F,418,East,48
B013439,Lower-Middle,571141,Business Owner,7,C,724,North,29
B013440,Low,171803,Freelancer,5,C,676,North,21
B013441,Upper-Middle,1636432,Self-Employed,11,B,765,West,61
B013442,Low,163773,Freelancer,20,G,343,South,47
B013443,Lower-Middle,340658,Salaried,17,B,760,South,21
B013444,Upper-Middle,1699539,Salaried,29,C,641,North,24
B013445,Lower-Middle,353391,Salaried,11,F,388,South,55
B013446,Lower-Middle,541341,Salaried,19,C,658,West,43
B013447,High,3807959,Self-Employed,18,C,712,West,27
B013448,Low,155669,Salaried,8,E,471,Central,46
B013449,Upper-Middle,1749138,Salaried,20,A,820,West,61
B013450,Low,232488,Self-Employed,12,C,692,North,49
B013451,Lower-Middle,484608,Self-Employed,29,D,631,West,58
B013452,Middle,935493,Self-Employed,18,G,300,East,59
B013453,Lower-Middle,501455,Self-Employed,23,G,363,North,62
B013454,Middle,985551,Unemployed,22,D,556,West,41
B013455,Lower-Middle,575544,Self-Employed,16,C,624,Central,64
B013456,Middle,700498,Freelancer,26,D,543,Central,42
B013457,Low,261014,Freelancer,15,F,402,West,35
B013458,Upper-Middle,1308942,Freelancer,13,D,569,South,45
B013459,Middle,646668,Salaried,26,B,758,East,58
B013460,Middle,721316,Self-Employed,27,G,300,East,35
B013461,Low,157560,Salaried,9,F,367,East,42
B013462,Middle,809730,Salaried,27,B,777,North,32
B013463,Middle,601482,Self-Employed,21,D,566,East,36
B013464,Lower-Middle,352388,Salaried,22,F,428,South,25
B013465,Middle,998309,Self-Employed,27,B,777,South,58
B013466,Low,291044,Business Owner,26,F,391,South,57
B013467,Lower-Middle,480577,Salaried,12,B,747,West,64
B013468,Upper-Middle,1787315,Freelancer,17,C,617,North,22
B013469,Low,219534,Business Owner,17,F,421,East,23
B013470,Lower-Middle,444988,Business Owner,0,F,404,North,64
B013471,Middle,777365,Salaried,2,A,862,Central,57
B013472,Middle,614326,Freelancer,14,F,377,South,33
B013473,Low,201331,Salaried,16,D,580,Central,42
B013474,Low,228864,Business Owner,14,F,369,North,51
B013475,Lower-Middle,454112,Salaried,28,C,644,West,38
B013476,Middle,803201,Salaried,2,G,343,Central,53
B013477,Middle,742480,Salaried,28,E,481,North,55
B013478,Middle,886405,Business Owner,9,E,486,Central,38
B013479,Upper-Middle,1760567,Freelancer,12,C,633,Central,22
B013480,High,3561053,Self-Employed,11,C,645,Central,39
B013481,Lower-Middle,396822,Business Owner,5,B,731,West,63
B013482,Low,192917,Salaried,19,A,842,North,47
B013483,Lower-Middle,565313,Unemployed,25,F,384,North,25
B013484,Low,182574,Salaried,15,D,571,South,24
B013485,Lower-Middle,335239,Freelancer,20,D,593,West,63
B013486,Upper-Middle,1212653,Business Owner,0,C,706,East,21
B013487,Lower-Middle,461371,Salaried,4,E,501,North,21
B013488,Low,151153,Salaried,29,C,644,South,52
B013489,Middle,678472,Self-Employed,25,E,457,Central,25
B013490,High,2362726,Freelancer,9,A,825,Central,43
B013491,Lower-Middle,467451,Self-Employed,20,B,764,Central,26
B013492,Upper-Middle,1583333,Freelancer,12,C,695,West,64
B013493,Upper-Middle,1785842,Freelancer,13,A,874,North,29
B013494,Lower-Middle,359866,Salaried,18,D,632,North,34
B013495,Middle,878805,Self-Employed,26,E,487,Central,33
B013496,Lower-Middle,368535,Self-Employed,28,C,656,North,37
B013497,Lower-Middle,479354,Salaried,11,E,488,West,35
B013498,Lower-Middle,376629,Business Owner,10,G,300,East,48
B013499,Low,219628,Salaried,28,E,490,North,39
B013500,Middle,791199,Self-Employed,11,D,571,Central,51
B013501,Upper-Middle,1765662,Self-Employed,1,C,640,Central,45
B013502,Lower-Middle,377725,Business Owner,16,D,612,West,37
B013503,Middle,929964,Salaried,27,C,651,Central,56
B013504,Lower-Middle,518932,Self-Employed,6,B,748,South,26
B013505,Low,232082,Salaried,1,A,811,Central,58
B013506,Middle,883648,Business Owner,3,D,584,East,23
B013507,Low,203588,Salaried,12,B,809,West,44
B013508,Upper-Middle,1503749,Self-Employed,15,C,675,East,21
B013509,Lower-Middle,343821,Business Owner,15,E,517,Central,47
B013510,Upper-Middle,1631003,Salaried,28,C,653,West,37
B013511,Lower-Middle,400713,Salaried,26,C,686,Central,26
B013512,Lower-Middle,595720,Salaried,14,C,651,East,33
B013513,Upper-Middle,1347631,Self-Employed,12,D,553,Central,42
B013514,Middle,972158,Salaried,11,C,681,West,21
B013515,Lower-Middle,377948,Salaried,26,D,615,South,40
B013516,Upper-Middle,1233505,Salaried,2,A,828,South,50
B013517,Lower-Middle,540707,Salaried,24,D,588,West,30
B013518,Low,282259,Salaried,16,D,531,North,36
B013519,Lower-Middle,446506,Self-Employed,1,C,643,Central,40
B013520,Middle,625581,Self-Employed,15,G,375,West,44
B013521,Middle,739783,Self-Employed,11,B,748,East,48
B013522,Upper-Middle,1644062,Salaried,12,C,654,Central,59
B013523,Middle,791720,Freelancer,1,C,686,South,52
B013524,Lower-Middle,515533,Salaried,22,F,373,Central,36
B013525,Lower-Middle,413531,Business Owner,20,B,775,North,58
B013526,Low,154949,Self-Employed,6,D,596,West,30
B013527,Upper-Middle,1541216,Salaried,11,C,661,South,55
B013528,Low,194639,Business Owner,24,F,436,West,33
B013529,Middle,795006,Salaried,13,D,540,South,38
B013530,Middle,964870,Freelancer,23,C,661,South,22
B013531,Upper-Middle,1177595,Self-Employed,17,D,613,South,60
B013532,Low,202481,Salaried,2,E,513,Central,30
B013533,Lower-Middle,346915,Salaried,24,A,838,East,22
B013534,Upper-Middle,1029318,Self-Employed,29,B,743,East,60
B013535,Middle,764976,Salaried,20,B,766,South,63
B013536,Middle,639483,Salaried,6,C,620,West,26
B013537,Upper-Middle,1239721,Freelancer,1,D,580,South,58
B013538,Upper-Middle,1679318,Salaried,15,F,407,East,35
B013539,Lower-Middle,312904,Salaried,7,D,561,South,55
B013540,Upper-Middle,1506528,Salaried,10,B,760,Central,26
B013541,Low,208305,Self-Employed,25,D,580,South,22
B013542,High,2659584,Self-Employed,17,C,633,West,23
B013543,Low,225126,Self-Employed,6,D,578,North,55
B013544,Lower-Middle,403445,Freelancer,16,D,545,South,37
B013545,Low,162227,Salaried,26,D,563,East,29
B013546,Upper-Middle,1708503,Salaried,29,G,300,Central,57
B013547,High,2223383,Salaried,25,A,888,East,38
B013548,Lower-Middle,505313,Salaried,27,E,511,North,22
B013549,Lower-Middle,525836,Salaried,4,E,528,Central,57
B013550,Lower-Middle,362058,Salaried,7,B,745,South,51
B013551,Low,173866,Business Owner,12,E,483,South,50
B013552,Upper-Middle,1730386,Salaried,10,B,767,South,23
B013553,Low,153854,Freelancer,24,D,582,Central,28
B013554,High,2759757,Freelancer,26,C,698,South,52
B013555,High,1952990,Salaried,24,B,777,Central,54
B013556,Low,213801,Freelancer,18,D,603,Central,63
B013557,Middle,676493,Self-Employed,0,C,663,Central,57
B013558,High,3820431,Salaried,23,B,779,East,33
B013559,Upper-Middle,1251607,Self-Employed,22,D,568,Central,43
B013560,Middle,919031,Salaried,17,D,640,Central,41
B013561,Low,206095,Salaried,6,A,842,South,38
B013562,Low,229572,Business Owner,28,E,494,South,45
B013563,Upper-Middle,1541398,Self-Employed,8,G,329,North,60
B013564,Lower-Middle,501607,Salaried,15,C,730,South,31
B013565,Middle,940008,Self-Employed,17,G,337,East,45
B013566,Upper-Middle,1254172,Unemployed,15,G,300,West,23
B013567,Lower-Middle,446236,Salaried,7,C,697,East,43
B013568,Low,275273,Salaried,5,F,360,South,23
B013569,Lower-Middle,396317,Salaried,18,E,477,South,58
B013570,Upper-Middle,1168050,Freelancer,7,E,471,North,37
B013571,Lower-Middle,383399,Self-Employed,12,B,749,South,30
B013572,Low,199264,Salaried,28,E,509,North,30
B013573,High,2146998,Self-Employed,25,B,787,West,32
B013574,Middle,672821,Salaried,19,E,521,South,43
B013575,Middle,620939,Salaried,9,B,747,North,35
B013576,Upper-Middle,1178349,Freelancer,14,E,454,West,23
B013577,Lower-Middle,572089,Self-Employed,17,F,412,East,29
B013578,High,3144734,Salaried,23,D,586,North,51
B013579,Upper-Middle,1264760,Freelancer,22,C,625,West,34
B013580,Lower-Middle,540348,Salaried,27,B,751,West,27
B013581,Lower-Middle,479746,Salaried,26,B,734,Central,47
B013582,Lower-Middle,355932,Salaried,16,G,300,West,22
B013583,Middle,848528,Salaried,5,E,494,West,48
B013584,Middle,974286,Self-Employed,24,E,474,West,32
B013585,Middle,630632,Salaried,24,E,474,West,43
B013586,High,3978734,Salaried,7,D,582,West,51
B013587,Middle,769684,Unemployed,25,C,621,West,40
B013588,Upper-Middle,1390977,Salaried,6,C,642,East,26
B013589,Middle,609123,Salaried,21,A,856,North,52
B013590,Middle,705631,Salaried,0,E,504,Central,55
B013591,Low,206527,Business Owner,19,F,434,Central,33
B013592,Middle,987161,Salaried,6,C,675,North,48
B013593,Middle,895345,Salaried,17,D,594,West,22
B013594,Low,290856,Freelancer,23,D,582,West,34
B013595,Upper-Middle,1585867,Salaried,13,D,602,South,57
B013596,Middle,939058,Freelancer,18,D,551,South,24
B013597,Lower-Middle,309521,Self-Employed,19,B,742,West,35
B013598,Upper-Middle,1691453,Business Owner,23,D,577,Central,61
B013599,Lower-Middle,543955,Salaried,0,E,490,South,41
B013600,Middle,837531,Freelancer,15,A,819,West,31
B013601,Middle,880665,Salaried,15,D,540,East,52
B013602,Low,265804,Salaried,10,C,647,North,48
B013603,Lower-Middle,315299,Business Owner,28,F,381,North,41
B013604,Lower-Middle,374662,Salaried,3,F,408,Central,51
B013605,Lower-Middle,581502,Salaried,16,D,528,North,55
B013606,Middle,720158,Self-Employed,11,C,727,North,44
B013607,Low,165515,Salaried,19,F,378,South,29
B013608,High,3302903,Salaried,26,C,629,Central,46
B013609,Lower-Middle,413894,Salaried,23,D,546,West,56
B013610,Lower-Middle,547764,Salaried,12,C,666,East,34
B013611,High,3073136,Self-Employed,1,B,736,West,23
B013612,Middle,996751,Business Owner,16,F,395,North,46
B013613,Middle,886404,Salaried,8,B,750,North,36
B013614,Middle,859922,Salaried,27,E,492,East,57
B013615,Upper-Middle,1395182,Salaried,21,E,487,South,47
B013616,Low,159620,Salaried,19,D,590,East,55
B013617,Low,154917,Salaried,9,B,801,West,42
B013618,High,3447384,Self-Employed,17,C,660,South,30
B013619,Low,264129,Salaried,10,F,374,Central,49
B013620,Middle,684042,Self-Employed,27,C,693,Central,55
B013621,Middle,820665,Salaried,18,A,859,North,31
B013622,Middle,731048,Salaried,9,E,487,North,50
B013623,Upper-Middle,1587599,Salaried,19,D,584,South,63
B013624,High,3602981,Salaried,29,D,566,North,40
B013625,Low,216244,Self-Employed,12,C,703,East,32
B013626,Middle,875937,Self-Employed,25,C,693,South,42
B013627,Middle,744435,Unemployed,24,B,766,West,40
B013628,Lower-Middle,456704,Salaried,16,D,572,Central,43
B013629,Upper-Middle,1592074,Salaried,10,G,300,North,50
B013630,Middle,648652,Freelancer,11,E,509,North,55
B013631,Low,152738,Business Owner,21,D,582,North,53
B013632,Upper-Middle,1517171,Salaried,3,D,604,Central,47
B013633,High,3536065,Salaried,27,E,454,Central,50
B013634,Low,244153,Salaried,11,D,576,West,58
B013635,Upper-Middle,1146006,Salaried,17,E,484,West,31
B013636,Lower-Middle,451277,Self-Employed,11,D,533,West,57
B013637,Low,210858,Salaried,28,B,722,South,28
B013638,Lower-Middle,583283,Freelancer,7,D,587,East,61
B013639,Upper-Middle,1553300,Salaried,14,B,825,Central,45
B013640,Low,227928,Business Owner,14,D,612,South,59
B013641,Low,209682,Salaried,21,E,444,North,63
B013642,Upper-Middle,1271200,Self-Employed,29,E,495,South,21
B013643,Lower-Middle,340429,Freelancer,28,C,652,East,44
B013644,Low,255443,Salaried,11,E,506,West,36
B013645,Lower-Middle,461797,Self-Employed,12,B,763,East,29
B013646,Upper-Middle,1062033,Salaried,9,D,564,East,37
B013647,Middle,763714,Salaried,29,C,691,West,47
B013648,Upper-Middle,1613060,Business Owner,8,D,581,South,51
B013649,Low,171792,Self-Employed,13,F,406,West,24
B013650,Middle,910899,Business Owner,0,B,760,South,45
B013651,Upper-Middle,1366372,Salaried,3,D,580,North,47
B013652,Lower-Middle,320775,Business Owner,4,D,582,North,64
B013653,Low,291017,Self-Employed,16,E,523,South,30
B013654,Lower-Middle,355746,Salaried,6,G,332,North,48
B013655,Lower-Middle,312610,Freelancer,16,D,609,North,55
B013656,Lower-Middle,459051,Salaried,25,B,709,East,45
B013657,High,2127914,Salaried,13,D,591,Central,30
B013658,Middle,619509,Business Owner,23,D,554,Central,58
B013659,Middle,869026,Salaried,17,E,495,West,26
B013660,Low,166195,Salaried,21,E,520,Central,55
B013661,Middle,986258,Salaried,17,E,463,West,62
B013662,Middle,924760,Freelancer,5,C,676,North,28
B013663,High,3717338,Salaried,5,C,656,West,48
B013664,Lower-Middle,500692,Salaried,29,F,425,East,42
B013665,Upper-Middle,1436198,Salaried,2,C,675,Central,52
B013666,Lower-Middle,505357,Salaried,28,D,572,South,64
B013667,Middle,834509,Salaried,10,D,574,Central,31
B013668,High,3577528,Freelancer,19,B,767,West,52
B013669,Middle,674150,Business Owner,24,E,533,West,62
B013670,Middle,653013,Freelancer,28,A,857,North,22
B013671,Upper-Middle,1542313,Business Owner,5,G,323,Central,56
B013672,High,2239360,Salaried,23,D,604,East,23
B013673,Lower-Middle,593950,Salaried,9,B,756,West,28
B013674,Lower-Middle,344973,Self-Employed,3,E,465,East,53
B013675,Middle,864635,Salaried,12,E,493,North,60
B013676,High,3555030,Self-Employed,17,B,783,East,55
B013677,Middle,713652,Salaried,28,A,848,West,29
B013678,Lower-Middle,501245,Self-Employed,9,D,554,North,57
B013679,Middle,982765,Salaried,26,D,597,South,33
B013680,Low,293041,Salaried,9,B,804,West,33
B013681,Low,172206,Unemployed,14,D,581,South,55
B013682,Low,167116,Salaried,21,D,560,South,56
B013683,Low,195697,Salaried,10,F,426,North,55
B013684,Middle,623658,Salaried,18,E,513,East,64
B013685,Lower-Middle,342238,Salaried,14,B,775,North,31
B013686,Low,207586,Self-Employed,16,E,496,Central,46
B013687,Middle,605011,Unemployed,6,D,585,North,46
B013688,Lower-Middle,320957,Freelancer,29,C,709,North,47
B013689,Lower-Middle,589491,Self-Employed,27,B,778,Central,64
B013690,Lower-Middle,515788,Business Owner,7,E,489,South,31
B013691,Low,196850,Salaried,24,F,410,North,29
B013692,Middle,648115,Freelancer,26,B,756,East,30
B013693,Low,221880,Self-Employed,13,A,845,North,25
B013694,Lower-Middle,479171,Salaried,20,D,574,East,21
B013695,Lower-Middle,382111,Freelancer,17,G,328,West,34
B013696,Lower-Middle,470071,Salaried,0,D,575,East,30
B013697,Low,217919,Salaried,7,B,759,Central,62
B013698,Lower-Middle,491065,Business Owner,14,F,406,West,27
B013699,Lower-Middle,425803,Salaried,9,D,600,West,35
B013700,Low,225368,Salaried,4,D,612,West,50
B013701,Upper-Middle,1097770,Salaried,3,A,835,West,49
B013702,Lower-Middle,364109,Self-Employed,3,A,864,East,22
B013703,Low,220167,Salaried,21,D,595,North,43
B013704,Middle,812003,Salaried,20,E,495,South,63
B013705,Low,266013,Salaried,18,E,447,South,30
B013706,Upper-Middle,1145934,Salaried,26,F,399,South,61
B013707,Low,254544,Salaried,29,D,585,South,58
B013708,Middle,782427,Salaried,20,D,613,West,34
B013709,High,1864860,Salaried,16,D,611,Central,37
B013710,Low,157743,Salaried,10,C,686,East,61
B013711,Lower-Middle,456124,Salaried,25,A,900,East,46
B013712,Middle,869963,Salaried,1,E,504,South,42
B013713,High,3696257,Business Owner,11,A,838,West,42
B013714,Lower-Middle,369784,Salaried,14,G,334,West,58
B013715,Middle,926906,Salaried,11,E,487,North,26
B013716,Low,176378,Salaried,5,B,771,East,51
B013717,Middle,860361,Self-Employed,28,B,737,East,22
B013718,Lower-Middle,350971,Salaried,24,E,477,East,25
B013719,Middle,850461,Self-Employed,25,D,543,East,27
B013720,Low,190902,Self-Employed,10,D,581,North,52
B013721,Middle,751311,Salaried,20,C,654,West,58
B013722,Lower-Middle,493968,Salaried,27,F,457,Central,49
B013723,Middle,812180,Freelancer,20,D,611,North,38
B013724,Upper-Middle,1071065,Salaried,3,D,569,Central,56
B013725,Upper-Middle,1494139,Self-Employed,8,G,300,East,33
B013726,High,3037816,Self-Employed,1,E,473,Central,54
B013727,Middle,896391,Salaried,4,D,560,North,50
B013728,Middle,940858,Business Owner,0,F,377,North,53
B013729,Low,179524,Salaried,8,G,308,North,33
B013730,Upper-Middle,1539100,Salaried,29,E,474,East,49
B013731,Middle,741216,Self-Employed,2,E,464,East,29
B013732,Lower-Middle,370804,Freelancer,14,B,792,Central,58
B013733,Lower-Middle,513932,Salaried,20,F,386,East,24
B013734,Upper-Middle,1411149,Self-Employed,21,F,386,Central,55
B013735,Upper-Middle,1715183,Salaried,18,D,621,South,47
B013736,Upper-Middle,1192477,Self-Employed,3,D,627,North,53
B013737,Middle,669435,Salaried,6,D,603,Central,24
B013738,Lower-Middle,451080,Salaried,3,D,586,North,26
B013739,High,3533013,Freelancer,15,B,742,Central,35
B013740,Middle,806917,Self-Employed,8,D,606,East,63
B013741,Middle,770792,Salaried,1,C,657,East,41
B013742,Middle,857889,Unemployed,3,D,544,South,59
B013743,Middle,812762,Salaried,0,F,389,South,34
B013744,Middle,855049,Self-Employed,1,B,732,South,44
B013745,Middle,903108,Self-Employed,5,G,300,West,40
B013746,Upper-Middle,1785591,Business Owner,1,D,615,East,60
B013747,Upper-Middle,1195589,Salaried,0,F,437,North,38
B013748,Lower-Middle,480597,Self-Employed,12,B,743,North,44
B013749,Low,240243,Self-Employed,2,A,833,West,34
B013750,Middle,691801,Salaried,12,D,558,West,45
B013751,Middle,984838,Freelancer,11,D,624,South,46
B013752,Middle,915097,Salaried,14,E,529,South,58
B013753,Upper-Middle,1178773,Salaried,19,D,564,Central,44
B013754,Low,297138,Self-Employed,18,D,607,North,38
B013755,Lower-Middle,367584,Salaried,10,F,407,Central,47
B013756,Upper-Middle,1202189,Business Owner,8,C,681,Central,52
B013757,High,1829033,Salaried,7,C,686,North,34
B013758,Lower-Middle,333762,Salaried,15,E,485,East,56
B013759,Lower-Middle,323762,Self-Employed,17,C,663,East,36
B013760,Lower-Middle,580091,Freelancer,29,D,621,Central,60
B013761,Middle,942698,Self-Employed,10,D,580,East,37
B013762,Middle,872322,Salaried,19,C,680,North,48
B013763,Lower-Middle,416149,Salaried,21,C,717,South,34
B013764,Lower-Middle,525559,Business Owner,24,A,863,East,33
B013765,Middle,793265,Freelancer,17,C,673,South,26
B013766,Middle,984457,Self-Employed,26,C,660,East,55
B013767,Middle,613151,Self-Employed,22,A,832,Central,41
B013768,Lower-Middle,302230,Salaried,6,E,497,Central,25
B013769,Lower-Middle,414141,Salaried,20,F,385,South,32
B013770,Lower-Middle,552373,Salaried,6,B,753,North,49
B013771,High,3299508,Salaried,18,D,535,Central,53
B013772,Lower-Middle,397237,Salaried,6,C,681,East,52
B013773,Middle,639705,Self-Employed,8,B,740,East,62
B013774,Middle,825216,Salaried,12,A,900,North,59
B013775,Upper-Middle,1449120,Salaried,8,D,561,West,37
B013776,Lower-Middle,309400,Freelancer,27,A,842,Central,38
B013777,Lower-Middle,548817,Salaried,21,F,399,North,31
B013778,Upper-Middle,1605469,Self-Employed,25,E,481,South,54
B013779,Low,224447,Business Owner,18,E,446,East,52
B013780,Middle,669119,Business Owner,12,E,492,East,45
B013781,Lower-Middle,459520,Business Owner,1,B,773,South,52
B013782,High,3186054,Business Owner,14,D,573,West,48
B013783,Middle,964401,Salaried,17,B,755,South,56
B013784,Low,185315,Self-Employed,26,D,572,South,51
B013785,Upper-Middle,1626189,Freelancer,2,C,650,East,46
B013786,Middle,801385,Salaried,16,B,745,North,27
B013787,Middle,621450,Self-Employed,8,E,529,Central,43
B013788,Lower-Middle,540291,Salaried,11,C,682,East,53
B013789,Low,236800,Self-Employed,12,B,782,Central,63
B013790,Middle,619466,Salaried,1,F,388,South,25
B013791,Lower-Middle,504729,Self-Employed,17,B,785,North,31
B013792,Upper-Middle,1446250,Salaried,13,B,790,South,63
B013793,Lower-Middle,420531,Salaried,17,A,842,West,64
B013794,Middle,636359,Salaried,5,D,645,North,27
B013795,Lower-Middle,567201,Self-Employed,26,E,468,East,33
B013796,Middle,971947,Freelancer,1,E,462,West,64
B013797,Low,290448,Salaried,13,E,471,Central,24
B013798,Lower-Middle,489628,Salaried,1,C,659,West,32
B013799,Low,159481,Self-Employed,25,F,419,South,61
B013800,Middle,854939,Self-Employed,17,E,474,West,38
B013801,Lower-Middle,550246,Salaried,19,F,352,West,57
B013802,Upper-Middle,1794935,Self-Employed,12,B,747,East,46
B013803,Low,234265,Freelancer,19,D,573,West,33
B013804,Middle,742415,Salaried,25,A,860,East,42
B013805,Middle,780275,Salaried,8,D,518,East,47
B013806,Low,236193,Salaried,18,F,392,West,52
B013807,Low,273840,Freelancer,7,E,489,Central,42
B013808,Lower-Middle,583396,Business Owner,2,E,492,Central,50
B013809,Middle,689753,Salaried,14,C,688,North,26
B013810,High,2348935,Unemployed,14,C,647,South,37
B013811,Low,275420,Salaried,10,G,307,Central,54
B013812,Middle,784230,Business Owner,17,C,672,West,54
B013813,Middle,710018,Business Owner,10,A,843,West,56
B013814,Middle,648224,Business Owner,25,C,680,West,42
B013815,Middle,673543,Self-Employed,23,E,467,East,46
B013816,High,2531754,Salaried,28,D,592,West,48
B013817,Middle,611654,Salaried,13,A,844,Central,25
B013818,Upper-Middle,1777113,Salaried,13,D,599,North,52
B013819,Lower-Middle,464023,Freelancer,16,E,519,North,30
B013820,Upper-Middle,1658689,Salaried,7,D,602,West,48
B013821,High,2768352,Self-Employed,20,B,727,North,59
B013822,High,3907145,Salaried,14,B,744,East,24
B013823,Lower-Middle,427084,Salaried,6,C,676,North,36
B013824,Upper-Middle,1318592,Salaried,6,C,661,South,54
B013825,Low,259088,Self-Employed,19,B,744,North,25
B013826,Middle,824999,Salaried,8,E,511,East,41
B013827,Lower-Middle,391903,Salaried,21,F,373,North,53
B013828,Middle,600403,Salaried,4,B,719,Central,26
B013829,Lower-Middle,337061,Freelancer,22,D,556,West,63
B013830,Low,189025,Self-Employed,19,C,679,West,29
B013831,Lower-Middle,332191,Self-Employed,21,C,706,West,52
B013832,Low,227569,Freelancer,20,D,626,North,30
B013833,Lower-Middle,401477,Self-Employed,15,C,664,East,38
B013834,Upper-Middle,1559580,Self-Employed,11,C,646,South,60
B013835,Upper-Middle,1379646,Self-Employed,17,B,761,Central,64
B013836,Upper-Middle,1168652,Salaried,0,E,494,West,47
B013837,Upper-Middle,1351268,Salaried,23,D,537,North,29
B013838,Lower-Middle,518592,Freelancer,18,A,804,Central,23
B013839,Middle,808086,Salaried,18,C,638,East,51
B013840,Middle,770126,Salaried,7,B,791,East,56
B013841,Low,203873,Business Owner,29,C,664,North,38
B013842,Middle,877197,Salaried,3,B,746,East,51
B013843,Middle,885842,Self-Employed,19,D,593,South,30
B013844,Middle,851702,Self-Employed,14,D,607,South,43
B013845,Upper-Middle,1455684,Salaried,9,D,561,South,25
B013846,Low,203815,Salaried,9,C,673,North,57
B013847,Upper-Middle,1597080,Salaried,12,E,496,Central,58
B013848,Lower-Middle,563234,Business Owner,11,E,512,East,54
B013849,Upper-Middle,1100858,Freelancer,22,C,670,South,21
B013850,Lower-Middle,576147,Business Owner,23,C,634,East,43
B013851,Middle,692979,Salaried,17,F,399,South,42
B013852,Middle,653783,Salaried,26,D,589,East,53
B013853,Lower-Middle,500075,Self-Employed,12,D,577,North,54
B013854,Lower-Middle,431453,Self-Employed,25,E,473,North,22
B013855,Lower-Middle,593958,Salaried,16,C,637,West,61
B013856,Middle,765774,Salaried,17,A,878,North,43
B013857,High,3239106,Salaried,25,E,508,Central,24
B013858,Lower-Middle,344622,Salaried,4,D,581,South,37
B013859,Middle,767784,Self-Employed,28,C,644,East,52
B013860,Upper-Middle,1545141,Freelancer,10,A,867,Central,31
B013861,Middle,648364,Salaried,23,F,386,East,43
B013862,Upper-Middle,1459927,Salaried,13,E,446,South,41
B013863,Lower-Middle,586496,Salaried,17,C,693,Central,36
B013864,Lower-Middle,389357,Salaried,16,B,709,West,38
B013865,Low,240308,Salaried,16,D,574,West,45
B013866,Low,244276,Salaried,4,A,869,South,29
B013867,Middle,934246,Salaried,11,C,674,North,50
B013868,Upper-Middle,1121734,Self-Employed,8,G,327,South,64
B013869,Low,257247,Self-Employed,8,E,517,West,54
B013870,High,3017352,Self-Employed,25,G,300,South,23
B013871,Lower-Middle,463400,Salaried,7,C,670,West,39
B013872,Lower-Middle,491051,Salaried,29,A,848,East,57
B013873,Upper-Middle,1634316,Salaried,2,G,307,South,51
B013874,Upper-Middle,1574777,Salaried,6,F,417,South,54
B013875,Middle,621874,Salaried,5,D,596,North,49
B013876,Lower-Middle,443779,Salaried,22,B,785,South,24
B013877,Low,250654,Unemployed,0,E,465,Central,52
B013878,Lower-Middle,302502,Unemployed,8,A,858,East,36
B013879,Upper-Middle,1240360,Business Owner,2,F,373,West,22
B013880,Lower-Middle,334104,Self-Employed,4,D,590,Central,48
B013881,Middle,726639,Self-Employed,11,B,801,West,48
B013882,Lower-Middle,527771,Self-Employed,4,B,798,West,27
B013883,Middle,914002,Self-Employed,18,A,817,East,53
B013884,Lower-Middle,500874,Salaried,25,E,462,East,53
B013885,Middle,654102,Unemployed,28,B,771,East,37
B013886,Middle,889673,Business Owner,13,D,566,South,36
B013887,High,3399331,Salaried,22,C,701,North,59
B013888,Upper-Middle,1034980,Salaried,18,D,599,West,27
B013889,Middle,821076,Business Owner,2,D,593,West,49
B013890,Low,225406,Freelancer,26,B,734,East,51
B013891,High,3225016,Salaried,22,B,780,West,31
B013892,Upper-Middle,1551223,Salaried,17,C,684,West,32
B013893,Upper-Middle,1052879,Salaried,21,F,398,Central,44
B013894,Middle,699539,Salaried,0,C,633,Central,36
B013895,Low,273792,Salaried,12,B,797,South,25
B013896,Upper-Middle,1415251,Salaried,18,D,551,South,40
B013897,Lower-Middle,544355,Salaried,16,B,723,East,53
B013898,Lower-Middle,376713,Salaried,2,E,502,South,40
B013899,Lower-Middle,581548,Business Owner,18,C,696,West,53
B013900,Middle,785178,Self-Employed,13,G,300,North,55
B013901,Lower-Middle,445972,Salaried,29,D,556,South,46
B013902,Middle,717490,Salaried,23,D,588,East,49
B013903,Middle,917427,Business Owner,9,C,717,North,23
B013904,Middle,878743,Salaried,25,B,803,East,58
B013905,Low,279639,Self-Employed,19,A,873,North,27
B013906,High,2732489,Salaried,12,E,498,Central,54
B013907,Lower-Middle,544878,Salaried,17,G,305,North,54
B013908,Lower-Middle,432126,Freelancer,17,B,754,East,62
B013909,Middle,721505,Salaried,8,G,302,South,35
B013910,Lower-Middle,595919,Salaried,23,D,584,East,36
B013911,Middle,709127,Salaried,6,E,478,West,31
B013912,Low,179816,Salaried,8,G,303,South,46
B013913,Upper-Middle,1468665,Business Owner,14,G,300,West,30
B013914,Low,264904,Self-Employed,17,D,576,North,58
B013915,High,2105108,Freelancer,29,D,578,Central,50
B013916,Middle,920615,Salaried,6,D,586,West,56
B013917,Low,295609,Salaried,25,B,774,Central,42
B013918,Middle,805147,Freelancer,6,C,743,South,56
B013919,Lower-Middle,589760,Salaried,28,E,521,West,25
B013920,High,2102350,Business Owner,7,B,788,East,39
B013921,Upper-Middle,1457143,Self-Employed,25,C,703,South,48
B013922,Middle,953648,Salaried,14,C,683,West,42
B013923,Lower-Middle,437035,Freelancer,17,D,540,East,53
B013924,High,3617414,Salaried,2,B,773,West,24
B013925,Middle,861906,Self-Employed,1,F,392,North,56
B013926,Middle,704107,Salaried,22,E,476,North,28
B013927,Lower-Middle,570106,Self-Employed,8,A,812,West,26
B013928,Lower-Middle,411318,Self-Employed,9,C,635,East,40
B013929,Middle,618299,Salaried,12,A,845,North,56
B013930,Middle,692524,Unemployed,24,B,767,West,34
B013931,Upper-Middle,1639387,Salaried,12,C,671,North,57
B013932,Middle,887436,Salaried,3,C,659,North,31
B013933,Middle,867282,Salaried,28,D,593,East,55
B013934,Middle,635369,Self-Employed,20,C,688,North,27
B013935,Upper-Middle,1615114,Salaried,11,C,683,West,51
B013936,Lower-Middle,483185,Self-Employed,28,G,325,East,54
B013937,Upper-Middle,1104141,Self-Employed,21,F,419,Central,25
B013938,Lower-Middle,432614,Business Owner,26,A,805,East,56
B013939,Middle,726936,Freelancer,17,D,589,North,48
B013940,Upper-Middle,1570401,Freelancer,27,B,746,East,42
B013941,Upper-Middle,1334376,Salaried,10,E,536,West,61
B013942,Lower-Middle,504548,Business Owner,7,E,518,Central,57
B013943,Middle,967013,Salaried,19,D,587,North,36
B013944,Lower-Middle,428336,Salaried,15,D,575,West,61
B013945,Low,281431,Salaried,9,E,436,West,59
B013946,Upper-Middle,1280843,Salaried,29,B,731,Central,27
B013947,Upper-Middle,1252311,Salaried,21,E,478,East,48
B013948,Low,173395,Salaried,3,B,769,Central,57
B013949,High,3401617,Self-Employed,4,A,840,East,26
B013950,Lower-Middle,523298,Freelancer,25,D,617,North,22
B013951,Upper-Middle,1104985,Salaried,20,C,655,North,54
B013952,Upper-Middle,1742584,Salaried,19,A,900,North,25
B013953,Upper-Middle,1302188,Salaried,1,A,819,East,35
B013954,Upper-Middle,1520360,Salaried,8,G,328,Central,39
B013955,High,3695707,Unemployed,15,B,757,East,58
B013956,Middle,801623,Salaried,7,C,662,Central,50
B013957,Lower-Middle,564273,Salaried,26,C,668,East,33
B013958,Lower-Middle,527932,Salaried,29,F,380,West,42
B013959,Upper-Middle,1299840,Salaried,4,A,857,South,41
B013960,Low,217128,Self-Employed,1,D,561,North,30
B013961,High,3211381,Unemployed,10,C,675,West,41
B013962,Lower-Middle,563445,Self-Employed,18,D,590,North,48
B013963,Upper-Middle,1790166,Salaried,8,F,404,Central,26
B013964,Middle,663656,Self-Employed,9,A,837,Central,59
B013965,Upper-Middle,1497209,Freelancer,25,A,885,South,51
B013966,High,3795344,Salaried,21,C,627,North,55
B013967,Lower-Middle,382327,Self-Employed,3,C,682,Central,44
B013968,Middle,800414,Self-Employed,25,F,443,Central,34
B013969,Lower-Middle,510495,Business Owner,13,C,697,East,52
B013970,Upper-Middle,1376625,Salaried,24,E,462,South,60
B013971,Upper-Middle,1136833,Business Owner,19,A,832,East,28
B013972,Lower-Middle,357032,Business Owner,25,A,847,Central,38
B013973,Low,239069,Self-Employed,4,E,461,East,61
B013974,Lower-Middle,596614,Salaried,28,E,472,North,60
B013975,Low,166777,Salaried,10,A,813,West,58
B013976,Upper-Middle,1392684,Business Owner,23,G,327,Central,25
B013977,Lower-Middle,326255,Self-Employed,24,A,877,North,26
B013978,High,3467965,Unemployed,17,F,383,East,62
B013979,High,3581844,Salaried,4,B,751,East,59
B013980,Upper-Middle,1561412,Salaried,6,A,826,West,36
B013981,Middle,864985,Business Owner,22,E,504,East,34
B013982,Lower-Middle,546840,Business Owner,8,B,742,South,40
B013983,Upper-Middle,1574746,Self-Employed,5,D,556,West,21
B013984,Middle,844131,Business Owner,5,E,508,North,57
B013985,High,3375520,Salaried,12,B,790,East,59
B013986,Lower-Middle,332493,Salaried,20,E,493,South,51
B013987,Low,201997,Salaried,17,D,538,Central,28
B013988,High,3253263,Salaried,2,B,788,West,45
B013989,Upper-Middle,1638238,Self-Employed,19,A,810,West,39
B013990,Lower-Middle,362976,Salaried,3,C,639,North,50
B013991,Middle,732212,Freelancer,6,C,660,East,23
B013992,Low,216788,Salaried,15,C,677,West,43
B013993,Middle,964989,Self-Employed,18,E,479,East,56
B013994,Lower-Middle,410499,Self-Employed,9,C,702,North,22
B013995,Lower-Middle,341980,Salaried,14,C,676,East,63
B013996,Lower-Middle,561357,Self-Employed,27,E,491,West,41
B013997,Lower-Middle,419199,Freelancer,8,C,636,West,22
B013998,Middle,945091,Freelancer,24,G,343,South,47
B013999,Lower-Middle,325173,Salaried,3,D,576,East,51
B014000,Middle,978374,Self-Employed,11,F,375,Central,26
B014001,Middle,981959,Salaried,1,F,384,Central,41
B014002,Middle,714406,Salaried,26,C,704,South,30
B014003,Middle,614533,Salaried,0,D,586,West,61
B014004,Lower-Middle,420361,Freelancer,17,B,755,Central,31
B014005,Low,184620,Self-Employed,23,D,566,North,26
B014006,Upper-Middle,1618488,Salaried,13,C,682,East,44
B014007,Upper-Middle,1035105,Unemployed,9,D,545,West,60
B014008,High,2054989,Self-Employed,24,B,764,South,30
B014009,High,3250857,Salaried,21,F,388,South,60
B014010,Middle,926168,Business Owner,29,A,815,Central,31
B014011,Upper-Middle,1027122,Self-Employed,6,E,481,North,61
B014012,Lower-Middle,376213,Salaried,21,F,363,South,39
B014013,Upper-Middle,1487775,Salaried,6,B,745,Central,38
B014014,High,2418107,Salaried,20,C,615,West,55
B014015,Upper-Middle,1520554,Salaried,19,D,563,West,42
B014016,Lower-Middle,485814,Business Owner,23,G,300,East,33
B014017,Lower-Middle,451773,Salaried,22,F,398,South,37
B014018,Lower-Middle,534983,Salaried,12,C,665,West,32
B014019,Lower-Middle,321270,Freelancer,13,G,316,South,40
B014020,Upper-Middle,1085966,Unemployed,22,C,700,South,43
B014021,Middle,651974,Business Owner,5,C,701,East,51
B014022,Lower-Middle,593128,Business Owner,15,D,570,North,36
B014023,Middle,710238,Freelancer,10,E,490,West,32
B014024,Lower-Middle,418127,Business Owner,26,B,735,Central,64
B014025,Middle,707980,Salaried,9,E,485,West,57
B014026,Lower-Middle,521224,Salaried,25,A,884,South,56
B014027,Middle,706025,Salaried,26,C,647,North,36
B014028,Middle,826975,Salaried,3,G,359,West,38
B014029,Upper-Middle,1088025,Salaried,0,D,530,East,50
B014030,Upper-Middle,1650798,Salaried,13,C,674,Central,26
B014031,Lower-Middle,586412,Salaried,12,E,469,East,63
B014032,Middle,742116,Self-Employed,21,C,612,North,30
B014033,Lower-Middle,329421,Salaried,25,B,783,Central,31
B014034,Middle,739742,Salaried,3,D,582,South,55
B014035,Middle,665512,Self-Employed,13,G,321,West,33
B014036,Middle,956039,Salaried,9,C,651,North,41
B014037,High,3921852,Salaried,3,A,869,Central,62
B014038,Lower-Middle,388753,Salaried,10,E,479,Central,29
B014039,Upper-Middle,1607496,Self-Employed,27,C,694,North,25
B014040,Lower-Middle,529066,Freelancer,19,C,658,Central,48
B014041,Middle,911090,Salaried,3,D,604,West,22
B014042,Upper-Middle,1073352,Business Owner,2,F,410,Central,49
B014043,Middle,939552,Freelancer,21,B,798,South,31
B014044,Upper-Middle,1352645,Freelancer,25,B,770,South,35
B014045,Upper-Middle,1657483,Business Owner,29,D,608,East,38
B014046,Lower-Middle,400296,Self-Employed,12,C,678,East,27
B014047,High,3818125,Salaried,12,B,782,West,60
B014048,High,2288734,Salaried,0,D,582,Central,45
B014049,Lower-Middle,354442,Salaried,15,D,582,Central,36
B014050,Low,151820,Salaried,27,D,613,Central,45
B014051,Lower-Middle,386279,Freelancer,2,C,672,South,35
B014052,Upper-Middle,1339501,Salaried,18,C,631,North,41
B014053,High,3487407,Self-Employed,2,C,680,North,27
B014054,Upper-Middle,1051222,Unemployed,5,E,524,North,63
B014055,Lower-Middle,367638,Salaried,20,D,582,West,55
B014056,Low,239987,Salaried,25,C,670,East,35
B014057,Middle,906808,Salaried,5,D,567,South,45
B014058,Lower-Middle,507024,Salaried,24,C,655,West,43
B014059,Low,265153,Salaried,3,F,379,North,23
B014060,Low,266517,Salaried,25,E,485,South,48
B014061,Low,174968,Self-Employed,26,B,726,East,43
B014062,Lower-Middle,385404,Salaried,17,A,801,South,51
B014063,Upper-Middle,1718671,Self-Employed,26,A,848,South,31
B014064,Lower-Middle,518535,Salaried,17,A,870,Central,58
B014065,Lower-Middle,588319,Salaried,1,D,541,West,53
B014066,Middle,987514,Salaried,25,B,816,South,30
B014067,High,1807127,Business Owner,4,D,602,Central,45
B014068,Upper-Middle,1474653,Self-Employed,18,D,586,North,58
B014069,Middle,919297,Salaried,6,A,889,Central,22
B014070,Upper-Middle,1519602,Self-Employed,0,A,840,West,25
B014071,Middle,627280,Salaried,24,A,851,South,57
B014072,Middle,872630,Business Owner,20,D,540,Central,23
B014073,Middle,788579,Unemployed,15,D,583,North,36
B014074,Middle,829392,Salaried,28,C,685,East,59
B014075,Middle,917686,Salaried,9,A,843,East,54
B014076,Lower-Middle,350680,Salaried,15,F,394,Central,35
B014077,Lower-Middle,407292,Business Owner,21,C,641,South,46
B014078,Lower-Middle,315226,Salaried,4,C,708,Central,56
B014079,Lower-Middle,471572,Self-Employed,28,C,625,North,38
B014080,Middle,635240,Freelancer,29,A,893,South,55
B014081,Middle,700847,Salaried,25,E,470,North,57
B014082,Low,262676,Business Owner,14,D,538,South,50
B014083,Lower-Middle,333929,Salaried,16,B,755,West,51
B014084,Lower-Middle,403860,Freelancer,10,C,665,North,30
B014085,Middle,900617,Business Owner,13,D,583,North,57
B014086,Lower-Middle,531119,Salaried,26,C,653,East,39
B014087,Low,262346,Salaried,12,G,349,North,44
B014088,Low,239707,Self-Employed,20,D,596,West,56
B014089,Middle,878691,Self-Employed,8,F,402,West,34
B014090,Lower-Middle,499522,Salaried,13,B,753,West,25
B014091,Middle,818538,Freelancer,21,D,644,North,21
B014092,Middle,754989,Business Owner,11,C,662,East,43
B014093,High,2043519,Freelancer,10,F,397,South,45
B014094,Middle,932725,Salaried,26,D,570,North,27
B014095,Low,224786,Salaried,27,D,610,North,47
B014096,Lower-Middle,534934,Salaried,9,A,852,South,25
B014097,Upper-Middle,1375605,Salaried,3,D,557,West,48
B014098,Lower-Middle,491792,Salaried,13,D,593,East,40
B014099,High,3959245,Salaried,18,C,686,North,64
B014100,Middle,638046,Self-Employed,12,E,474,South,34
B014101,Low,193424,Salaried,1,C,684,North,55
B014102,Lower-Middle,377258,Salaried,29,D,634,North,57
B014103,Upper-Middle,1715555,Self-Employed,5,C,709,Central,62
B014104,High,2072091,Self-Employed,26,D,610,Central,42
B014105,Upper-Middle,1671255,Business Owner,15,B,764,North,43
B014106,Lower-Middle,331341,Self-Employed,20,D,583,East,53
B014107,Upper-Middle,1785685,Salaried,23,F,429,Central,43
B014108,Lower-Middle,343402,Self-Employed,17,B,716,East,50
B014109,Lower-Middle,311166,Self-Employed,29,F,396,South,41
B014110,Middle,966016,Salaried,15,F,382,North,62
B014111,High,3843438,Salaried,22,B,744,North,64
B014112,Lower-Middle,437357,Freelancer,3,A,859,Central,32
B014113,Middle,847537,Salaried,26,E,504,West,26
B014114,Lower-Middle,358262,Salaried,26,G,300,Central,55
B014115,Lower-Middle,586792,Salaried,1,B,718,Central,29
B014116,Low,275911,Freelancer,29,F,427,South,29
B014117,Upper-Middle,1709661,Salaried,7,B,767,West,57
B014118,Low,276774,Freelancer,22,C,665,North,58
B014119,Middle,821676,Business Owner,28,F,376,West,23
B014120,Lower-Middle,399626,Business Owner,8,C,678,West,59
B014121,Middle,997312,Salaried,22,E,469,East,64
B014122,Lower-Middle,419479,Salaried,11,B,747,East,56
B014123,Lower-Middle,591537,Business Owner,21,C,692,East,30
B014124,Middle,693285,Unemployed,24,F,414,Central,35
B014125,Middle,839734,Freelancer,7,B,771,East,49
B014126,High,3011284,Freelancer,25,E,516,East,27
B014127,Lower-Middle,379798,Self-Employed,19,F,372,South,57
B014128,Middle,703879,Salaried,9,E,513,Central,58
B014129,Upper-Middle,1625345,Salaried,25,F,423,North,58
B014130,Lower-Middle,399525,Salaried,20,F,430,West,46
B014131,Upper-Middle,1534620,Salaried,1,B,769,East,61
B014132,High,2958717,Salaried,28,D,582,South,40
B014133,Upper-Middle,1150320,Salaried,17,C,685,East,36
B014134,Middle,712525,Salaried,22,D,608,West,39
B014135,Middle,728806,Salaried,11,E,491,South,32
B014136,Middle,708298,Self-Employed,12,B,783,South,25
B014137,Middle,640662,Self-Employed,10,E,409,Central,41
B014138,High,1818876,Self-Employed,15,C,627,East,49
B014139,Lower-Middle,539945,Business Owner,23,D,605,Central,55
B014140,Upper-Middle,1211461,Salaried,23,C,679,South,43
B014141,Middle,959563,Salaried,16,C,681,Central,64
B014142,Low,153994,Salaried,0,D,569,East,63
B014143,Middle,913656,Salaried,2,D,537,South,27
B014144,Upper-Middle,1239089,Self-Employed,26,E,520,West,50
B014145,Middle,868433,Business Owner,29,E,508,Central,49
B014146,Upper-Middle,1555242,Salaried,4,F,431,South,63
B014147,Lower-Middle,365362,Freelancer,15,E,438,Central,57
B014148,High,2244049,Salaried,26,F,426,South,27
B014149,Middle,940169,Salaried,0,B,784,Central,30
B014150,Upper-Middle,1181548,Freelancer,29,D,594,East,51
B014151,Lower-Middle,336235,Business Owner,4,A,852,East,32
B014152,Lower-Middle,506765,Self-Employed,1,D,564,South,56
B014153,Upper-Middle,1173745,Self-Employed,15,F,414,North,45
B014154,Low,258536,Salaried,28,E,479,North,47
B014155,Lower-Middle,437662,Self-Employed,23,D,598,North,58
B014156,Upper-Middle,1289332,Self-Employed,6,D,569,West,48
B014157,Upper-Middle,1048838,Salaried,18,B,754,West,47
B014158,Upper-Middle,1235506,Salaried,13,F,379,East,27
B014159,Upper-Middle,1209371,Unemployed,13,B,759,Central,58
B014160,High,3441238,Salaried,2,B,761,Central,35
B014161,Middle,800052,Freelancer,9,B,791,East,33
B014162,Middle,965058,Salaried,6,F,403,West,48
B014163,Upper-Middle,1065645,Salaried,29,C,600,North,26
B014164,Middle,804229,Self-Employed,7,D,643,East,41
B014165,Low,186047,Self-Employed,25,C,655,East,49
B014166,Lower-Middle,438841,Salaried,5,A,809,South,58
B014167,Middle,679383,Salaried,1,A,877,South,30
B014168,Upper-Middle,1246348,Salaried,25,A,872,North,55
B014169,Middle,873132,Self-Employed,14,D,572,East,56
B014170,Upper-Middle,1656369,Salaried,29,B,730,East,44
B014171,Upper-Middle,1444478,Self-Employed,5,C,677,North,59
B014172,Lower-Middle,395614,Salaried,9,C,660,East,47
B014173,Middle,745895,Salaried,29,D,581,South,33
B014174,Middle,806012,Salaried,22,F,402,East,49
B014175,Lower-Middle,465377,Salaried,5,A,802,Central,48
B014176,Middle,927532,Business Owner,4,D,566,East,49
B014177,Middle,982477,Unemployed,12,B,748,West,28
B014178,Upper-Middle,1160302,Salaried,28,F,398,South,51
B014179,Middle,969865,Salaried,3,F,401,Central,58
B014180,Low,236848,Freelancer,20,B,719,East,42
B014181,Middle,742528,Salaried,4,B,745,South,43
B014182,Upper-Middle,1150580,Salaried,20,B,753,North,26
B014183,Middle,862001,Self-Employed,24,A,844,Central,35
B014184,Lower-Middle,503471,Salaried,7,B,786,East,63
B014185,High,3778973,Salaried,20,B,778,North,61
B014186,Low,198985,Freelancer,15,B,829,East,21
B014187,Lower-Middle,461388,Self-Employed,1,B,733,South,50
B014188,Lower-Middle,491962,Self-Employed,12,C,693,West,21
B014189,Upper-Middle,1622479,Salaried,22,B,768,North,50
B014190,Upper-Middle,1682656,Salaried,26,C,662,West,62
B014191,Low,260440,Freelancer,24,F,409,North,46
B014192,Upper-Middle,1239670,Freelancer,19,C,700,West,42
B014193,Middle,801356,Business Owner,21,C,663,South,32
B014194,Upper-Middle,1424891,Salaried,8,F,426,Central,56
B014195,Upper-Middle,1783240,Business Owner,20,C,678,East,61
B014196,Upper-Middle,1429362,Salaried,3,B,762,North,37
B014197,Lower-Middle,312164,Self-Employed,6,D,639,Central,51
B014198,Lower-Middle,524947,Self-Employed,24,C,648,Central,39
B014199,High,2666817,Salaried,7,D,598,South,31
B014200,Middle,806901,Salaried,1,E,518,South,52
B014201,Middle,896020,Business Owner,5,D,592,North,46
B014202,High,3919426,Freelancer,13,E,483,West,43
B014203,Upper-Middle,1643914,Salaried,15,C,676,East,56
B014204,Middle,702143,Salaried,19,B,726,North,60
B014205,Upper-Middle,1173246,Self-Employed,17,C,648,West,32
B014206,Low,296632,Salaried,18,C,692,South,51
B014207,Upper-Middle,1170534,Salaried,4,E,476,South,40
B014208,High,2103226,Salaried,3,D,553,Central,44
B014209,Low,284141,Salaried,9,C,680,West,34
B014210,Lower-Middle,433556,Salaried,19,F,388,North,57
B014211,Upper-Middle,1038978,Freelancer,15,C,683,East,21
B014212,Middle,837209,Business Owner,7,G,357,East,44
B014213,Low,205346,Self-Employed,23,A,847,North,41
B014214,Lower-Middle,431366,Salaried,16,D,569,North,34
B014215,Lower-Middle,479770,Self-Employed,24,D,554,Central,35
B014216,Lower-Middle,597539,Salaried,7,D,560,North,26
B014217,Upper-Middle,1088279,Business Owner,23,E,480,East,28
B014218,Middle,694744,Salaried,11,D,543,Central,36
B014219,Upper-Middle,1669105,Self-Employed,4,D,604,South,25
B014220,Low,170479,Salaried,22,F,392,West,48
B014221,Lower-Middle,592128,Business Owner,26,B,774,East,45
B014222,Lower-Middle,398544,Business Owner,7,D,590,West,64
B014223,Upper-Middle,1504118,Salaried,0,E,502,South,61
B014224,High,2231417,Freelancer,25,C,664,South,53
B014225,Lower-Middle,394940,Salaried,16,B,782,East,43
B014226,High,3020646,Salaried,13,B,784,North,48
B014227,Low,294719,Business Owner,8,C,676,East,24
B014228,Lower-Middle,413664,Self-Employed,29,D,550,West,29
B014229,Upper-Middle,1722374,Salaried,8,D,612,Central,52
B014230,Lower-Middle,362525,Salaried,18,B,746,South,52
B014231,High,1878194,Salaried,6,D,605,North,21
B014232,Lower-Middle,552070,Salaried,4,B,771,South,44
B014233,Upper-Middle,1562852,Salaried,14,F,378,Central,34
B014234,Lower-Middle,334637,Salaried,22,E,499,East,53
B014235,Lower-Middle,306276,Salaried,1,B,748,North,48
B014236,Lower-Middle,546269,Self-Employed,18,C,657,South,37
B014237,High,2176456,Business Owner,6,E,524,Central,61
B014238,Middle,791525,Freelancer,3,D,549,Central,42
B014239,Middle,941135,Salaried,29,C,673,North,34
B014240,Low,235425,Salaried,2,D,604,East,44
B014241,Low,285034,Salaried,5,C,672,Central,61
B014242,Low,155563,Salaried,24,F,379,North,36
B014243,Upper-Middle,1339023,Self-Employed,3,F,414,North,31
B014244,Lower-Middle,359046,Salaried,14,B,748,East,46
B014245,Lower-Middle,420490,Self-Employed,9,D,572,North,33
B014246,Middle,904482,Freelancer,20,E,439,East,33
B014247,Middle,957080,Salaried,26,B,785,West,46
B014248,Lower-Middle,344463,Salaried,15,F,416,South,24
B014249,Low,201929,Business Owner,4,C,687,Central,60
B014250,Lower-Middle,433127,Business Owner,24,C,647,Central,28
B014251,Upper-Middle,1198414,Salaried,24,G,300,West,51
B014252,Lower-Middle,359493,Self-Employed,4,D,592,East,42
B014253,Middle,928677,Salaried,1,C,675,North,32
B014254,Low,280131,Self-Employed,3,D,628,South,23
B014255,Upper-Middle,1024338,Business Owner,12,D,596,Central,32
B014256,High,3826690,Salaried,11,E,468,East,38
B014257,Low,268480,Salaried,28,B,736,East,25
B014258,Middle,715474,Self-Employed,15,D,587,West,50
B014259,Lower-Middle,491599,Self-Employed,29,E,507,South,51
B014260,Upper-Middle,1370295,Freelancer,18,E,518,South,43
B014261,Middle,682623,Salaried,29,C,680,South,29
B014262,Middle,644095,Business Owner,7,G,300,Central,45
B014263,Lower-Middle,477238,Business Owner,22,A,839,East,55
B014264,Low,155085,Self-Employed,22,E,460,North,52
B014265,Middle,920938,Salaried,25,C,700,East,37
B014266,Middle,864082,Salaried,22,F,401,South,26
B014267,Upper-Middle,1519890,Self-Employed,8,F,322,East,41
B014268,Upper-Middle,1434629,Salaried,14,F,415,Central,32
B014269,Middle,846715,Salaried,9,B,759,South,54
B014270,Middle,966978,Salaried,14,E,477,South,39
B014271,High,3027602,Freelancer,15,C,676,East,51
B014272,Upper-Middle,1221537,Self-Employed,21,C,676,North,32
B014273,Upper-Middle,1578132,Business Owner,5,F,417,South,30
B014274,High,2538499,Freelancer,29,E,500,North,40
B014275,Lower-Middle,559581,Self-Employed,10,D,588,Central,53
B014276,Middle,776160,Salaried,11,B,750,West,60
B014277,Middle,706669,Salaried,16,D,604,North,59
B014278,Low,161661,Business Owner,8,B,709,South,26
B014279,Middle,733400,Freelancer,12,A,857,North,49
B014280,Lower-Middle,455399,Business Owner,14,F,372,West,33
B014281,Middle,631876,Salaried,1,D,574,North,30
B014282,Lower-Middle,592861,Business Owner,7,A,864,West,59
B014283,Upper-Middle,1484597,Salaried,0,C,661,East,24
B014284,Middle,906491,Salaried,1,C,664,West,45
B014285,Middle,631614,Salaried,29,B,781,Central,55
B014286,Low,210913,Salaried,28,E,458,Central,63
B014287,Middle,754926,Salaried,14,B,779,South,41
B014288,Low,250670,Business Owner,10,B,755,Central,28
B014289,Lower-Middle,441618,Salaried,18,B,794,North,40
B014290,Lower-Middle,375216,Freelancer,15,E,470,North,54
B014291,Upper-Middle,1598592,Salaried,26,B,774,Central,44
B014292,Lower-Middle,508250,Salaried,3,C,681,Central,57
B014293,Middle,763636,Salaried,28,F,354,West,50
B014294,Upper-Middle,1700707,Salaried,22,D,588,South,63
B014295,Lower-Middle,342206,Salaried,28,B,776,East,48
B014296,Upper-Middle,1411296,Salaried,14,E,477,Central,27
B014297,Low,277462,Self-Employed,21,D,613,South,23
B014298,Lower-Middle,511882,Salaried,5,E,458,East,44
B014299,Low,228907,Self-Employed,23,A,820,South,62
B014300,Middle,637811,Salaried,7,B,745,North,38
B014301,High,1876318,Salaried,0,A,829,East,23
B014302,Middle,867809,Salaried,18,D,588,West,47
B014303,Middle,775127,Salaried,8,C,689,South,47
B014304,Lower-Middle,425311,Business Owner,25,C,640,West,24
B014305,High,2660264,Salaried,6,C,657,Central,48
B014306,Middle,669403,Self-Employed,3,C,661,Central,41
B014307,Lower-Middle,468114,Freelancer,9,C,680,Central,28
B014308,High,2636121,Salaried,5,B,729,East,22
B014309,Lower-Middle,321996,Freelancer,26,D,547,West,47
B014310,Lower-Middle,578515,Business Owner,25,F,399,West,34
B014311,Low,224953,Business Owner,18,G,316,Central,30
B014312,Low,187474,Freelancer,21,B,781,East,57
B014313,Upper-Middle,1563246,Salaried,6,C,731,Central,33
B014314,Middle,939868,Self-Employed,27,B,744,East,41
B014315,High,2459544,Salaried,23,D,560,Central,46
B014316,Low,289308,Self-Employed,4,C,681,South,58
B014317,Middle,836469,Salaried,15,F,404,North,60
B014318,Middle,704097,Salaried,19,F,426,South,23
B014319,Middle,881126,Unemployed,3,C,660,South,34
B014320,Middle,847963,Salaried,6,C,649,Central,51
B014321,Middle,969315,Salaried,1,D,599,West,51
B014322,Middle,954204,Salaried,9,D,582,West,23
B014323,Upper-Middle,1482833,Self-Employed,3,E,517,North,33
B014324,Lower-Middle,490014,Salaried,16,B,761,West,27
B014325,Middle,685566,Salaried,4,A,854,West,28
B014326,Middle,898863,Freelancer,11,D,539,Central,56
B014327,Lower-Middle,545911,Salaried,7,C,651,South,64
B014328,Low,298846,Salaried,17,D,601,West,21
B014329,High,2285775,Self-Employed,12,C,723,North,59
B014330,Lower-Middle,466659,Salaried,11,B,797,West,37
B014331,Lower-Middle,591443,Salaried,14,B,804,Central,57
B014332,Middle,887847,Self-Employed,22,E,486,West,62
B014333,Low,199773,Self-Employed,22,C,682,East,41
B014334,Low,156705,Salaried,7,A,859,East,27
B014335,Low,296769,Business Owner,25,B,748,North,28
B014336,Low,246163,Business Owner,2,F,401,East,62
B014337,Lower-Middle,546251,Self-Employed,16,D,586,West,55
B014338,Upper-Middle,1063558,Self-Employed,23,E,469,Central,29
B014339,Lower-Middle,473286,Business Owner,22,F,411,North,58
B014340,Lower-Middle,576187,Salaried,26,A,863,East,32
B014341,Middle,852221,Salaried,10,F,380,South,24
B014342,Lower-Middle,414135,Salaried,24,C,649,South,49
B014343,Lower-Middle,389694,Salaried,27,D,579,West,45
B014344,Lower-Middle,329940,Freelancer,13,C,675,North,21
B014345,Lower-Middle,300964,Salaried,15,D,565,North,45
B014346,Lower-Middle,402940,Salaried,13,D,615,South,52
B014347,Low,235276,Salaried,10,B,829,South,37
B014348,Upper-Middle,1719941,Self-Employed,9,C,758,West,60
B014349,High,3967682,Business Owner,6,B,750,South,37
B014350,Upper-Middle,1078572,Salaried,14,B,748,Central,36
B014351,Low,192975,Business Owner,28,D,560,Central,51
B014352,Upper-Middle,1025209,Salaried,1,D,602,West,47
B014353,Middle,738154,Freelancer,4,B,739,East,62
B014354,Low,248010,Business Owner,20,A,865,West,36
B014355,High,2714621,Salaried,22,G,325,North,26
B014356,Upper-Middle,1649807,Freelancer,21,C,699,Central,51
B014357,Low,160048,Salaried,7,D,603,South,63
B014358,High,3206786,Salaried,24,A,859,East,44
B014359,Low,299777,Salaried,0,D,572,Central,46
B014360,Middle,674880,Salaried,19,E,512,North,43
B014361,Low,294715,Unemployed,29,A,888,North,36
B014362,Low,265231,Business Owner,5,D,586,West,23
B014363,High,2510690,Self-Employed,29,B,768,Central,64
B014364,Middle,769470,Freelancer,25,B,726,Central,50
B014365,Lower-Middle,332025,Salaried,8,D,562,Central,55
B014366,Upper-Middle,1546262,Salaried,11,D,563,East,43
B014367,Upper-Middle,1448944,Business Owner,7,D,568,West,38
B014368,High,2198166,Salaried,19,D,623,Central,35
B014369,High,2956819,Business Owner,23,C,660,North,30
B014370,Upper-Middle,1765293,Salaried,6,D,586,Central,42
B014371,Middle,987221,Salaried,20,C,668,Central,26
B014372,Lower-Middle,538278,Salaried,12,B,776,North,35
B014373,High,2113351,Salaried,6,C,658,East,63
B014374,Low,204511,Salaried,18,F,364,East,32
B014375,Low,241401,Salaried,13,C,697,West,33
B014376,Lower-Middle,352516,Salaried,19,C,679,East,26
B014377,Lower-Middle,562189,Business Owner,19,D,605,Central,60
B014378,Middle,875962,Salaried,9,E,518,East,30
B014379,Upper-Middle,1219253,Salaried,9,E,470,East,56
B014380,Middle,950345,Salaried,17,E,497,South,26
B014381,Middle,875928,Salaried,3,C,652,Central,34
B014382,Lower-Middle,546296,Salaried,0,B,704,East,21
B014383,Middle,856511,Salaried,2,E,476,East,49
B014384,Low,293970,Salaried,17,F,382,West,53
B014385,Low,278923,Unemployed,21,F,419,West,59
B014386,Middle,978552,Salaried,27,E,485,West,25
B014387,Middle,970739,Salaried,23,C,687,North,57
B014388,Lower-Middle,485811,Self-Employed,15,B,776,Central,38
B014389,Lower-Middle,555525,Salaried,21,D,551,Central,25
B014390,Low,205248,Salaried,13,D,554,West,49
B014391,Middle,639699,Salaried,25,B,771,East,35
B014392,Lower-Middle,445971,Self-Employed,14,D,548,West,52
B014393,Lower-Middle,338296,Business Owner,26,G,300,West,38
B014394,Upper-Middle,1164900,Salaried,2,B,788,South,24
B014395,Upper-Middle,1469514,Freelancer,11,C,666,East,57
B014396,Lower-Middle,376701,Self-Employed,12,C,620,North,59
B014397,Middle,605867,Self-Employed,11,B,725,North,46
B014398,Low,193993,Salaried,24,E,520,East,24
B014399,Lower-Middle,467606,Freelancer,11,E,506,West,42
B014400,Middle,795742,Salaried,28,B,747,West,43
B014401,Low,197161,Salaried,11,E,496,Central,55
B014402,Lower-Middle,515094,Self-Employed,5,C,693,South,57
B014403,Upper-Middle,1206431,Freelancer,28,D,557,East,62
B014404,Upper-Middle,1573989,Salaried,20,D,592,Central,41
B014405,High,2248209,Salaried,15,F,378,North,53
B014406,Upper-Middle,1058130,Freelancer,15,B,771,West,64
B014407,Lower-Middle,408465,Business Owner,12,D,607,South,35
B014408,Middle,943892,Self-Employed,28,D,610,South,52
B014409,Lower-Middle,521700,Salaried,25,F,395,East,62
B014410,Middle,881548,Salaried,13,E,508,South,35
B014411,Lower-Middle,323148,Freelancer,21,F,412,East,27
B014412,Low,176826,Salaried,6,A,836,West,24
B014413,Low,248552,Business Owner,12,C,638,East,32
B014414,Upper-Middle,1546668,Self-Employed,1,C,702,East,57
B014415,Low,211658,Freelancer,9,D,579,South,43
B014416,Middle,966571,Self-Employed,22,E,484,North,59
B014417,Upper-Middle,1777236,Salaried,10,D,593,South,50
B014418,Upper-Middle,1122486,Business Owner,21,A,900,East,48
B014419,Lower-Middle,366934,Unemployed,29,D,528,South,23
B014420,Lower-Middle,592801,Freelancer,27,A,898,North,35
B014421,High,3568799,Salaried,10,A,847,East,42
B014422,Middle,693261,Salaried,1,E,493,East,45
B014423,Lower-Middle,569752,Business Owner,27,E,466,Central,53
B014424,High,3205321,Self-Employed,29,C,631,Central,21
B014425,Lower-Middle,465768,Salaried,28,D,592,East,50
B014426,Lower-Middle,523373,Salaried,5,D,571,North,39
B014427,Low,183477,Salaried,2,A,835,West,61
B014428,Low,211220,Salaried,16,D,558,East,64
B014429,Lower-Middle,427540,Salaried,19,A,804,East,25
B014430,Middle,758945,Freelancer,16,E,486,West,30
B014431,Lower-Middle,328247,Self-Employed,1,E,493,West,57
B014432,Middle,766096,Salaried,1,C,688,East,51
B014433,Upper-Middle,1119453,Self-Employed,11,C,676,Central,23
B014434,Upper-Middle,1500297,Salaried,18,B,761,South,25
B014435,Low,285819,Business Owner,7,G,300,West,31
B014436,Upper-Middle,1593768,Freelancer,10,E,513,East,53
B014437,Low,216317,Salaried,17,E,481,Central,32
B014438,Middle,789077,Unemployed,25,C,675,Central,40
B014439,Lower-Middle,482448,Salaried,15,E,472,South,58
B014440,Middle,979125,Business Owner,15,D,602,Central,35
B014441,Lower-Middle,586051,Freelancer,7,C,700,East,44
B014442,Middle,883035,Business Owner,2,C,655,South,43
B014443,Low,215932,Salaried,20,C,710,West,45
B014444,Low,183124,Salaried,16,C,695,Central,57
B014445,Middle,667991,Salaried,5,B,811,West,61
B014446,Lower-Middle,302382,Salaried,28,C,704,North,57
B014447,Middle,746203,Salaried,13,D,581,East,45
B014448,Middle,624437,Salaried,24,B,730,South,36
B014449,Middle,877631,Self-Employed,8,B,771,South,60
B014450,Upper-Middle,1117880,Salaried,22,D,540,West,48
B014451,Upper-Middle,1648557,Salaried,6,D,606,North,52
B014452,High,2464357,Self-Employed,27,C,677,Central,35
B014453,Low,278839,Salaried,22,F,387,Central,62
B014454,Middle,606436,Self-Employed,21,C,665,North,40
B014455,Upper-Middle,1083144,Business Owner,11,C,704,South,32
B014456,Lower-Middle,535644,Self-Employed,4,B,771,South,49
B014457,Lower-Middle,491058,Salaried,19,C,670,North,31
B014458,Lower-Middle,342140,Business Owner,11,C,661,North,32
B014459,Middle,960069,Self-Employed,19,F,405,West,36
B014460,Lower-Middle,501983,Salaried,2,F,421,East,35
B014461,Middle,800702,Business Owner,7,C,684,South,25
B014462,Middle,890583,Business Owner,14,C,645,East,28
B014463,Middle,852064,Salaried,16,B,774,South,58
B014464,Lower-Middle,300505,Salaried,7,E,468,East,47
B014465,Upper-Middle,1717077,Business Owner,14,F,402,North,30
B014466,Middle,933717,Self-Employed,21,C,621,North,58
B014467,Low,236704,Self-Employed,0,F,393,Central,21
B014468,Lower-Middle,457810,Salaried,2,B,746,South,61
B014469,Lower-Middle,541452,Salaried,15,D,552,South,54
B014470,High,2115564,Self-Employed,2,A,842,West,62
B014471,Lower-Middle,583234,Business Owner,2,D,604,East,41
B014472,Low,290345,Salaried,28,D,563,North,55
B014473,Low,214749,Freelancer,5,D,545,West,34
B014474,Low,239485,Business Owner,25,E,530,North,41
B014475,Lower-Middle,498514,Business Owner,12,A,841,East,62
B014476,Upper-Middle,1630952,Business Owner,10,C,702,South,56
B014477,Middle,930968,Salaried,18,D,556,West,43
B014478,Upper-Middle,1565315,Salaried,0,D,607,East,32
B014479,Low,272706,Salaried,9,F,422,East,42
B014480,Middle,711151,Salaried,8,E,512,Central,43
B014481,Upper-Middle,1393307,Salaried,0,C,685,East,49
B014482,Middle,954691,Business Owner,7,D,607,North,61
B014483,Upper-Middle,1552575,Business Owner,10,D,578,North,24
B014484,Lower-Middle,529018,Salaried,22,A,846,South,46
B014485,Middle,781230,Salaried,12,C,690,North,36
B014486,Middle,809460,Self-Employed,14,B,804,Central,47
B014487,Low,170976,Business Owner,6,B,835,West,30
B014488,Upper-Middle,1524508,Freelancer,17,E,496,West,48
B014489,Lower-Middle,479095,Salaried,27,D,562,West,23
B014490,Low,296748,Salaried,26,F,398,West,56
B014491,Upper-Middle,1400910,Freelancer,28,F,383,South,37
B014492,Middle,790869,Salaried,12,E,490,North,24
B014493,Upper-Middle,1417722,Business Owner,25,E,490,North,46
B014494,Upper-Middle,1696365,Salaried,0,B,768,East,37
B014495,Lower-Middle,469528,Salaried,13,C,681,South,61
B014496,Middle,787591,Self-Employed,28,E,499,Central,62
B014497,High,2428384,Business Owner,17,C,636,Central,49
B014498,Lower-Middle,599786,Salaried,15,C,652,West,63
B014499,Middle,876745,Business Owner,29,F,375,East,25
B014500,High,2051073,Freelancer,3,E,507,Central,45
B014501,Low,169276,Business Owner,23,B,713,East,55
B014502,High,3027998,Freelancer,25,E,523,East,34
B014503,Middle,862894,Freelancer,19,E,507,West,40
B014504,Upper-Middle,1260813,Business Owner,5,F,407,South,58
B014505,Middle,605527,Self-Employed,29,D,554,East,60
B014506,Middle,851316,Business Owner,21,A,850,South,60
B014507,Upper-Middle,1110346,Unemployed,19,E,453,North,52
B014508,Low,230510,Self-Employed,10,D,603,West,34
B014509,Middle,963562,Salaried,1,C,671,Central,26
B014510,High,2876391,Salaried,28,E,531,East,53
B014511,High,2151790,Business Owner,24,D,618,North,22
B014512,High,2970128,Unemployed,17,F,407,South,62
B014513,Middle,639917,Salaried,11,F,422,Central,30
B014514,Middle,920299,Unemployed,8,B,802,West,40
B014515,Middle,810767,Salaried,10,C,634,South,64
B014516,Middle,753935,Salaried,10,B,755,Central,24
B014517,Middle,819197,Freelancer,12,C,668,North,46
B014518,Low,179423,Freelancer,14,B,781,East,57
B014519,Low,195365,Self-Employed,0,D,587,East,28
B014520,Middle,737592,Freelancer,26,A,856,North,50
B014521,Lower-Middle,488682,Business Owner,10,E,457,North,53
B014522,Lower-Middle,478055,Freelancer,12,B,743,West,54
B014523,Lower-Middle,336148,Freelancer,28,C,687,North,30
B014524,Upper-Middle,1709196,Salaried,17,B,760,East,50
B014525,High,2351359,Salaried,9,C,661,West,45
B014526,Middle,946989,Salaried,5,A,845,East,39
B014527,High,2556900,Salaried,10,E,514,South,42
B014528,Upper-Middle,1411922,Salaried,5,C,683,Central,63
B014529,Lower-Middle,442010,Salaried,18,F,386,East,22
B014530,Low,249663,Salaried,3,A,900,East,48
B014531,Lower-Middle,378562,Self-Employed,1,B,761,West,45
B014532,Low,248309,Salaried,5,E,473,South,44
B014533,Middle,772932,Salaried,15,C,652,South,60
B014534,Lower-Middle,520855,Salaried,10,A,864,Central,45
B014535,High,3022912,Salaried,26,A,875,South,57
B014536,Middle,913808,Self-Employed,9,F,434,West,54
B014537,Lower-Middle,565275,Freelancer,5,C,692,West,56
B014538,High,2720012,Self-Employed,22,C,681,South,47
B014539,High,2230133,Self-Employed,20,F,375,South,21
B014540,Upper-Middle,1058020,Unemployed,19,D,605,South,24
B014541,Upper-Middle,1278227,Business Owner,14,E,498,East,43
B014542,High,3068347,Salaried,7,C,691,West,33
B014543,Middle,881322,Salaried,21,D,587,West,31
B014544,Upper-Middle,1514679,Self-Employed,7,D,577,South,43
B014545,Low,177265,Self-Employed,14,B,759,East,41
B014546,Middle,795535,Business Owner,8,D,589,West,28
B014547,Middle,907883,Salaried,14,F,398,North,41
B014548,Low,267989,Unemployed,11,C,635,North,58
B014549,Low,239626,Salaried,2,D,630,North,27
B014550,Low,169999,Freelancer,15,C,649,North,55
B014551,Lower-Middle,432560,Self-Employed,17,D,535,Central,55
B014552,Low,150014,Salaried,20,D,568,South,54
B014553,Lower-Middle,505354,Salaried,20,C,643,Central,27
B014554,Upper-Middle,1303339,Salaried,17,A,900,Central,41
B014555,Middle,678602,Salaried,18,C,666,South,61
B014556,Middle,690877,Freelancer,9,C,694,North,33
B014557,Low,151031,Salaried,7,E,494,South,42
B014558,Upper-Middle,1672554,Salaried,15,C,615,West,57
B014559,Low,150672,Salaried,5,C,696,East,46
B014560,Lower-Middle,406653,Self-Employed,26,C,641,Central,36
B014561,Middle,854067,Salaried,26,C,682,South,26
B014562,High,3598780,Salaried,17,E,453,North,45
B014563,High,3902823,Freelancer,22,D,585,West,42
B014564,Upper-Middle,1224553,Salaried,3,E,487,Central,33
B014565,Middle,600463,Freelancer,11,B,755,East,34
B014566,Middle,896193,Salaried,15,E,489,West,64
B014567,Middle,803243,Self-Employed,3,C,655,East,48
B014568,Low,212566,Self-Employed,28,A,792,South,52
B014569,Lower-Middle,512027,Salaried,29,D,599,East,23
B014570,High,3985189,Self-Employed,16,A,878,Central,63
B014571,High,2296847,Salaried,29,A,858,Central,34
B014572,Lower-Middle,488317,Salaried,4,A,813,Central,63
B014573,Lower-Middle,478814,Freelancer,21,D,569,East,62
B014574,Lower-Middle,484623,Freelancer,24,B,766,North,30
B014575,Middle,811885,Salaried,5,E,464,East,35
B014576,Lower-Middle,592294,Self-Employed,8,C,685,Central,53
B014577,Middle,701364,Salaried,9,C,693,Central,43
B014578,Low,280923,Salaried,11,D,562,East,41
B014579,Low,248962,Salaried,8,E,520,North,38
B014580,Lower-Middle,572118,Self-Employed,29,D,566,Central,48
B014581,Upper-Middle,1637076,Business Owner,3,B,756,Central,50
B014582,Lower-Middle,497820,Salaried,5,E,490,East,41
B014583,Middle,618570,Freelancer,14,D,609,East,46
B014584,Middle,841945,Business Owner,10,G,305,West,23
B014585,Upper-Middle,1177620,Salaried,24,D,614,South,37
B014586,Lower-Middle,401720,Salaried,28,C,649,Central,50
B014587,Upper-Middle,1317980,Self-Employed,9,E,548,South,54
B014588,Lower-Middle,562187,Salaried,26,A,816,West,42
B014589,Middle,974581,Salaried,19,E,504,West,50
B014590,Middle,908652,Salaried,0,D,570,North,26
B014591,High,2133931,Salaried,0,B,702,North,48
B014592,High,2668903,Self-Employed,23,A,861,West,49
B014593,Upper-Middle,1004207,Self-Employed,1,A,865,East,45
B014594,High,3685402,Business Owner,3,A,876,Central,28
B014595,Low,170686,Freelancer,21,D,568,West,60
B014596,Middle,859311,Business Owner,17,E,493,Central,59
B014597,Lower-Middle,459343,Salaried,14,B,780,North,62
B014598,Lower-Middle,375943,Self-Employed,21,B,755,West,21
B014599,Middle,832049,Salaried,2,E,477,East,24
B014600,Upper-Middle,1242577,Freelancer,14,B,765,South,39
B014601,Middle,725594,Self-Employed,8,E,530,South,63
B014602,Upper-Middle,1105828,Salaried,29,A,837,Central,36
B014603,Middle,819365,Business Owner,0,E,485,East,35
B014604,High,3773422,Salaried,15,E,465,North,59
B014605,Upper-Middle,1276851,Unemployed,1,B,763,East,22
B014606,Upper-Middle,1461287,Salaried,4,C,696,West,53
B014607,Lower-Middle,412891,Salaried,10,C,630,West,45
B014608,Middle,712587,Freelancer,1,B,753,East,32
B014609,Upper-Middle,1393455,Salaried,19,C,695,West,50
B014610,High,2357404,Salaried,20,D,568,Central,35
B014611,Low,253631,Self-Employed,24,E,474,North,57
B014612,Lower-Middle,573815,Self-Employed,12,B,746,East,49
B014613,Lower-Middle,425708,Salaried,17,E,506,Central,21
B014614,Lower-Middle,502698,Salaried,20,C,674,East,63
B014615,Upper-Middle,1196174,Salaried,25,A,878,Central,54
B014616,Low,227481,Salaried,19,B,749,Central,38
B014617,Lower-Middle,478130,Salaried,3,C,672,North,48
B014618,Middle,935285,Salaried,11,A,848,South,57
B014619,Lower-Middle,506897,Business Owner,2,A,861,South,42
B014620,Low,193903,Self-Employed,11,C,631,East,52
B014621,Middle,912024,Salaried,14,F,401,West,57
B014622,Middle,939225,Salaried,14,D,591,Central,52
B014623,High,3007003,Salaried,3,F,320,East,42
B014624,Upper-Middle,1455444,Salaried,13,A,836,North,31
B014625,High,3295036,Freelancer,0,F,400,Central,30
B014626,Lower-Middle,440019,Salaried,6,B,772,South,22
B014627,Upper-Middle,1460362,Freelancer,22,B,793,South,41
B014628,Middle,876797,Self-Employed,0,B,817,Central,41
B014629,Middle,708861,Business Owner,13,C,675,Central,37
B014630,Middle,633252,Freelancer,24,B,776,Central,47
B014631,Lower-Middle,393841,Business Owner,1,E,486,Central,34
B014632,Low,209654,Self-Employed,25,E,509,North,42
B014633,Upper-Middle,1714431,Salaried,24,C,667,North,55
B014634,Upper-Middle,1725683,Self-Employed,22,E,540,East,37
B014635,Low,242673,Salaried,6,B,797,Central,23
B014636,Middle,638464,Salaried,11,A,855,South,33
B014637,Upper-Middle,1111324,Freelancer,21,B,752,South,39
B014638,Middle,600848,Self-Employed,15,B,765,Central,58
B014639,Lower-Middle,433911,Salaried,8,A,840,Central,23
B014640,Upper-Middle,1538692,Freelancer,1,B,766,East,28
B014641,Middle,975669,Salaried,22,C,642,East,32
B014642,Middle,689825,Freelancer,28,E,526,South,21
B014643,Middle,654723,Business Owner,26,E,476,Central,61
B014644,Middle,707456,Salaried,9,G,327,Central,25
B014645,Low,231506,Salaried,20,A,794,South,49
B014646,High,1882025,Freelancer,20,A,830,West,40
B014647,Lower-Middle,548809,Salaried,17,D,625,East,58
B014648,Upper-Middle,1493856,Unemployed,13,D,591,West,45
B014649,Upper-Middle,1612948,Salaried,20,B,802,East,59
B014650,Middle,981133,Salaried,2,E,490,West,51
B014651,Middle,890884,Self-Employed,17,G,303,West,57
B014652,Low,271472,Salaried,20,C,695,East,45
B014653,Lower-Middle,496295,Salaried,14,F,405,South,24
B014654,Middle,710310,Self-Employed,7,B,757,North,48
B014655,Low,181682,Salaried,10,C,714,Central,37
B014656,Low,296833,Salaried,18,B,803,West,26
B014657,High,2706881,Business Owner,28,D,617,East,40
B014658,Lower-Middle,452000,Salaried,25,A,840,East,40
B014659,Lower-Middle,361644,Self-Employed,19,D,500,East,64
B014660,Lower-Middle,335121,Self-Employed,10,B,744,East,52
B014661,Middle,779320,Self-Employed,16,C,666,East,55
B014662,Middle,853789,Salaried,25,D,560,Central,35
B014663,Upper-Middle,1698507,Freelancer,13,C,658,East,40
B014664,Middle,731630,Salaried,11,D,600,West,32
B014665,Low,210333,Freelancer,28,G,300,East,43
B014666,Middle,948170,Business Owner,11,F,375,West,33
B014667,Low,256276,Business Owner,12,G,301,North,34
B014668,Upper-Middle,1226715,Salaried,26,B,759,West,37
B014669,Low,287380,Salaried,9,D,628,South,62
B014670,Lower-Middle,314360,Salaried,21,E,479,East,21
B014671,Middle,857523,Self-Employed,14,F,435,West,59
B014672,Lower-Middle,591681,Salaried,17,B,760,East,60
B014673,Middle,623542,Salaried,17,G,324,North,32
B014674,Middle,821094,Salaried,4,C,694,East,30
B014675,High,2610818,Salaried,12,E,551,North,32
B014676,Low,211783,Salaried,1,D,561,South,58
B014677,Middle,695295,Salaried,13,C,681,East,27
B014678,Middle,962419,Salaried,21,B,780,West,23
B014679,Low,173892,Salaried,17,B,729,East,27
B014680,Middle,632912,Salaried,12,D,540,South,33
B014681,Upper-Middle,1080029,Self-Employed,8,D,536,North,51
B014682,Upper-Middle,1032189,Freelancer,2,C,619,North,44
B014683,High,3052353,Salaried,9,D,563,East,42
B014684,Middle,701551,Self-Employed,2,D,598,Central,27
B014685,Lower-Middle,570124,Salaried,27,B,746,Central,54
B014686,High,3509015,Self-Employed,0,C,664,East,64
B014687,Lower-Middle,483079,Salaried,8,C,660,South,37
B014688,Middle,708015,Business Owner,15,C,692,South,45
B014689,Upper-Middle,1769295,Business Owner,10,F,417,East,34
B014690,Upper-Middle,1133493,Self-Employed,23,F,409,West,56
B014691,High,3848507,Salaried,18,D,618,East,46
B014692,Low,198857,Business Owner,22,C,664,East,33
B014693,Middle,881690,Salaried,25,E,505,West,34
B014694,Lower-Middle,511026,Self-Employed,7,B,750,Central,29
B014695,Upper-Middle,1428430,Business Owner,27,D,552,East,62
B014696,Middle,733486,Self-Employed,20,G,323,North,58
B014697,Lower-Middle,376950,Business Owner,4,F,401,Central,39
B014698,Upper-Middle,1347976,Self-Employed,28,F,395,Central,30
B014699,Middle,963475,Business Owner,27,A,857,East,29
B014700,Middle,726415,Salaried,24,C,675,North,37
B014701,High,3150169,Salaried,15,E,486,Central,24
B014702,Middle,632444,Salaried,12,B,712,North,53
B014703,Middle,669053,Self-Employed,15,E,470,Central,24
B014704,Low,152140,Self-Employed,21,C,667,North,31
B014705,Lower-Middle,574046,Self-Employed,6,F,406,North,38
B014706,Low,242626,Self-Employed,4,C,676,South,49
B014707,Lower-Middle,522893,Salaried,14,B,735,East,39
B014708,Lower-Middle,516365,Salaried,23,F,392,Central,63
B014709,Middle,608102,Freelancer,25,E,411,North,37
B014710,Middle,787926,Salaried,6,C,679,South,44
B014711,Low,284350,Salaried,10,G,333,West,42
B014712,Middle,893373,Business Owner,11,D,612,East,32
B014713,High,3351411,Salaried,21,D,552,Central,47
B014714,Lower-Middle,486231,Salaried,17,C,643,East,62
B014715,Middle,716974,Self-Employed,9,E,516,West,29
B014716,Low,204392,Salaried,16,D,610,South,61
B014717,Middle,600397,Freelancer,7,D,573,South,57
B014718,Upper-Middle,1541363,Freelancer,16,F,404,East,48
B014719,Low,188972,Salaried,28,C,684,West,53
B014720,Lower-Middle,408647,Freelancer,23,E,458,Central,54
B014721,Upper-Middle,1067221,Salaried,18,E,504,South,36
B014722,Lower-Middle,562588,Salaried,6,A,875,West,54
B014723,Middle,669387,Self-Employed,3,E,484,South,40
B014724,Middle,778058,Self-Employed,26,E,533,South,40
B014725,Low,204188,Salaried,15,D,572,North,61
B014726,Upper-Middle,1162892,Salaried,1,B,718,South,32
B014727,Middle,939170,Salaried,13,A,848,West,24
B014728,Low,188406,Salaried,4,A,816,East,23
B014729,High,2495214,Salaried,15,C,681,Central,38
B014730,Middle,930790,Freelancer,29,D,607,South,23
B014731,Upper-Middle,1333642,Business Owner,5,D,551,East,61
B014732,Lower-Middle,470243,Salaried,22,D,600,North,23
B014733,Low,265731,Salaried,17,C,685,South,55
B014734,Upper-Middle,1282482,Salaried,4,D,562,North,31
B014735,Middle,781397,Salaried,8,F,395,South,53
B014736,Lower-Middle,398494,Self-Employed,13,E,493,North,25
B014737,Upper-Middle,1071268,Business Owner,24,E,494,West,62
B014738,Middle,872804,Salaried,0,C,660,Central,23
B014739,Lower-Middle,411169,Freelancer,16,F,383,North,36
B014740,Upper-Middle,1043649,Business Owner,15,F,370,South,46
B014741,Middle,982557,Salaried,16,F,376,Central,48
B014742,Middle,779055,Freelancer,29,D,565,North,35
B014743,Upper-Middle,1013343,Salaried,20,C,691,West,23
B014744,Middle,744186,Freelancer,19,C,626,East,64
B014745,High,3422453,Self-Employed,9,C,667,Central,59
B014746,Upper-Middle,1212894,Salaried,18,C,706,East,50
B014747,Lower-Middle,309172,Salaried,27,C,610,North,35
B014748,Middle,995420,Self-Employed,24,F,408,East,62
B014749,High,3164255,Business Owner,7,D,570,Central,28
B014750,Upper-Middle,1397505,Business Owner,17,C,670,East,23
B014751,Lower-Middle,535365,Salaried,13,D,578,North,56
B014752,Lower-Middle,389967,Business Owner,19,C,701,North,32
B014753,Lower-Middle,491311,Salaried,16,A,839,East,54
B014754,Upper-Middle,1027367,Salaried,8,E,483,West,55
B014755,High,2439778,Salaried,26,C,660,South,26
B014756,Upper-Middle,1035298,Business Owner,16,B,772,South,48
B014757,Lower-Middle,364633,Self-Employed,28,D,572,Central,40
B014758,Upper-Middle,1672127,Salaried,22,B,766,Central,36
B014759,Low,206199,Self-Employed,18,C,690,Central,41
B014760,Lower-Middle,325283,Freelancer,15,D,577,East,57
B014761,Lower-Middle,593292,Salaried,2,G,300,Central,26
B014762,Middle,777052,Salaried,12,B,700,East,43
B014763,Middle,673953,Salaried,18,C,703,Central,52
B014764,Lower-Middle,407375,Salaried,6,D,596,South,61
B014765,Lower-Middle,312302,Salaried,20,E,466,Central,45
B014766,Upper-Middle,1331667,Business Owner,7,D,574,East,45
B014767,Low,204379,Salaried,19,E,538,Central,28
B014768,Middle,966885,Business Owner,27,F,378,East,46
B014769,Lower-Middle,493144,Freelancer,6,C,696,Central,63
B014770,Lower-Middle,488583,Salaried,3,E,531,East,34
B014771,Lower-Middle,584334,Salaried,29,C,662,Central,42
B014772,Middle,657318,Salaried,18,E,463,Central,24
B014773,Middle,811200,Self-Employed,27,D,586,North,33
B014774,Lower-Middle,494048,Salaried,22,D,574,East,21
B014775,Upper-Middle,1377356,Self-Employed,3,C,676,North,59
B014776,Low,179073,Business Owner,5,D,565,South,33
B014777,Upper-Middle,1213956,Business Owner,19,B,745,North,62
B014778,Lower-Middle,304597,Salaried,5,D,595,East,58
B014779,High,2363386,Freelancer,27,D,530,South,28
B014780,Low,233894,Freelancer,6,C,677,North,35
B014781,Middle,935906,Self-Employed,6,C,655,South,40
B014782,Middle,877656,Salaried,16,C,671,East,57
B014783,Middle,977919,Business Owner,13,E,448,North,63
B014784,Upper-Middle,1795026,Freelancer,5,C,718,Central,64
B014785,Low,190888,Self-Employed,25,D,585,South,41
B014786,Lower-Middle,495277,Self-Employed,8,G,335,South,39
B014787,Upper-Middle,1592271,Salaried,15,A,823,North,27
B014788,Upper-Middle,1041152,Salaried,10,B,744,North,40
B014789,Middle,803559,Business Owner,23,F,402,West,29
B014790,Middle,909403,Freelancer,1,E,490,North,58
B014791,Upper-Middle,1374949,Salaried,17,C,679,North,36
B014792,Upper-Middle,1332350,Salaried,0,A,848,West,45
B014793,Upper-Middle,1439324,Salaried,7,D,578,South,31
B014794,Upper-Middle,1086365,Salaried,0,E,492,West,57
B014795,Lower-Middle,322275,Business Owner,15,C,667,West,53
B014796,Middle,604251,Salaried,26,E,481,West,51
B014797,Middle,765188,Business Owner,11,C,656,North,58
B014798,Low,219064,Self-Employed,27,D,603,West,37
B014799,Upper-Middle,1756725,Self-Employed,6,A,827,Central,62
B014800,Middle,964272,Salaried,17,D,549,Central,49
B014801,Low,207092,Business Owner,5,F,400,Central,25
B014802,Middle,987819,Salaried,1,B,773,Central,22
B014803,Lower-Middle,347446,Salaried,4,D,668,Central,54
B014804,Low,185602,Self-Employed,15,C,653,South,43
B014805,Middle,807602,Salaried,21,C,673,South,62
B014806,Upper-Middle,1298501,Salaried,26,A,840,East,24
B014807,Middle,812170,Freelancer,14,D,581,North,52
B014808,Low,150842,Business Owner,25,G,325,West,45
B014809,Middle,870224,Salaried,13,B,740,Central,24
B014810,Low,191234,Business Owner,17,B,769,South,56
B014811,High,2477028,Salaried,27,B,740,South,23
B014812,Lower-Middle,573657,Salaried,3,D,569,West,28
B014813,Upper-Middle,1709263,Salaried,29,B,781,West,61
B014814,Low,210963,Salaried,10,G,301,West,38
B014815,Low,206485,Salaried,2,D,576,East,57
B014816,Middle,916025,Self-Employed,29,D,607,North,45
B014817,Upper-Middle,1583930,Salaried,4,A,900,South,42
B014818,High,2103504,Salaried,24,C,696,North,29
B014819,Middle,759875,Salaried,12,E,491,North,26
B014820,Lower-Middle,449460,Salaried,21,D,560,West,22
B014821,Low,220899,Self-Employed,22,E,471,North,22
B014822,Middle,641078,Salaried,9,D,554,North,21
B014823,Lower-Middle,489228,Self-Employed,14,F,383,South,62
B014824,Upper-Middle,1509288,Salaried,5,C,669,East,32
B014825,Middle,913675,Salaried,6,E,484,North,59
B014826,Upper-Middle,1483829,Business Owner,12,C,664,North,34
B014827,Upper-Middle,1035475,Self-Employed,0,D,591,Central,43
B014828,Low,186641,Self-Employed,7,D,592,Central,41
B014829,Lower-Middle,460683,Salaried,26,C,675,South,57
B014830,Upper-Middle,1332264,Salaried,10,B,774,East,58
B014831,Lower-Middle,483388,Self-Employed,29,C,743,West,26
B014832,Middle,628536,Freelancer,24,B,774,South,39
B014833,Upper-Middle,1246162,Salaried,16,D,607,East,59
B014834,Lower-Middle,365138,Self-Employed,5,A,870,Central,24
B014835,Upper-Middle,1467392,Salaried,23,D,573,North,56
B014836,Lower-Middle,336971,Freelancer,7,C,693,North,35
B014837,Middle,735728,Salaried,19,A,833,Central,51
B014838,Lower-Middle,554821,Salaried,7,D,551,Central,34
B014839,Middle,882725,Salaried,15,C,698,West,44
B014840,Low,216695,Business Owner,27,D,633,Central,46
B014841,Low,225371,Business Owner,16,F,389,West,31
B014842,Lower-Middle,304561,Business Owner,3,F,415,West,49
B014843,Lower-Middle,544210,Business Owner,6,D,546,North,25
B014844,Middle,726750,Salaried,13,C,717,Central,21
B014845,Low,187256,Salaried,2,D,573,South,50
B014846,Low,197985,Freelancer,27,C,676,Central,44
B014847,Lower-Middle,359830,Salaried,2,C,664,North,46
B014848,Lower-Middle,545144,Salaried,25,B,758,East,31
B014849,Lower-Middle,317390,Salaried,23,F,362,West,22
B014850,Low,221155,Salaried,19,A,829,North,54
B014851,Middle,862712,Salaried,11,C,670,South,33
B014852,Upper-Middle,1040310,Self-Employed,20,B,770,North,35
B014853,Middle,810011,Self-Employed,8,A,876,East,59
B014854,Lower-Middle,421577,Salaried,21,B,762,North,61
B014855,Upper-Middle,1580308,Salaried,12,C,729,South,36
B014856,Middle,954081,Freelancer,3,D,594,East,38
B014857,Middle,613244,Business Owner,22,F,417,East,63
B014858,Lower-Middle,380554,Freelancer,1,D,562,North,36
B014859,Lower-Middle,494470,Salaried,13,E,517,Central,45
B014860,Middle,982487,Freelancer,0,D,594,East,26
B014861,Lower-Middle,585665,Freelancer,4,B,798,South,59
B014862,Middle,998527,Salaried,14,E,456,South,28
B014863,Lower-Middle,554900,Self-Employed,11,C,610,North,34
B014864,Low,167704,Salaried,21,E,492,Central,50
B014865,Low,271502,Self-Employed,18,A,868,West,58
B014866,Low,174786,Business Owner,14,C,694,North,46
B014867,Lower-Middle,452927,Salaried,23,C,672,Central,58
B014868,Low,235843,Salaried,0,C,725,West,45
B014869,Middle,850544,Salaried,7,D,577,West,41
B014870,Lower-Middle,337419,Business Owner,21,E,489,North,26
B014871,Middle,904607,Self-Employed,29,F,409,South,37
B014872,High,1954169,Salaried,11,E,465,East,25
B014873,Upper-Middle,1766431,Unemployed,14,E,490,West,32
B014874,Middle,806415,Salaried,24,E,475,South,40
B014875,Lower-Middle,397620,Salaried,16,D,595,Central,62
B014876,Middle,679200,Salaried,28,E,485,East,62
B014877,High,3832728,Business Owner,8,B,757,Central,46
B014878,Middle,885735,Business Owner,13,G,302,North,39
B014879,Low,233451,Business Owner,25,D,590,South,36
B014880,Upper-Middle,1578402,Freelancer,13,C,704,East,60
B014881,Low,279681,Salaried,11,C,650,West,37
B014882,Upper-Middle,1377140,Salaried,11,E,491,East,63
B014883,Low,294292,Self-Employed,0,D,600,South,41
B014884,Low,184396,Salaried,12,B,770,Central,25
B014885,Upper-Middle,1626226,Self-Employed,11,C,707,North,38
B014886,Middle,854170,Salaried,18,E,441,North,61
B014887,Middle,999928,Salaried,26,D,565,South,38
B014888,Upper-Middle,1682760,Salaried,22,B,758,North,52
B014889,Upper-Middle,1790400,Salaried,29,E,503,South,64
B014890,Middle,877558,Unemployed,11,D,575,Central,25
B014891,High,3065037,Salaried,12,B,753,East,59
B014892,Lower-Middle,433881,Freelancer,7,C,667,East,53
B014893,Low,214421,Salaried,16,C,662,South,49
B014894,Upper-Middle,1573223,Freelancer,3,D,612,West,42
B014895,Lower-Middle,345744,Self-Employed,7,G,320,South,51
B014896,Upper-Middle,1215767,Salaried,21,G,306,South,27
B014897,Low,215350,Salaried,3,D,589,North,61
B014898,Low,277069,Salaried,12,C,638,West,31
B014899,Low,152753,Business Owner,0,A,836,West,27
B014900,Middle,668439,Salaried,21,D,567,East,52
B014901,Upper-Middle,1685167,Salaried,10,D,608,South,24
B014902,Lower-Middle,452938,Self-Employed,10,D,615,Central,35
B014903,Low,210580,Self-Employed,3,G,300,Central,31
B014904,Lower-Middle,311212,Salaried,19,B,791,East,62
B014905,Lower-Middle,475066,Salaried,5,C,676,South,32
B014906,Middle,867934,Self-Employed,12,D,575,West,57
B014907,Middle,651458,Salaried,9,C,657,West,46
B014908,Low,248927,Self-Employed,28,B,754,South,45
B014909,Lower-Middle,586146,Salaried,23,D,576,Central,51
B014910,Middle,819542,Unemployed,14,A,815,South,48
B014911,Lower-Middle,367375,Self-Employed,25,C,665,North,32
B014912,Lower-Middle,531231,Self-Employed,20,G,311,South,61
B014913,Middle,659849,Business Owner,8,C,639,West,22
B014914,Lower-Middle,359786,Unemployed,17,B,748,East,35
B014915,Low,261500,Business Owner,2,E,479,West,34
B014916,Lower-Middle,560832,Self-Employed,24,B,727,East,56
B014917,Upper-Middle,1248130,Freelancer,7,B,790,North,42
B014918,Lower-Middle,465883,Salaried,21,G,310,West,40
B014919,Upper-Middle,1450322,Business Owner,12,E,448,West,21
B014920,Middle,895989,Self-Employed,12,C,686,Central,59
B014921,Middle,667196,Self-Employed,1,D,562,North,38
B014922,Upper-Middle,1064363,Freelancer,4,D,547,North,23
B014923,Lower-Middle,519681,Self-Employed,24,F,398,South,32
B014924,Lower-Middle,584617,Self-Employed,12,D,624,West,52
B014925,Low,293392,Freelancer,0,D,579,North,21
B014926,Middle,929060,Self-Employed,27,B,745,Central,56
B014927,Middle,968791,Salaried,25,B,777,Central,41
B014928,Upper-Middle,1191040,Salaried,22,A,830,West,47
B014929,Middle,611164,Salaried,15,D,619,Central,53
B014930,Lower-Middle,354357,Salaried,12,D,578,West,33
B014931,Lower-Middle,481956,Self-Employed,16,C,687,North,44
B014932,Lower-Middle,458103,Business Owner,11,B,717,Central,27
B014933,Upper-Middle,1772196,Salaried,5,C,671,West,43
B014934,Low,165439,Freelancer,1,B,733,Central,53
B014935,Upper-Middle,1172247,Business Owner,13,E,482,North,27
B014936,Low,152504,Unemployed,9,E,495,South,26
B014937,Middle,698678,Salaried,14,D,569,North,25
B014938,Low,210326,Salaried,19,F,388,West,58
B014939,Upper-Middle,1295664,Self-Employed,15,D,615,West,59
B014940,Lower-Middle,314353,Business Owner,27,D,523,East,43
B014941,Middle,831524,Freelancer,9,D,599,North,45
B014942,High,2409596,Freelancer,20,A,844,North,37
B014943,Middle,622976,Salaried,26,B,743,Central,43
B014944,Low,209909,Salaried,0,D,566,South,31
B014945,Upper-Middle,1742736,Self-Employed,16,B,766,Central,41
B014946,Lower-Middle,574423,Salaried,9,E,503,East,21
B014947,Low,180656,Freelancer,18,B,744,North,43
B014948,Middle,673451,Business Owner,23,C,677,East,60
B014949,Upper-Middle,1526051,Business Owner,16,D,529,Central,51
B014950,Lower-Middle,567498,Freelancer,24,B,784,East,47
B014951,Upper-Middle,1429480,Salaried,0,B,765,Central,31
B014952,Middle,835377,Salaried,2,D,544,West,51
B014953,Middle,841115,Self-Employed,25,B,788,Central,61
B014954,Lower-Middle,496423,Business Owner,7,B,769,Central,63
B014955,Middle,963259,Business Owner,20,A,855,West,62
B014956,Lower-Middle,494332,Salaried,9,D,559,South,30
B014957,Low,168676,Self-Employed,4,E,460,West,30
B014958,Lower-Middle,576063,Salaried,26,E,470,South,23
B014959,Upper-Middle,1327886,Salaried,12,C,740,West,60
B014960,Lower-Middle,302297,Unemployed,17,D,570,West,42
B014961,Lower-Middle,480367,Salaried,26,G,327,West,46
B014962,Low,281407,Salaried,5,C,689,South,39
B014963,Low,246226,Salaried,21,F,444,South,50
B014964,High,1851003,Freelancer,17,E,502,Central,23
B014965,Middle,810848,Salaried,25,B,729,South,35
B014966,Middle,905991,Salaried,21,C,660,West,41
B014967,Upper-Middle,1348513,Salaried,14,F,381,Central,27
B014968,Lower-Middle,367767,Self-Employed,10,B,771,South,44
B014969,Upper-Middle,1760544,Salaried,21,A,870,South,51
B014970,High,1924674,Business Owner,28,C,690,North,26
B014971,Upper-Middle,1037595,Business Owner,20,A,871,North,57
B014972,Middle,855173,Self-Employed,24,B,815,West,51
B014973,Lower-Middle,394374,Salaried,10,C,695,North,24
B014974,Upper-Middle,1731945,Salaried,18,E,454,South,36
B014975,Low,271534,Salaried,24,B,743,North,53
B014976,Upper-Middle,1385327,Salaried,11,E,533,North,45
B014977,Lower-Middle,441954,Business Owner,5,G,300,Central,22
B014978,Middle,925429,Salaried,0,C,677,South,49
B014979,Upper-Middle,1606940,Salaried,13,G,300,East,33
B014980,Middle,852776,Salaried,2,D,547,West,36
B014981,Low,252331,Salaried,27,A,858,Central,23
B014982,Middle,959103,Salaried,24,B,790,West,53
B014983,High,1994225,Salaried,20,D,575,East,33
B014984,Middle,681380,Business Owner,26,F,345,North,49
B014985,Upper-Middle,1254902,Salaried,12,A,846,East,40
B014986,Upper-Middle,1294722,Salaried,3,D,574,West,23
B014987,Upper-Middle,1101232,Freelancer,20,E,490,North,25
B014988,Lower-Middle,495245,Self-Employed,2,G,300,West,26
B014989,Middle,765566,Business Owner,3,F,361,North,22
B014990,Upper-Middle,1194592,Salaried,20,B,740,Central,22
B014991,High,3687274,Salaried,8,A,826,Central,22
B014992,Low,230276,Salaried,16,B,780,North,59
B014993,Lower-Middle,395683,Business Owner,5,C,671,Central,61
B014994,Lower-Middle,548100,Freelancer,11,F,419,South,36
B014995,Upper-Middle,1378685,Salaried,14,D,571,North,24
B014996,Upper-Middle,1335278,Salaried,9,F,386,Central,44
B014997,Middle,887960,Salaried,29,C,661,South,52
B014998,Low,290394,Salaried,7,C,650,East,44
B014999,Lower-Middle,515017,Salaried,17,C,684,Central,39
B015000,Upper-Middle,1731776,Unemployed,5,C,624,Central,41
B015001,Lower-Middle,598259,Salaried,15,E,482,East,25
B015002,Low,275666,Salaried,6,D,570,West,38
B015003,Lower-Middle,512530,Self-Employed,5,E,483,South,25
B015004,Upper-Middle,1390319,Salaried,9,E,500,North,36
B015005,Middle,752970,Unemployed,25,A,806,West,26
B015006,Low,253549,Salaried,15,B,770,East,32
B015007,Lower-Middle,440287,Freelancer,13,D,584,Central,29
B015008,High,2912805,Salaried,29,C,681,South,31
B015009,Lower-Middle,538447,Salaried,20,B,772,South,27
B015010,Lower-Middle,543263,Self-Employed,0,A,844,West,49
B015011,Low,183383,Freelancer,13,F,404,East,33
B015012,Lower-Middle,482949,Salaried,22,E,524,North,51
B015013,Upper-Middle,1776920,Salaried,7,C,626,West,43
B015014,Upper-Middle,1714875,Salaried,3,D,616,Central,31
B015015,Lower-Middle,310673,Salaried,10,B,815,West,29
B015016,Upper-Middle,1679730,Business Owner,16,B,782,West,27
B015017,Lower-Middle,562838,Freelancer,11,C,665,North,59
B015018,Upper-Middle,1217365,Self-Employed,5,C,670,East,54
B015019,Low,295290,Salaried,26,G,336,West,46
B015020,Lower-Middle,428556,Self-Employed,0,A,870,East,24
B015021,Upper-Middle,1599317,Self-Employed,6,D,589,Central,46
B015022,Upper-Middle,1033134,Salaried,3,E,465,Central,45
B015023,Upper-Middle,1130647,Salaried,7,A,887,East,63
B015024,Middle,764132,Self-Employed,6,D,597,Central,42
B015025,Upper-Middle,1078535,Business Owner,18,C,682,North,25
B015026,Middle,835727,Salaried,8,B,787,Central,51
B015027,Lower-Middle,377676,Business Owner,18,B,758,North,41
B015028,Middle,713730,Business Owner,5,E,500,Central,56
B015029,Middle,867955,Freelancer,28,C,657,East,64
B015030,Middle,800376,Unemployed,9,A,845,South,61
B015031,Upper-Middle,1173781,Salaried,14,C,685,Central,46
B015032,Middle,684411,Salaried,8,E,492,North,33
B015033,Low,199644,Business Owner,8,D,585,East,45
B015034,Lower-Middle,395225,Business Owner,27,G,305,South,22
B015035,Upper-Middle,1739932,Salaried,12,E,445,South,49
B015036,Low,262070,Self-Employed,22,B,793,Central,46
B015037,Upper-Middle,1214981,Freelancer,23,A,830,North,58
B015038,Low,292241,Salaried,5,C,692,Central,37
B015039,Lower-Middle,574811,Salaried,4,C,671,North,54
B015040,Upper-Middle,1684997,Salaried,19,D,591,South,40
B015041,Lower-Middle,519526,Salaried,6,D,575,South,45
B015042,Upper-Middle,1615612,Self-Employed,12,B,751,South,57
B015043,Low,221084,Salaried,27,G,300,South,35
B015044,Middle,717350,Business Owner,13,D,613,West,36
B015045,Middle,809572,Salaried,10,E,509,North,40
B015046,Upper-Middle,1609295,Business Owner,9,C,682,East,44
B015047,Low,207116,Salaried,21,D,599,East,23
B015048,Lower-Middle,398310,Business Owner,19,G,321,East,26
B015049,Middle,659980,Salaried,21,B,732,South,44
B015050,High,3481544,Self-Employed,0,C,685,Central,55
B015051,Upper-Middle,1530849,Salaried,4,D,570,South,23
B015052,Upper-Middle,1434641,Self-Employed,11,E,503,East,42
B015053,Middle,723000,Salaried,21,D,564,East,57
B015054,Middle,821734,Salaried,23,B,708,East,35
B015055,Upper-Middle,1043163,Business Owner,12,D,569,South,63
B015056,Upper-Middle,1121419,Salaried,29,D,568,West,40
B015057,Upper-Middle,1236904,Freelancer,16,A,885,South,51
B015058,Upper-Middle,1078813,Self-Employed,4,D,599,East,31
B015059,Upper-Middle,1023615,Salaried,26,D,655,Central,60
B015060,Low,183897,Freelancer,10,C,673,East,45
B015061,Lower-Middle,564525,Salaried,8,B,758,South,41
B015062,High,1813848,Business Owner,11,E,487,West,30
B015063,Middle,920318,Salaried,26,A,851,South,55
B015064,Low,235488,Self-Employed,16,C,673,Central,36
B015065,Middle,619630,Business Owner,12,E,474,Central,62
B015066,Middle,767414,Salaried,14,B,756,Central,24
B015067,Upper-Middle,1506765,Self-Employed,29,B,746,Central,64
B015068,Upper-Middle,1064892,Salaried,24,G,311,West,34
B015069,Low,166141,Self-Employed,3,D,624,West,21
B015070,Middle,643140,Salaried,19,C,701,South,37
B015071,Low,263146,Salaried,25,B,838,South,35
B015072,Upper-Middle,1069040,Salaried,24,A,855,Central,55
B015073,Low,243827,Self-Employed,8,E,524,West,63
B015074,Middle,719963,Unemployed,21,C,665,West,49
B015075,Middle,839139,Unemployed,16,B,775,South,47
B015076,Middle,609784,Business Owner,28,F,396,South,26
B015077,Middle,810159,Business Owner,17,D,636,South,31
B015078,Middle,928405,Freelancer,22,E,490,West,47
B015079,Middle,911477,Self-Employed,6,D,566,East,50
B015080,Low,229850,Salaried,2,F,409,East,40
B015081,Lower-Middle,363612,Self-Employed,19,C,660,West,57
B015082,Middle,904808,Salaried,20,B,814,Central,39
B015083,Lower-Middle,462938,Business Owner,26,A,860,Central,59
B015084,Upper-Middle,1231843,Salaried,0,A,900,South,25
B015085,Lower-Middle,578522,Salaried,14,E,498,East,59
B015086,Upper-Middle,1425808,Business Owner,5,D,588,East,46
B015087,Low,285631,Salaried,5,A,859,Central,63
B015088,Upper-Middle,1344284,Unemployed,28,B,769,West,28
B015089,Lower-Middle,436066,Freelancer,23,D,598,Central,26
B015090,Middle,743321,Self-Employed,28,C,684,South,33
B015091,Lower-Middle,413762,Self-Employed,18,E,473,East,46
B015092,Middle,736565,Salaried,3,F,403,East,57
B015093,Lower-Middle,527411,Salaried,24,E,485,East,55
B015094,Upper-Middle,1224119,Freelancer,11,B,750,East,23
B015095,Middle,689228,Salaried,1,D,543,Central,40
B015096,High,3728424,Salaried,29,D,548,South,55
B015097,Middle,991255,Salaried,29,E,483,East,54
B015098,Middle,806286,Self-Employed,2,B,754,North,38
B015099,Upper-Middle,1130300,Self-Employed,7,E,527,West,38
B015100,Lower-Middle,329813,Salaried,27,D,567,North,33
B015101,Middle,845348,Salaried,3,C,634,West,33
B015102,Lower-Middle,534202,Business Owner,29,C,640,West,43
B015103,Upper-Middle,1571670,Salaried,8,A,849,Central,41
B015104,Low,284293,Salaried,26,E,511,East,32
B015105,Lower-Middle,424574,Salaried,10,B,786,West,23
B015106,Middle,975657,Business Owner,24,C,667,Central,58
B015107,Middle,873048,Salaried,7,D,630,South,56
B015108,Lower-Middle,524206,Salaried,17,C,658,South,22
B015109,Middle,854724,Self-Employed,23,D,551,East,47
B015110,Upper-Middle,1065468,Salaried,27,C,661,North,50
B015111,Lower-Middle,562832,Freelancer,6,D,552,South,45
B015112,Lower-Middle,379570,Freelancer,3,A,841,East,56
B015113,High,2016411,Self-Employed,17,C,664,South,48
B015114,High,3796453,Salaried,3,D,621,North,30
B015115,Low,191222,Salaried,7,F,375,West,37
B015116,Middle,995522,Self-Employed,20,B,812,South,54
B015117,Low,278742,Salaried,6,C,679,North,64
B015118,High,3255948,Self-Employed,0,B,809,West,40
B015119,Lower-Middle,566712,Salaried,4,B,783,South,38
B015120,Lower-Middle,544468,Self-Employed,19,C,657,East,64
B015121,Lower-Middle,496880,Salaried,1,F,393,West,31
B015122,Middle,833790,Salaried,18,C,667,South,37
B015123,Low,260798,Salaried,7,C,662,East,57
B015124,Upper-Middle,1151593,Salaried,18,G,351,West,35
B015125,Middle,864238,Salaried,28,E,482,West,49
B015126,Middle,623206,Salaried,5,C,624,South,60
B015127,Upper-Middle,1698883,Unemployed,9,E,485,South,64
B015128,Lower-Middle,511143,Salaried,27,D,575,North,50
B015129,Low,168610,Salaried,11,E,484,North,25
B015130,Lower-Middle,589052,Self-Employed,22,B,762,South,54
B015131,Upper-Middle,1768110,Salaried,17,D,587,Central,60
B015132,Low,234896,Freelancer,8,E,529,Central,39
B015133,Upper-Middle,1005404,Salaried,28,G,324,Central,54
B015134,Middle,946365,Freelancer,17,D,527,South,42
B015135,Middle,960070,Self-Employed,19,B,732,East,64
B015136,Middle,655451,Salaried,11,G,302,South,64
B015137,Low,222057,Salaried,21,C,687,South,47
B015138,Lower-Middle,579530,Salaried,22,D,589,North,44
B015139,Upper-Middle,1675172,Self-Employed,16,B,734,Central,52
B015140,Lower-Middle,586338,Salaried,14,E,506,West,53
B015141,Middle,884623,Self-Employed,13,D,595,West,28
B015142,High,2360239,Self-Employed,8,G,337,South,64
B015143,Low,256743,Salaried,17,D,568,Central,49
B015144,Lower-Middle,429493,Self-Employed,24,B,778,South,52
B015145,Lower-Middle,511556,Freelancer,28,E,497,North,27
B015146,Low,221227,Salaried,11,B,722,East,52
B015147,High,3675575,Salaried,26,C,691,Central,30
B015148,High,3147598,Salaried,29,F,402,West,26
B015149,Lower-Middle,413690,Salaried,15,G,326,Central,57
B015150,High,2388191,Salaried,11,E,435,East,30
B015151,Low,258797,Salaried,15,B,756,South,33
B015152,High,3731271,Business Owner,17,E,475,East,55
B015153,Upper-Middle,1752722,Salaried,14,D,610,East,38
B015154,Lower-Middle,570314,Self-Employed,11,C,664,Central,64
B015155,Middle,610830,Salaried,28,C,671,South,43
B015156,Upper-Middle,1486649,Salaried,16,C,665,South,40
B015157,Lower-Middle,515507,Salaried,0,C,680,East,50
B015158,Lower-Middle,365323,Salaried,29,D,581,East,54
B015159,Middle,722939,Salaried,3,A,837,East,46
B015160,Low,258399,Salaried,3,E,503,North,21
B015161,Low,290160,Self-Employed,13,F,400,Central,29
B015162,Lower-Middle,358826,Salaried,24,C,659,East,26
B015163,Upper-Middle,1596678,Salaried,24,F,390,East,45
B015164,Lower-Middle,427721,Salaried,26,E,511,East,24
B015165,Middle,724346,Salaried,17,E,499,Central,58
B015166,Lower-Middle,388279,Salaried,20,F,367,West,25
B015167,Lower-Middle,547031,Salaried,7,C,669,East,47
B015168,Middle,623222,Self-Employed,14,E,529,East,23
B015169,Low,262252,Self-Employed,29,B,744,South,59
B015170,Middle,704241,Freelancer,16,G,314,North,22
B015171,Lower-Middle,394867,Business Owner,5,D,556,Central,51
B015172,Middle,884920,Salaried,20,D,570,Central,50
B015173,Lower-Middle,447050,Salaried,21,C,665,South,43
B015174,Upper-Middle,1046170,Freelancer,28,A,865,South,40
B015175,Low,268652,Salaried,26,B,747,Central,61
B015176,Upper-Middle,1363855,Salaried,10,B,798,South,44
B015177,Lower-Middle,417944,Self-Employed,25,C,645,West,27
B015178,Low,233064,Self-Employed,27,C,678,Central,35
B015179,Middle,869287,Salaried,26,F,363,Central,46
B015180,Lower-Middle,584121,Salaried,8,E,493,West,38
B015181,Middle,625757,Salaried,12,D,607,North,37
B015182,Upper-Middle,1539496,Salaried,13,E,498,Central,28
B015183,Upper-Middle,1123454,Salaried,27,D,550,North,31
B015184,Middle,601562,Self-Employed,13,F,451,South,49
B015185,High,3621600,Salaried,8,E,516,North,58
B015186,Middle,981201,Salaried,5,E,482,North,26
B015187,Low,196025,Salaried,17,C,673,North,30
B015188,Upper-Middle,1368260,Freelancer,5,E,494,East,59
B015189,Lower-Middle,476504,Salaried,1,E,451,North,37
B015190,Low,240524,Salaried,25,A,832,South,33
B015191,Low,275046,Self-Employed,4,A,851,North,44
B015192,Lower-Middle,403190,Salaried,29,F,435,West,32
B015193,Lower-Middle,482564,Salaried,14,G,300,West,59
B015194,Lower-Middle,326191,Salaried,28,D,575,South,29
B015195,Middle,928896,Unemployed,15,B,783,Central,47
B015196,Upper-Middle,1530914,Self-Employed,6,C,687,North,25
B015197,High,3119834,Self-Employed,14,A,885,North,60
B015198,Low,158614,Freelancer,8,E,508,East,32
B015199,Low,157504,Self-Employed,8,B,768,Central,55
B015200,Middle,633721,Salaried,3,C,678,South,64
B015201,Low,184711,Salaried,16,D,613,Central,45
B015202,Lower-Middle,428379,Salaried,20,D,564,South,22
B015203,Middle,774907,Salaried,19,F,419,West,37
B015204,Upper-Middle,1125341,Business Owner,0,C,659,South,42
B015205,Lower-Middle,433160,Salaried,3,B,751,East,25
B015206,Middle,806389,Salaried,20,B,766,South,36
B015207,Middle,640031,Salaried,16,D,580,South,45
B015208,Upper-Middle,1099388,Salaried,7,B,746,East,55
B015209,Lower-Middle,523136,Unemployed,17,D,576,South,29
B015210,Upper-Middle,1797950,Salaried,21,C,669,East,48
B015211,Upper-Middle,1148872,Salaried,7,C,684,East,51
B015212,Lower-Middle,439132,Self-Employed,5,C,670,East,22
B015213,Middle,675034,Business Owner,2,F,410,North,39
B015214,Middle,623735,Salaried,27,E,499,East,24
B015215,Lower-Middle,354073,Salaried,6,D,566,West,57
B015216,Middle,743960,Self-Employed,3,C,679,North,49
B015217,Lower-Middle,464490,Salaried,11,C,608,South,46
B015218,Upper-Middle,1419081,Self-Employed,1,C,718,North,51
B015219,Low,217557,Self-Employed,4,E,544,South,62
B015220,Middle,743762,Business Owner,3,C,675,Central,49
B015221,Lower-Middle,414872,Freelancer,19,A,835,North,32
B015222,Middle,600890,Freelancer,7,F,412,South,49
B015223,Middle,689331,Salaried,5,D,547,North,56
B015224,Middle,669658,Business Owner,20,B,794,Central,57
B015225,Middle,833083,Self-Employed,16,B,773,East,44
B015226,Lower-Middle,434054,Salaried,13,C,653,North,37
B015227,Lower-Middle,365684,Freelancer,0,D,550,South,40
B015228,Upper-Middle,1105262,Freelancer,13,F,340,West,35
B015229,Low,251377,Business Owner,5,A,861,West,30
B015230,Upper-Middle,1720155,Salaried,17,C,631,West,57
B015231,Middle,702203,Salaried,2,B,750,East,62
B015232,Upper-Middle,1491647,Freelancer,20,C,669,East,35
B015233,Lower-Middle,348395,Unemployed,13,E,477,Central,46
B015234,Middle,696648,Salaried,21,B,726,South,63
B015235,Low,177506,Salaried,13,F,401,Central,37
B015236,High,2992625,Self-Employed,12,B,761,Central,52
B015237,Middle,616966,Salaried,28,E,487,Central,56
B015238,Middle,786040,Self-Employed,3,D,623,West,51
B015239,Upper-Middle,1720795,Freelancer,17,D,627,South,43
B015240,Lower-Middle,341924,Salaried,2,E,486,West,60
B015241,Middle,836306,Business Owner,3,D,601,East,36
B015242,Upper-Middle,1033349,Self-Employed,7,E,478,Central,54
B015243,Low,232566,Salaried,3,D,543,Central,31
B015244,High,3544515,Salaried,5,E,500,North,22
B015245,Upper-Middle,1155839,Self-Employed,23,A,815,West,57
B015246,High,2642626,Business Owner,11,D,607,West,41
B015247,Upper-Middle,1333233,Self-Employed,22,F,399,West,50
B015248,Lower-Middle,558748,Freelancer,29,D,572,Central,37
B015249,Middle,616946,Salaried,6,E,465,North,41
B015250,Low,197544,Freelancer,9,G,310,Central,39
B015251,Upper-Middle,1077838,Self-Employed,7,B,750,North,46
B015252,Low,248858,Salaried,28,D,540,North,33
B015253,Upper-Middle,1410419,Salaried,0,F,394,West,30
B015254,Lower-Middle,460000,Salaried,19,A,850,Central,30
B015255,Low,176259,Salaried,6,B,772,Central,47
B015256,Low,205574,Freelancer,1,B,747,North,44
B015257,Middle,949734,Business Owner,15,F,397,Central,63
B015258,Lower-Middle,485458,Salaried,22,G,300,West,53
B015259,Lower-Middle,558477,Salaried,26,F,388,East,32
B015260,Low,244556,Salaried,21,C,661,West,29
B015261,Lower-Middle,472227,Freelancer,0,D,586,South,29
B015262,High,3776885,Business Owner,21,B,751,East,33
B015263,Middle,800343,Salaried,2,G,302,South,54
B015264,Lower-Middle,515401,Salaried,4,F,425,South,50
B015265,Low,167864,Salaried,3,D,581,West,33
B015266,Low,177711,Salaried,0,B,782,South,50
B015267,Lower-Middle,436419,Salaried,27,F,361,West,30
B015268,Low,201505,Salaried,24,F,441,South,24
B015269,Low,185022,Business Owner,24,G,318,Central,38
B015270,Low,199488,Salaried,22,D,577,North,24
B015271,Lower-Middle,505046,Unemployed,15,C,689,South,56
B015272,Upper-Middle,1513630,Business Owner,17,C,710,South,42
B015273,Low,167542,Salaried,18,D,558,East,48
B015274,Middle,993969,Salaried,22,F,351,East,57
B015275,Middle,879749,Self-Employed,2,B,765,North,52
B015276,Upper-Middle,1178727,Self-Employed,17,D,541,East,30
B015277,Lower-Middle,326123,Salaried,8,F,375,East,37
B015278,Upper-Middle,1711227,Freelancer,17,C,721,East,64
B015279,Upper-Middle,1290279,Business Owner,6,D,552,East,42
B015280,High,2306388,Self-Employed,28,E,457,West,64
B015281,Upper-Middle,1225509,Salaried,0,D,598,West,45
B015282,Low,190225,Salaried,4,D,599,North,47
B015283,High,3506829,Salaried,26,E,524,West,47
B015284,Upper-Middle,1515702,Salaried,8,B,723,Central,63
B015285,Lower-Middle,404087,Business Owner,15,E,482,East,47
B015286,Low,199575,Salaried,3,F,416,South,38
B015287,High,3905080,Salaried,19,B,749,East,40
B015288,Low,246620,Business Owner,6,A,884,North,43
B015289,Upper-Middle,1579194,Self-Employed,22,A,838,East,30
B015290,Lower-Middle,389415,Salaried,25,E,482,North,51
B015291,Middle,996101,Self-Employed,12,C,661,South,37
B015292,Low,261962,Self-Employed,21,C,699,Central,24
B015293,Middle,696151,Salaried,11,E,500,Central,38
B015294,Middle,968834,Salaried,17,D,571,East,54
B015295,Upper-Middle,1310871,Self-Employed,0,D,560,Central,54
B015296,Lower-Middle,320388,Self-Employed,6,E,493,South,62
B015297,Low,206275,Salaried,14,C,679,South,62
B015298,Lower-Middle,542962,Salaried,14,F,406,Central,46
B015299,Low,214925,Self-Employed,8,D,580,West,45
B015300,High,2945590,Salaried,16,C,677,East,30
B015301,Low,222392,Freelancer,7,C,654,South,62
B015302,Lower-Middle,586551,Salaried,3,E,494,West,26
B015303,Upper-Middle,1035014,Business Owner,26,D,576,Central,64
B015304,Lower-Middle,382441,Unemployed,2,E,464,South,30
B015305,Lower-Middle,533550,Salaried,5,D,581,West,60
B015306,Middle,624005,Self-Employed,5,F,401,South,29
B015307,Lower-Middle,403770,Salaried,28,C,638,South,53
B015308,Upper-Middle,1694353,Self-Employed,23,E,513,South,58
B015309,Middle,639711,Unemployed,24,C,659,Central,52
B015310,Lower-Middle,349427,Unemployed,17,B,761,South,27
B015311,Middle,730524,Salaried,24,D,561,East,62
B015312,Upper-Middle,1576551,Business Owner,19,B,756,Central,63
B015313,Lower-Middle,410375,Business Owner,23,A,900,East,49
B015314,Upper-Middle,1662792,Salaried,3,C,682,North,55
B015315,Lower-Middle,301297,Business Owner,7,G,304,Central,39
B015316,Middle,625821,Salaried,9,F,370,North,53
B015317,Upper-Middle,1672679,Unemployed,19,G,301,Central,64
B015318,Low,207537,Freelancer,7,A,838,South,48
B015319,Middle,801406,Salaried,2,B,770,West,33
B015320,Low,285879,Salaried,23,B,743,West,22
B015321,Middle,653611,Freelancer,11,E,509,South,50
B015322,Middle,851134,Salaried,4,G,304,South,52
B015323,Lower-Middle,523887,Salaried,27,C,634,North,56
B015324,Low,219136,Salaried,8,D,607,South,37
B015325,High,2347095,Salaried,20,A,840,North,53
B015326,Lower-Middle,305912,Salaried,20,D,560,North,26
B015327,Lower-Middle,471687,Salaried,24,F,399,East,55
B015328,Low,178039,Unemployed,19,D,590,Central,57
B015329,Middle,697407,Business Owner,16,D,567,South,33
B015330,Lower-Middle,400897,Business Owner,26,D,596,West,35
B015331,Upper-Middle,1468386,Salaried,0,C,647,South,57
B015332,Middle,954197,Self-Employed,25,C,699,West,47
B015333,Low,261602,Salaried,27,E,450,East,43
B015334,Middle,822084,Self-Employed,25,D,566,West,27
B015335,Lower-Middle,330515,Freelancer,20,C,696,West,56
B015336,Low,177300,Salaried,22,D,566,Central,26
B015337,Middle,707357,Freelancer,25,B,750,East,39
B015338,Lower-Middle,478322,Freelancer,4,A,811,South,40
B015339,Upper-Middle,1543238,Salaried,19,B,784,North,52
B015340,Middle,715849,Unemployed,16,F,398,West,22
B015341,Lower-Middle,468063,Freelancer,22,B,778,South,21
B015342,High,3421062,Salaried,3,G,319,North,48
B015343,Middle,830456,Salaried,2,C,626,East,36
B015344,Low,295659,Self-Employed,14,C,624,Central,24
B015345,Middle,679630,Business Owner,2,E,475,South,55
B015346,High,3263815,Salaried,23,B,804,East,43
B015347,Lower-Middle,314597,Salaried,7,F,392,East,48
B015348,Lower-Middle,320041,Self-Employed,15,D,623,West,36
B015349,Middle,601311,Salaried,1,A,815,Central,30
B015350,Lower-Middle,395205,Salaried,10,G,325,East,35
B015351,Low,154441,Salaried,20,C,686,East,60
B015352,Middle,946126,Business Owner,29,B,727,East,54
B015353,Upper-Middle,1403028,Salaried,19,F,353,West,58
B015354,Upper-Middle,1569039,Self-Employed,9,C,706,West,41
B015355,Low,254614,Self-Employed,17,E,467,South,59
B015356,Lower-Middle,567320,Freelancer,5,A,880,South,29
B015357,Low,165401,Unemployed,14,F,382,West,50
B015358,Lower-Middle,313070,Freelancer,15,C,696,East,38
B015359,Middle,885214,Self-Employed,3,B,756,West,29
B015360,Lower-Middle,546434,Salaried,13,G,332,North,37
B015361,Upper-Middle,1009469,Salaried,22,E,508,Central,50
B015362,Middle,816429,Salaried,10,E,527,Central,44
B015363,Middle,759613,Salaried,2,D,615,Central,60
B015364,Upper-Middle,1729067,Salaried,8,D,598,North,49
B015365,Middle,879116,Salaried,22,C,662,East,45
B015366,Upper-Middle,1784749,Salaried,29,D,536,West,34
B015367,Upper-Middle,1281530,Self-Employed,26,C,666,South,56
B015368,Middle,656457,Freelancer,10,C,663,Central,34
B015369,Lower-Middle,523745,Salaried,15,A,888,North,27
B015370,Lower-Middle,525249,Salaried,16,E,524,West,55
B015371,Upper-Middle,1336504,Self-Employed,20,B,763,East,52
B015372,Low,178571,Salaried,2,C,684,East,28
B015373,High,1971652,Freelancer,14,D,625,West,64
B015374,Lower-Middle,492170,Salaried,13,A,832,East,49
B015375,Upper-Middle,1158945,Salaried,6,C,677,North,44
B015376,Lower-Middle,322432,Business Owner,15,C,651,East,64
B015377,High,3201490,Salaried,1,B,778,Central,53
B015378,Low,243610,Self-Employed,10,E,478,North,55
B015379,Lower-Middle,459140,Salaried,20,D,536,North,46
B015380,Upper-Middle,1604889,Salaried,1,C,700,West,32
B015381,Lower-Middle,407157,Salaried,3,B,758,North,24
B015382,Lower-Middle,455185,Business Owner,15,D,615,Central,22
B015383,Upper-Middle,1763103,Salaried,15,C,701,East,31
B015384,Upper-Middle,1215411,Salaried,1,B,768,West,33
B015385,Low,168855,Self-Employed,6,D,544,West,34
B015386,Middle,753482,Self-Employed,6,D,591,Central,21
B015387,Lower-Middle,451082,Salaried,0,A,841,Central,34
B015388,Lower-Middle,541523,Freelancer,28,A,900,Central,46
B015389,Middle,794813,Self-Employed,24,E,505,West,43
B015390,Low,248782,Freelancer,10,B,798,South,41
B015391,Middle,839786,Salaried,12,B,767,South,60
B015392,Lower-Middle,435659,Self-Employed,12,G,346,South,47
B015393,Upper-Middle,1638712,Salaried,0,B,777,Central,46
B015394,Middle,647509,Salaried,15,D,572,East,55
B015395,Lower-Middle,525851,Salaried,8,E,520,North,60
B015396,High,3177259,Salaried,26,C,631,North,31
B015397,Upper-Middle,1756366,Freelancer,16,C,708,East,59
B015398,Lower-Middle,386893,Business Owner,7,D,620,North,37
B015399,High,2176619,Salaried,19,B,775,West,60
B015400,Lower-Middle,387071,Salaried,28,C,658,North,41
B015401,Lower-Middle,372658,Salaried,26,G,300,West,51
B015402,Lower-Middle,558522,Self-Employed,22,C,692,East,54
B015403,Low,246320,Salaried,15,E,506,West,38
B015404,Middle,803092,Business Owner,3,D,532,East,41
B015405,Middle,898670,Salaried,9,D,570,South,36
B015406,Upper-Middle,1049280,Self-Employed,22,C,630,North,30
B015407,Lower-Middle,413546,Freelancer,7,D,579,East,64
B015408,Low,202069,Salaried,21,D,566,North,60
B015409,Lower-Middle,576306,Freelancer,23,D,581,Central,24
B015410,Low,198836,Freelancer,18,E,463,West,23
B015411,High,2461477,Self-Employed,11,F,434,Central,56
B015412,Middle,976115,Salaried,11,B,718,East,49
B015413,Upper-Middle,1661476,Self-Employed,23,B,783,Central,53
B015414,Upper-Middle,1591141,Salaried,23,E,518,West,34
B015415,Lower-Middle,316740,Freelancer,2,B,728,Central,46
B015416,Low,187181,Self-Employed,25,F,389,South,42
B015417,Lower-Middle,359358,Business Owner,19,B,762,West,22
B015418,Upper-Middle,1679482,Self-Employed,2,A,805,East,63
B015419,Lower-Middle,580473,Salaried,3,B,755,West,63
B015420,Low,251587,Salaried,11,A,813,South,47
B015421,Middle,941942,Freelancer,24,E,485,South,26
B015422,Lower-Middle,443678,Salaried,16,C,654,Central,50
B015423,Middle,654205,Salaried,16,F,405,East,31
B015424,Low,260827,Freelancer,29,C,660,Central,49
B015425,Middle,953248,Salaried,1,E,498,South,29
B015426,Lower-Middle,559658,Freelancer,14,D,562,South,52
B015427,Upper-Middle,1164133,Salaried,4,C,585,East,40
B015428,Middle,984100,Business Owner,9,F,393,North,40
B015429,Low,216269,Self-Employed,1,C,633,East,64
B015430,Upper-Middle,1395299,Salaried,2,D,604,North,21
B015431,Upper-Middle,1396164,Salaried,27,C,639,North,61
B015432,Middle,689975,Salaried,18,C,696,North,60
B015433,High,2880411,Self-Employed,28,A,864,South,62
B015434,Upper-Middle,1463509,Salaried,24,C,674,West,45
B015435,Lower-Middle,580629,Salaried,11,F,430,South,21
B015436,Lower-Middle,588087,Self-Employed,29,E,428,North,61
B015437,Lower-Middle,367061,Freelancer,1,F,397,Central,50
B015438,Middle,655376,Salaried,19,E,489,North,53
B015439,High,2263358,Self-Employed,0,D,569,West,32
B015440,Middle,723134,Freelancer,18,F,400,East,54
B015441,Lower-Middle,462103,Self-Employed,20,D,574,North,28
B015442,High,2794573,Freelancer,16,F,365,West,49
B015443,Middle,603711,Self-Employed,9,C,682,North,51
B015444,Lower-Middle,314705,Self-Employed,22,D,567,North,63
B015445,Upper-Middle,1583734,Business Owner,20,C,677,North,59
B015446,Lower-Middle,546973,Salaried,15,A,851,North,55
B015447,Middle,914767,Self-Employed,12,B,784,South,52
B015448,Middle,601903,Self-Employed,8,F,445,North,40
B015449,High,2817818,Salaried,13,D,536,North,48
B015450,Lower-Middle,580493,Salaried,10,A,878,North,33
B015451,Lower-Middle,598235,Business Owner,20,G,327,South,55
B015452,Middle,991995,Salaried,21,F,409,North,38
B015453,Upper-Middle,1702257,Salaried,26,E,514,South,58
B015454,Low,245799,Salaried,24,C,714,West,28
B015455,Lower-Middle,562543,Salaried,14,C,655,North,25
B015456,High,3802462,Salaried,18,F,483,Central,31
B015457,Upper-Middle,1462737,Salaried,29,A,818,East,40
B015458,Lower-Middle,340363,Salaried,21,B,752,South,28
B015459,Lower-Middle,352514,Salaried,4,B,776,North,44
B015460,Middle,874124,Freelancer,0,E,477,North,23
B015461,Middle,854483,Freelancer,19,C,668,West,55
B015462,Middle,767085,Salaried,28,F,414,North,38
B015463,Upper-Middle,1089057,Salaried,22,E,496,East,57
B015464,Low,183000,Salaried,5,G,354,North,54
B015465,Upper-Middle,1798026,Salaried,0,C,705,East,60
B015466,Low,151284,Business Owner,7,C,657,Central,24
B015467,Upper-Middle,1665325,Self-Employed,21,D,588,Central,44
B015468,Low,242035,Self-Employed,7,G,334,East,49
B015469,Low,156230,Freelancer,10,C,618,South,30
B015470,Lower-Middle,427342,Business Owner,8,C,676,South,64
B015471,Lower-Middle,544380,Salaried,22,D,571,South,59
B015472,Lower-Middle,485116,Self-Employed,5,D,579,South,40
B015473,Middle,970322,Salaried,11,B,807,West,63
B015474,Upper-Middle,1769386,Self-Employed,0,C,692,North,33
B015475,Middle,930802,Salaried,6,C,682,Central,63
B015476,Middle,890198,Salaried,28,C,652,North,48
B015477,Lower-Middle,332487,Salaried,4,B,790,West,21
B015478,Upper-Middle,1612309,Salaried,12,D,553,West,51
B015479,Low,245547,Salaried,7,B,757,West,56
B015480,Lower-Middle,413741,Business Owner,4,A,861,West,33
B015481,Low,268141,Salaried,7,D,587,East,49
B015482,Lower-Middle,433101,Unemployed,13,A,841,North,38
B015483,Middle,881125,Salaried,1,D,563,West,64
B015484,Low,256381,Freelancer,16,D,625,South,62
B015485,Low,264214,Salaried,12,D,549,South,45
B015486,Upper-Middle,1278129,Salaried,22,A,874,Central,44
B015487,Low,177659,Salaried,18,B,754,North,24
B015488,Middle,891160,Salaried,15,D,557,East,64
B015489,Lower-Middle,419191,Salaried,13,A,843,South,49
B015490,Upper-Middle,1778948,Self-Employed,19,B,754,North,43
B015491,Middle,998880,Salaried,20,E,462,Central,36
B015492,Low,291729,Salaried,5,B,796,West,28
B015493,Upper-Middle,1376207,Salaried,11,D,587,East,30
B015494,Lower-Middle,583611,Self-Employed,25,A,825,Central,56
B015495,Lower-Middle,311333,Salaried,18,B,741,South,33
B015496,Middle,858462,Salaried,25,F,354,South,58
B015497,Middle,991122,Salaried,4,E,498,North,64
B015498,Lower-Middle,303614,Business Owner,2,B,751,West,22
B015499,Lower-Middle,528313,Self-Employed,21,B,722,Central,56
B015500,Low,239066,Salaried,11,C,646,Central,31
B015501,Middle,627274,Self-Employed,12,D,564,North,43
B015502,High,2265144,Salaried,24,D,558,South,40
B015503,Lower-Middle,340675,Salaried,5,C,734,Central,36
B015504,High,3435975,Business Owner,8,F,425,Central,61
B015505,Low,267353,Business Owner,7,E,458,South,30
B015506,Upper-Middle,1778659,Salaried,2,D,595,East,59
B015507,High,3501574,Self-Employed,27,F,395,East,59
B015508,Middle,912934,Salaried,1,C,674,North,49
B015509,Low,215860,Business Owner,23,C,661,South,53
B015510,Lower-Middle,346217,Self-Employed,5,C,686,West,54
B015511,Low,213494,Business Owner,9,B,794,West,51
B015512,Middle,642205,Salaried,6,B,763,North,27
B015513,High,3663439,Salaried,2,F,376,East,37
B015514,Lower-Middle,433451,Salaried,22,E,491,South,45
B015515,Low,269105,Salaried,3,D,600,West,42
B015516,Lower-Middle,585867,Salaried,0,D,603,West,55
B015517,Middle,741325,Self-Employed,10,B,753,West,62
B015518,Middle,682978,Self-Employed,16,A,814,East,31
B015519,Lower-Middle,373553,Self-Employed,5,C,699,South,56
B015520,Upper-Middle,1594589,Self-Employed,27,D,576,North,26
B015521,Low,186191,Salaried,7,D,590,West,63
B015522,Middle,733935,Salaried,28,D,629,Central,47
B015523,Lower-Middle,483117,Salaried,6,F,414,East,63
B015524,Low,216884,Business Owner,18,B,777,North,61
B015525,Middle,685216,Salaried,3,C,666,East,21
B015526,Middle,793044,Salaried,11,A,868,North,63
B015527,Lower-Middle,433417,Salaried,24,F,346,Central,64
B015528,Upper-Middle,1523819,Self-Employed,9,C,614,West,39
B015529,Middle,761594,Freelancer,7,C,675,Central,40
B015530,Lower-Middle,542607,Freelancer,15,G,300,West,41
B015531,High,2319168,Salaried,9,C,712,Central,45
B015532,High,2912008,Self-Employed,25,C,696,East,48
B015533,Low,270210,Salaried,8,B,801,Central,24
B015534,High,2390552,Business Owner,7,C,661,East,22
B015535,Upper-Middle,1189246,Salaried,11,D,588,South,23
B015536,Low,235969,Salaried,5,F,398,Central,44
B015537,Middle,815596,Salaried,17,B,752,South,45
B015538,Low,292839,Salaried,5,D,555,South,48
B015539,Middle,922012,Freelancer,8,A,843,East,31
B015540,High,2475776,Salaried,14,E,470,East,26
B015541,Lower-Middle,342604,Freelancer,8,C,682,East,33
B015542,Middle,700379,Salaried,10,A,836,West,57
B015543,Lower-Middle,421364,Salaried,6,C,702,East,40
B015544,Middle,636076,Business Owner,27,F,379,Central,44
B015545,Upper-Middle,1213677,Self-Employed,16,B,753,Central,25
B015546,Lower-Middle,540674,Freelancer,12,C,679,West,59
B015547,Middle,831005,Self-Employed,6,B,758,South,28
B015548,Lower-Middle,311598,Salaried,20,G,300,North,45
B015549,Upper-Middle,1007232,Salaried,16,C,689,North,64
B015550,Middle,753867,Freelancer,25,F,392,West,34
B015551,Middle,616837,Self-Employed,0,A,877,North,41
B015552,Lower-Middle,392186,Self-Employed,24,C,668,West,37
B015553,Middle,691999,Business Owner,22,C,685,East,33
B015554,Middle,793239,Salaried,5,B,771,West,63
B015555,Middle,822292,Freelancer,15,D,539,Central,53
B015556,Middle,873517,Salaried,21,C,716,North,40
B015557,Upper-Middle,1339009,Business Owner,19,B,721,East,47
B015558,Lower-Middle,479954,Self-Employed,18,C,696,Central,43
B015559,Low,242478,Salaried,4,D,570,South,62
B015560,High,2528088,Business Owner,13,C,669,West,54
B015561,Low,193888,Business Owner,25,C,654,West,34
B015562,Upper-Middle,1533775,Salaried,24,E,514,Central,56
B015563,Middle,690353,Self-Employed,3,D,561,North,39
B015564,High,1935788,Salaried,10,D,552,Central,61
B015565,Middle,621448,Business Owner,25,B,794,North,21
B015566,Upper-Middle,1268097,Business Owner,1,E,524,North,51
B015567,Middle,990725,Salaried,17,A,847,North,48
B015568,Middle,797701,Salaried,0,B,730,West,34
B015569,Lower-Middle,394288,Salaried,28,C,658,North,48
B015570,Low,250334,Business Owner,19,F,389,West,27
B015571,Lower-Middle,342548,Freelancer,25,A,875,South,28
B015572,High,3711524,Self-Employed,13,C,710,West,41
B015573,Lower-Middle,598389,Business Owner,0,B,774,West,58
B015574,Upper-Middle,1498948,Self-Employed,23,B,756,South,25
B015575,Middle,648023,Salaried,29,C,642,Central,32
B015576,Lower-Middle,577515,Unemployed,26,A,864,South,61
B015577,High,2044017,Salaried,4,E,508,North,40
B015578,Low,169932,Salaried,18,A,816,West,64
B015579,Middle,886922,Salaried,3,D,576,North,30
B015580,Middle,889738,Salaried,16,B,778,South,43
B015581,Low,183898,Self-Employed,11,B,751,East,36
B015582,Lower-Middle,505312,Salaried,5,C,671,Central,22
B015583,Middle,970790,Salaried,16,C,693,West,60
B015584,Low,275133,Salaried,16,A,851,West,34
B015585,Upper-Middle,1212260,Salaried,15,A,793,East,24
B015586,Middle,737847,Salaried,15,C,699,South,38
B015587,Low,296335,Freelancer,10,E,501,Central,44
B015588,Lower-Middle,439208,Self-Employed,18,E,451,North,38
B015589,Low,278775,Business Owner,0,A,873,North,34
B015590,Upper-Middle,1024983,Salaried,14,B,738,North,51
B015591,Middle,613023,Salaried,15,C,692,West,51
B015592,Low,174963,Self-Employed,17,D,546,South,64
B015593,Middle,709003,Salaried,27,C,685,North,26
B015594,Middle,953802,Salaried,22,B,766,North,22
B015595,Middle,657335,Self-Employed,23,D,555,West,58
B015596,Low,273150,Business Owner,26,D,581,East,63
B015597,Low,253736,Freelancer,28,D,619,East,49
B015598,Lower-Middle,440835,Salaried,15,D,629,West,61
B015599,Middle,809814,Self-Employed,14,A,843,East,47
B015600,Middle,832063,Salaried,25,C,696,Central,58
B015601,Lower-Middle,391319,Business Owner,25,D,541,East,42
B015602,Lower-Middle,539117,Freelancer,17,D,614,West,40
B015603,Middle,667120,Self-Employed,23,B,786,South,45
B015604,Low,174983,Salaried,10,C,712,East,38
B015605,Middle,847037,Business Owner,6,B,747,North,37
B015606,Lower-Middle,396101,Self-Employed,11,F,387,South,42
B015607,Lower-Middle,304175,Freelancer,20,C,699,Central,49
B015608,Middle,857086,Self-Employed,22,F,409,Central,49
B015609,Lower-Middle,541571,Freelancer,14,F,401,East,21
B015610,Middle,865869,Salaried,14,D,601,South,32
B015611,Low,221135,Business Owner,25,F,417,West,32
B015612,Lower-Middle,507248,Salaried,23,A,851,West,38
B015613,Middle,775983,Self-Employed,14,B,784,North,49
B015614,Low,246536,Freelancer,17,C,682,West,63
B015615,Middle,766778,Self-Employed,18,D,580,North,52
B015616,Upper-Middle,1584747,Business Owner,1,G,300,North,24
B015617,High,3900848,Salaried,13,C,660,East,50
B015618,Lower-Middle,523868,Salaried,14,A,857,West,29
B015619,Lower-Middle,478900,Self-Employed,28,B,724,South,52
B015620,Lower-Middle,343781,Salaried,14,C,637,Central,22
B015621,Upper-Middle,1072236,Salaried,0,D,544,East,36
B015622,Lower-Middle,305085,Business Owner,21,D,578,West,47
B015623,Lower-Middle,447973,Self-Employed,24,F,398,East,30
B015624,Upper-Middle,1217217,Salaried,23,C,637,East,43
B015625,Low,175445,Salaried,22,D,555,South,39
B015626,Middle,703401,Salaried,3,B,790,East,23
B015627,Middle,986024,Self-Employed,15,D,594,South,37
B015628,Middle,688670,Freelancer,18,E,504,North,41
B015629,Upper-Middle,1422495,Salaried,26,D,547,West,45
B015630,Lower-Middle,594254,Salaried,20,C,682,South,29
B015631,Middle,654142,Business Owner,17,B,749,North,56
B015632,Middle,696722,Salaried,25,F,363,Central,49
B015633,Low,238577,Self-Employed,10,D,548,West,54
B015634,Upper-Middle,1581193,Salaried,14,E,516,South,56
B015635,Upper-Middle,1682611,Freelancer,26,A,807,West,54
B015636,High,3254232,Self-Employed,1,B,825,North,25
B015637,Middle,611062,Salaried,22,D,532,South,37
B015638,Lower-Middle,364825,Salaried,2,D,606,South,54
B015639,Lower-Middle,464444,Salaried,6,C,677,East,37
B015640,Lower-Middle,337161,Salaried,12,C,689,East,40
B015641,Low,170236,Salaried,8,C,686,East,38
B015642,Lower-Middle,543744,Self-Employed,21,C,696,South,43
B015643,Lower-Middle,525782,Business Owner,12,A,848,South,22
B015644,Low,180140,Salaried,28,D,589,North,40
B015645,Upper-Middle,1394576,Salaried,20,E,498,North,48
B015646,Low,296877,Freelancer,11,C,684,South,52
B015647,Middle,836554,Salaried,2,G,314,West,47
B015648,Upper-Middle,1578961,Salaried,19,G,337,Central,52
B015649,Middle,861663,Business Owner,0,D,549,Central,23
B015650,Low,212891,Self-Employed,21,E,507,South,46
B015651,Middle,926848,Salaried,2,D,568,East,50
B015652,Upper-Middle,1062602,Freelancer,2,C,672,South,30
B015653,Upper-Middle,1484802,Salaried,20,A,900,North,38
B015654,Lower-Middle,423516,Salaried,15,C,703,West,37
B015655,Low,281325,Salaried,28,B,718,North,23
B015656,Middle,847696,Salaried,2,F,390,North,56
B015657,Lower-Middle,381626,Salaried,9,G,300,Central,46
B015658,Upper-Middle,1610622,Salaried,14,D,596,Central,34
B015659,Middle,758095,Self-Employed,27,D,610,East,63
B015660,Upper-Middle,1621528,Salaried,26,F,375,East,61
B015661,High,2049293,Business Owner,29,E,484,West,23
B015662,Middle,746369,Salaried,23,B,763,East,33
B015663,Upper-Middle,1454575,Self-Employed,12,G,300,West,62
B015664,Middle,650168,Salaried,20,D,583,North,45
B015665,Lower-Middle,451236,Salaried,20,A,870,Central,38
B015666,Upper-Middle,1705194,Self-Employed,27,B,773,North,47
B015667,Middle,625584,Salaried,1,E,477,West,55
B015668,High,2761671,Self-Employed,9,B,799,Central,28
B015669,Lower-Middle,538118,Self-Employed,9,E,435,North,31
B015670,Lower-Middle,335592,Self-Employed,13,E,436,South,42
B015671,Upper-Middle,1040889,Self-Employed,22,A,838,South,29
B015672,Low,222551,Freelancer,8,C,678,East,32
B015673,Middle,978318,Salaried,9,D,553,North,26
B015674,Middle,863038,Freelancer,10,A,900,East,31
B015675,Low,279004,Salaried,15,D,584,Central,47
B015676,Low,290815,Salaried,19,G,306,North,42
B015677,Upper-Middle,1410137,Freelancer,10,D,605,Central,46
B015678,Low,160797,Salaried,20,D,541,West,34
B015679,Upper-Middle,1082182,Business Owner,20,F,436,East,53
B015680,Upper-Middle,1572494,Self-Employed,3,G,300,East,47
B015681,Middle,864416,Freelancer,0,F,368,North,22
B015682,Lower-Middle,368680,Salaried,25,A,853,Central,52
B015683,Low,263662,Self-Employed,23,A,836,North,49
B015684,Upper-Middle,1192921,Salaried,7,D,599,North,53
B015685,Low,234101,Salaried,13,B,750,West,46
B015686,Lower-Middle,411334,Self-Employed,7,D,602,North,30
B015687,High,3346118,Business Owner,0,E,506,North,56
B015688,Lower-Middle,504953,Business Owner,10,F,409,South,35
B015689,Lower-Middle,547332,Business Owner,6,C,670,East,30
B015690,High,2418816,Business Owner,11,E,480,South,63
B015691,Low,210193,Salaried,29,D,575,Central,46
B015692,Low,183943,Salaried,19,D,581,Central,61
B015693,Lower-Middle,458084,Business Owner,15,B,781,East,36
B015694,Upper-Middle,1035556,Self-Employed,20,A,854,East,61
B015695,Upper-Middle,1715573,Salaried,14,E,474,East,63
B015696,Upper-Middle,1271432,Salaried,20,D,599,South,47
B015697,High,2522210,Salaried,15,E,478,East,34
B015698,Low,211869,Business Owner,16,B,796,South,45
B015699,Middle,731151,Salaried,28,B,773,Central,46
B015700,Low,248947,Self-Employed,7,A,885,East,44
B015701,High,3860427,Business Owner,21,D,580,East,35
B015702,High,2922415,Unemployed,7,D,596,South,53
B015703,Lower-Middle,542843,Salaried,3,C,669,North,52
B015704,Upper-Middle,1261558,Freelancer,28,B,745,North,23
B015705,Middle,766598,Self-Employed,22,A,868,South,48
B015706,Low,285160,Salaried,5,B,746,West,28
B015707,Middle,621085,Salaried,26,A,835,Central,63
B015708,High,2912865,Salaried,13,F,357,West,32
B015709,Lower-Middle,549301,Salaried,10,B,794,North,47
B015710,Low,241135,Salaried,24,C,661,North,49
B015711,High,2023541,Salaried,18,E,480,East,55
B015712,Lower-Middle,318040,Business Owner,15,G,300,East,32
B015713,Lower-Middle,564483,Salaried,14,D,570,North,57
B015714,Middle,762431,Salaried,28,B,742,East,27
B015715,Middle,785302,Self-Employed,10,C,642,North,21
B015716,Lower-Middle,353869,Freelancer,29,A,865,West,25
B015717,Low,220434,Freelancer,14,B,744,Central,22
B015718,Upper-Middle,1332608,Freelancer,25,E,515,North,60
B015719,Middle,912483,Freelancer,1,E,493,South,24
B015720,Middle,637313,Salaried,12,C,618,West,50
B015721,Upper-Middle,1510290,Salaried,14,E,505,West,44
B015722,Low,295684,Salaried,25,D,580,East,39
B015723,Upper-Middle,1231725,Freelancer,4,D,582,Central,28
B015724,Upper-Middle,1579485,Salaried,20,C,687,East,25
B015725,High,2009584,Self-Employed,27,G,300,West,42
B015726,Lower-Middle,444961,Salaried,26,B,792,East,48
B015727,Lower-Middle,408446,Freelancer,14,B,751,Central,49
B015728,Middle,887978,Salaried,7,B,802,East,48
B015729,High,3903710,Freelancer,25,D,550,North,38
B015730,High,3480701,Freelancer,2,F,374,Central,21
B015731,Lower-Middle,357008,Salaried,26,B,765,East,56
B015732,Middle,927246,Business Owner,16,B,769,West,35
B015733,Low,154618,Salaried,6,F,398,East,50
B015734,Middle,873216,Salaried,13,D,584,South,54
B015735,Upper-Middle,1037575,Salaried,7,G,333,South,64
B015736,Upper-Middle,1671933,Self-Employed,17,E,483,North,59
B015737,Lower-Middle,567398,Salaried,7,E,463,North,59
B015738,High,3230623,Business Owner,26,C,705,South,32
B015739,Low,186340,Business Owner,26,B,789,West,48
B015740,Middle,679882,Salaried,25,D,605,North,40
B015741,Middle,688271,Salaried,14,C,639,West,42
B015742,Middle,724221,Salaried,2,C,648,West,55
B015743,Upper-Middle,1401569,Salaried,2,D,593,West,62
B015744,Middle,621611,Freelancer,4,A,895,West,47
B015745,Low,266387,Salaried,6,D,617,Central,26
B015746,Low,224876,Business Owner,20,C,666,South,36
B015747,Middle,823224,Freelancer,5,E,469,West,30
B015748,Middle,859108,Salaried,16,A,823,Central,63
B015749,Middle,663933,Self-Employed,25,D,573,West,63
B015750,Lower-Middle,480855,Freelancer,5,C,739,Central,43
B015751,Low,210324,Self-Employed,10,A,824,Central,29
B015752,Upper-Middle,1374903,Salaried,0,C,670,East,48
B015753,Middle,840663,Business Owner,25,C,650,West,62
B015754,Middle,697155,Freelancer,8,E,497,East,43
B015755,Middle,634376,Business Owner,13,B,714,Central,31
B015756,Lower-Middle,424070,Business Owner,7,E,461,North,26
B015757,Lower-Middle,345821,Business Owner,24,A,825,Central,47
B015758,Low,161702,Self-Employed,3,D,550,Central,45
B015759,Middle,890020,Salaried,27,D,558,South,36
B015760,Lower-Middle,483858,Freelancer,29,A,850,North,33
B015761,Lower-Middle,347612,Salaried,29,A,885,East,54
B015762,High,2881855,Business Owner,27,C,664,West,22
B015763,Lower-Middle,574236,Salaried,0,C,650,South,52
B015764,Middle,964339,Self-Employed,5,C,682,West,28
B015765,Lower-Middle,432783,Business Owner,6,G,335,East,64
B015766,Lower-Middle,574648,Business Owner,20,B,730,South,61
B015767,Low,277298,Salaried,17,F,379,East,24
B015768,Upper-Middle,1097257,Self-Employed,23,F,382,North,56
B015769,Middle,711797,Salaried,19,B,752,East,47
B015770,Middle,705589,Salaried,15,E,485,West,21
B015771,High,1885404,Salaried,26,G,313,Central,35
B015772,Low,232179,Unemployed,15,B,751,South,47
B015773,Middle,844488,Unemployed,14,D,594,North,27
B015774,Low,157761,Self-Employed,8,E,482,North,46
B015775,Middle,839752,Business Owner,26,E,450,Central,35
B015776,Upper-Middle,1171951,Salaried,21,E,503,Central,41
B015777,Low,189400,Salaried,21,C,648,West,27
B015778,High,1861056,Self-Employed,0,B,748,East,27
B015779,Middle,604651,Business Owner,0,D,599,Central,62
B015780,Lower-Middle,498133,Business Owner,16,C,679,West,62
B015781,Low,182436,Salaried,18,D,566,South,56
B015782,Middle,983665,Salaried,12,C,699,South,43
B015783,Middle,960521,Salaried,22,C,697,Central,61
B015784,Lower-Middle,312066,Business Owner,25,F,367,North,53
B015785,Middle,931867,Salaried,14,D,507,West,44
B015786,Low,251421,Salaried,25,D,579,North,58
B015787,High,2700216,Self-Employed,7,G,305,West,59
B015788,Lower-Middle,369462,Salaried,17,C,691,South,63
B015789,Middle,827096,Salaried,8,D,615,North,64
B015790,Upper-Middle,1727578,Business Owner,8,C,709,North,25
B015791,Middle,646003,Salaried,20,D,630,North,64
B015792,Upper-Middle,1735635,Self-Employed,17,E,463,Central,37
B015793,High,3298389,Unemployed,14,F,437,Central,49
B015794,Lower-Middle,321711,Salaried,17,C,628,South,44
B015795,Lower-Middle,448199,Salaried,13,E,425,South,34
B015796,Middle,623535,Self-Employed,16,C,638,North,46
B015797,Low,253468,Self-Employed,19,D,582,East,46
B015798,Middle,628548,Unemployed,14,F,410,Central,61
B015799,Low,208741,Salaried,21,D,569,East,64
B015800,High,2026901,Freelancer,4,E,487,West,42
B015801,Middle,984174,Salaried,17,E,494,Central,23
B015802,Middle,712496,Salaried,17,B,759,Central,54
B015803,Lower-Middle,449057,Salaried,5,E,462,South,59
B015804,High,2320410,Salaried,11,D,583,South,40
B015805,Upper-Middle,1449814,Salaried,28,D,617,East,34
B015806,Upper-Middle,1087648,Salaried,14,G,305,North,37
B015807,Upper-Middle,1558791,Salaried,22,C,636,East,39
B015808,Low,175909,Self-Employed,22,B,804,West,32
B015809,Low,293033,Salaried,7,E,492,North,36
B015810,Lower-Middle,474321,Salaried,18,B,754,Central,34
B015811,Middle,963194,Salaried,10,E,530,Central,26
B015812,Middle,633833,Self-Employed,25,F,379,South,48
B015813,Lower-Middle,392454,Unemployed,29,E,498,South,37
B015814,High,3019058,Salaried,9,D,536,Central,23
B015815,Low,238566,Unemployed,9,F,381,Central,48
B015816,Upper-Middle,1641826,Self-Employed,11,D,543,West,34
B015817,Middle,606324,Freelancer,21,A,846,South,27
B015818,Lower-Middle,512433,Self-Employed,11,E,503,East,50
B015819,Low,232858,Salaried,12,E,485,West,51
B015820,Middle,983590,Business Owner,3,F,414,West,24
B015821,Upper-Middle,1643663,Self-Employed,13,C,670,South,54
B015822,Lower-Middle,390536,Freelancer,4,B,735,North,44
B015823,Middle,607444,Freelancer,20,B,784,North,27
B015824,Middle,822272,Self-Employed,25,C,686,South,41
B015825,Lower-Middle,455422,Self-Employed,5,E,507,East,64
B015826,Middle,949071,Salaried,27,D,564,North,23
B015827,Lower-Middle,329838,Self-Employed,27,B,720,North,42
B015828,Upper-Middle,1469341,Self-Employed,4,B,761,South,24
B015829,Middle,998601,Self-Employed,12,C,693,Central,29
B015830,Low,153756,Salaried,2,D,569,South,47
B015831,Upper-Middle,1043513,Freelancer,7,E,473,West,46
B015832,Lower-Middle,300921,Salaried,8,G,318,West,44
B015833,High,1928930,Salaried,2,D,537,West,46
B015834,Middle,690481,Salaried,24,C,622,Central,52
B015835,Low,248869,Salaried,24,B,778,South,41
B015836,Upper-Middle,1402504,Salaried,21,D,584,North,48
B015837,Low,162917,Salaried,23,D,590,North,60
B015838,Upper-Middle,1284553,Salaried,29,C,673,East,42
B015839,High,2692537,Salaried,1,C,634,East,26
B015840,Middle,853607,Salaried,29,E,472,East,40
B015841,Middle,704430,Unemployed,7,D,571,Central,51
B015842,Middle,601939,Self-Employed,9,C,683,North,35
B015843,Lower-Middle,319328,Salaried,13,D,568,West,36
B015844,Low,157528,Self-Employed,7,D,592,South,22
B015845,High,3612842,Self-Employed,29,B,740,West,62
B015846,Lower-Middle,305252,Self-Employed,3,F,437,North,24
B015847,Lower-Middle,384607,Salaried,15,A,853,North,58
B015848,Lower-Middle,404702,Self-Employed,15,B,770,East,46
B015849,High,3585194,Salaried,1,D,592,South,53
B015850,High,3506319,Salaried,24,C,607,Central,46
B015851,Lower-Middle,514296,Unemployed,15,D,589,West,24
B015852,Lower-Middle,493811,Salaried,21,F,397,East,22
B015853,Upper-Middle,1472986,Salaried,24,C,662,South,32
B015854,Lower-Middle,586175,Salaried,6,B,769,West,40
B015855,High,1811481,Business Owner,10,B,748,East,63
B015856,Upper-Middle,1397697,Salaried,12,A,882,West,62
B015857,Upper-Middle,1529918,Salaried,10,E,535,West,27
B015858,Low,244381,Salaried,23,C,674,Central,29
B015859,Middle,991646,Salaried,6,B,779,South,62
B015860,High,3453177,Salaried,10,D,571,West,54
B015861,Lower-Middle,478691,Salaried,4,E,462,East,37
B015862,Upper-Middle,1217986,Salaried,9,F,410,North,43
B015863,Lower-Middle,568739,Salaried,1,C,643,South,22
B015864,High,2510446,Unemployed,23,D,563,North,55
B015865,Middle,885711,Self-Employed,17,C,669,South,57
B015866,Low,200587,Salaried,12,F,397,North,32
B015867,Middle,838601,Salaried,27,F,399,North,24
B015868,Low,214459,Business Owner,0,D,607,North,64
B015869,Lower-Middle,440022,Business Owner,14,D,605,North,42
B015870,High,2700816,Salaried,25,D,604,East,36
B015871,Lower-Middle,537049,Salaried,28,D,585,Central,22
B015872,High,3097701,Self-Employed,27,C,638,East,48
B015873,Low,225602,Salaried,18,E,482,East,63
B015874,Middle,797597,Salaried,24,G,300,West,51
B015875,High,2829225,Salaried,26,E,493,East,63
B015876,Middle,924585,Business Owner,15,C,698,North,50
B015877,Upper-Middle,1398856,Salaried,14,D,589,East,51
B015878,High,2883699,Salaried,23,D,576,Central,44
B015879,Middle,653601,Salaried,13,A,868,South,56
B015880,Upper-Middle,1196313,Self-Employed,22,D,578,North,50
B015881,Low,271384,Self-Employed,4,B,756,West,47
B015882,Lower-Middle,547423,Self-Employed,13,D,597,West,50
B015883,Lower-Middle,405148,Self-Employed,9,A,861,West,61
B015884,Upper-Middle,1157915,Salaried,10,C,653,West,53
B015885,Middle,916027,Salaried,23,G,300,South,39
B015886,Middle,966054,Freelancer,28,A,854,East,52
B015887,High,3340863,Freelancer,18,C,661,Central,60
B015888,Low,206735,Salaried,13,C,659,North,50
B015889,High,2886181,Self-Employed,18,D,567,West,44
B015890,Low,281492,Salaried,4,G,307,West,61
B015891,Lower-Middle,345542,Salaried,22,D,581,South,37
B015892,Middle,619052,Salaried,3,F,386,Central,60
B015893,Lower-Middle,572232,Business Owner,27,B,739,North,44
B015894,Middle,828932,Freelancer,11,C,627,Central,22
B015895,Upper-Middle,1510328,Self-Employed,12,F,401,East,23
B015896,Upper-Middle,1110477,Self-Employed,12,A,868,North,64
B015897,Low,258965,Salaried,7,C,673,East,32
B015898,Lower-Middle,469088,Freelancer,3,C,634,South,55
B015899,Low,200452,Salaried,19,F,378,East,49
B015900,Middle,867918,Freelancer,13,C,644,West,47
B015901,Low,287715,Salaried,20,F,377,West,43
B015902,Lower-Middle,575948,Salaried,6,D,561,North,47
B015903,Upper-Middle,1027986,Self-Employed,27,C,653,West,55
B015904,High,2002916,Salaried,27,B,817,West,38
B015905,Upper-Middle,1437024,Salaried,16,D,566,North,49
B015906,Low,243994,Self-Employed,18,A,801,Central,39
B015907,Middle,973542,Business Owner,12,C,695,North,50
B015908,Low,242427,Salaried,12,D,583,South,37
B015909,Lower-Middle,539372,Self-Employed,5,D,601,South,29
B015910,Lower-Middle,512195,Self-Employed,21,C,668,North,62
B015911,High,2753759,Salaried,29,G,343,West,63
B015912,Middle,734399,Salaried,27,B,764,East,47
B015913,Lower-Middle,491601,Self-Employed,22,G,334,Central,49
B015914,Middle,858163,Freelancer,1,D,603,South,27
B015915,High,2582961,Salaried,5,E,481,Central,53
B015916,Low,195967,Self-Employed,20,D,585,East,54
B015917,Upper-Middle,1089797,Salaried,0,B,789,North,26
B015918,Lower-Middle,328581,Self-Employed,10,E,502,South,51
B015919,Low,163137,Business Owner,18,E,515,South,28
B015920,Upper-Middle,1559807,Self-Employed,18,E,550,East,48
B015921,Low,229831,Salaried,27,F,388,West,55
B015922,Upper-Middle,1699862,Freelancer,17,A,842,North,32
B015923,Low,166952,Self-Employed,10,G,300,Central,59
B015924,Middle,999640,Self-Employed,2,F,374,North,48
B015925,Middle,780968,Salaried,15,F,382,Central,64
B015926,Upper-Middle,1629310,Salaried,20,D,589,South,56
B015927,Upper-Middle,1183670,Salaried,25,E,484,Central,48
B015928,Middle,727448,Self-Employed,5,D,566,North,28
B015929,Lower-Middle,336619,Salaried,28,D,575,South,62
B015930,Low,202937,Salaried,24,F,385,Central,45
B015931,Middle,749076,Business Owner,18,B,753,North,39
B015932,Middle,729894,Salaried,6,E,453,South,30
B015933,Low,286021,Self-Employed,6,C,704,East,43
B015934,High,3668841,Salaried,10,C,664,North,45
B015935,Lower-Middle,331911,Salaried,29,D,565,South,22
B015936,Low,208783,Salaried,24,D,574,West,49
B015937,Upper-Middle,1252775,Business Owner,8,B,738,East,22
B015938,Middle,972146,Self-Employed,7,E,518,East,56
B015939,Upper-Middle,1481577,Salaried,2,C,634,West,43
B015940,Low,283517,Unemployed,18,E,492,Central,42
B015941,Lower-Middle,424157,Salaried,14,B,800,Central,38
B015942,Middle,847452,Salaried,0,A,830,North,61
B015943,Lower-Middle,341603,Business Owner,21,B,707,West,53
B015944,Middle,646744,Self-Employed,2,B,757,East,61
B015945,Lower-Middle,483874,Self-Employed,2,E,485,East,57
B015946,Lower-Middle,469159,Unemployed,27,D,576,South,56
B015947,Low,284017,Self-Employed,28,E,474,South,57
B015948,Lower-Middle,506051,Salaried,1,E,496,West,45
B015949,Lower-Middle,363835,Salaried,26,B,781,Central,35
B015950,Upper-Middle,1416697,Freelancer,7,F,385,East,29
B015951,Middle,616899,Salaried,15,E,495,South,33
B015952,Low,248254,Salaried,25,A,832,South,49
B015953,Middle,648976,Freelancer,18,D,632,North,39
B015954,Lower-Middle,424623,Business Owner,17,C,696,East,52
B015955,Lower-Middle,311552,Salaried,16,C,718,West,46
B015956,Upper-Middle,1533362,Business Owner,8,C,692,West,42
B015957,Middle,873625,Salaried,8,D,548,West,31
B015958,Middle,658472,Freelancer,7,C,651,Central,63
B015959,Lower-Middle,352614,Self-Employed,25,C,687,Central,44
B015960,Low,198373,Self-Employed,7,D,572,South,25
B015961,Upper-Middle,1796175,Salaried,25,E,507,Central,38
B015962,Middle,954670,Salaried,9,B,755,North,58
B015963,Middle,785346,Salaried,21,B,780,West,34
B015964,High,3574487,Business Owner,9,D,629,East,60
B015965,Lower-Middle,301216,Self-Employed,7,C,637,North,32
B015966,Upper-Middle,1093249,Freelancer,13,D,540,South,48
B015967,Middle,891384,Salaried,23,D,573,Central,43
B015968,Lower-Middle,568661,Salaried,11,C,669,West,60
B015969,Low,167241,Self-Employed,29,D,567,East,33
B015970,Middle,913561,Self-Employed,23,D,590,West,30
B015971,Lower-Middle,317786,Salaried,9,D,572,North,31
B015972,Middle,739428,Salaried,25,D,560,North,36
B015973,Middle,906822,Salaried,20,D,587,West,32
B015974,Middle,791386,Self-Employed,15,D,600,East,28
B015975,Middle,897884,Freelancer,11,E,495,South,46
B015976,Middle,713435,Business Owner,0,D,628,North,34
B015977,Middle,867585,Self-Employed,27,F,392,East,27
B015978,Upper-Middle,1631581,Self-Employed,17,F,378,West,28
B015979,Low,179805,Business Owner,27,C,677,South,26
B015980,High,2209351,Business Owner,10,F,356,East,28
B015981,Low,156752,Salaried,26,C,719,North,62
B015982,Lower-Middle,414653,Salaried,6,G,352,Central,22
B015983,Middle,605589,Freelancer,21,F,433,Central,62
B015984,Low,229102,Freelancer,15,C,612,South,53
B015985,Lower-Middle,383237,Self-Employed,17,C,660,East,33
B015986,Low,298358,Salaried,29,D,579,West,34
B015987,Middle,948763,Business Owner,9,C,672,North,25
B015988,Middle,819859,Salaried,9,D,597,East,47
B015989,Low,284868,Salaried,18,C,697,South,24
B015990,Middle,985115,Self-Employed,3,D,621,East,51
B015991,Lower-Middle,480050,Self-Employed,22,C,689,East,41
B015992,High,2587312,Salaried,3,E,487,East,50
B015993,Low,282413,Self-Employed,27,D,579,West,62
B015994,Middle,706653,Self-Employed,9,D,598,South,61
B015995,Middle,731229,Salaried,19,E,460,West,29
B015996,Middle,859974,Salaried,17,E,486,South,52
B015997,High,1872309,Self-Employed,16,D,621,North,45
B015998,Lower-Middle,335203,Freelancer,3,B,777,West,48
B015999,Upper-Middle,1443661,Freelancer,12,C,697,East,24
B016000,Lower-Middle,341745,Salaried,22,D,587,West,26
B016001,Middle,942502,Self-Employed,14,B,785,South,28
B016002,Lower-Middle,562156,Business Owner,28,E,503,West,21
B016003,Lower-Middle,453861,Salaried,19,B,807,North,25
B016004,Low,163860,Self-Employed,29,C,659,Central,52
B016005,Low,192016,Salaried,21,D,562,Central,35
B016006,High,3084291,Self-Employed,16,D,537,South,59
B016007,Upper-Middle,1043999,Salaried,3,C,669,South,55
B016008,Lower-Middle,406247,Salaried,2,E,513,North,47
B016009,Middle,671473,Salaried,6,F,431,Central,37
B016010,Middle,830492,Salaried,25,B,761,North,64
B016011,Lower-Middle,561621,Salaried,12,F,434,Central,48
B016012,Lower-Middle,569648,Salaried,26,D,588,North,60
B016013,Middle,639085,Self-Employed,14,C,641,Central,32
B016014,Lower-Middle,328402,Salaried,8,E,513,South,62
B016015,Middle,890347,Salaried,24,E,475,East,33
B016016,Lower-Middle,301855,Salaried,17,D,569,North,53
B016017,Low,224564,Unemployed,3,C,703,South,64
B016018,Middle,863993,Salaried,9,C,703,Central,63
B016019,Middle,755433,Self-Employed,4,C,681,East,36
B016020,High,2738889,Salaried,20,D,562,South,47
B016021,Lower-Middle,432001,Salaried,21,D,553,Central,52
B016022,Upper-Middle,1236734,Freelancer,22,F,412,Central,41
B016023,High,2725509,Self-Employed,7,C,677,East,43
B016024,Middle,921308,Self-Employed,10,D,572,South,23
B016025,High,3639298,Salaried,12,D,593,Central,24
B016026,High,3115687,Salaried,0,E,494,East,61
B016027,Upper-Middle,1243041,Salaried,27,G,300,South,24
B016028,High,2692176,Salaried,11,E,463,East,38
B016029,Middle,881427,Freelancer,5,A,849,South,54
B016030,Middle,789606,Salaried,6,E,481,South,25
B016031,High,2068580,Salaried,1,G,302,West,59
B016032,Upper-Middle,1531729,Salaried,12,A,848,South,52
B016033,Low,164018,Salaried,29,D,580,East,40
B016034,Lower-Middle,596220,Salaried,29,D,567,West,35
B016035,Lower-Middle,396201,Salaried,9,D,596,Central,25
B016036,Upper-Middle,1126647,Freelancer,0,F,392,Central,44
B016037,Lower-Middle,478779,Self-Employed,4,E,498,Central,54
B016038,Lower-Middle,526698,Salaried,9,B,738,West,64
B016039,Middle,887389,Salaried,18,B,748,East,32
B016040,Low,190125,Self-Employed,14,B,773,East,49
B016041,High,2988416,Salaried,21,F,366,North,22
B016042,Middle,876819,Freelancer,14,A,882,West,22
B016043,Lower-Middle,544269,Self-Employed,16,D,594,Central,29
B016044,Lower-Middle,445270,Salaried,6,D,581,West,23
B016045,Upper-Middle,1006369,Self-Employed,14,B,773,Central,34
B016046,Middle,768985,Salaried,23,B,730,East,46
B016047,Middle,845841,Salaried,4,E,499,North,28
B016048,Lower-Middle,342241,Self-Employed,8,C,628,Central,23
B016049,Upper-Middle,1740660,Salaried,19,D,603,East,37
B016050,Upper-Middle,1142952,Salaried,5,C,647,East,21
B016051,Middle,661014,Freelancer,14,B,780,West,48
B016052,Lower-Middle,300336,Business Owner,25,C,646,East,35
B016053,High,2349961,Salaried,8,C,671,East,55
B016054,Middle,934385,Freelancer,24,C,672,West,23
B016055,Lower-Middle,515819,Salaried,14,B,761,South,36
B016056,High,2130278,Business Owner,16,D,595,East,58
B016057,Upper-Middle,1746848,Salaried,14,C,644,North,36
B016058,Upper-Middle,1511942,Salaried,6,B,714,South,37
B016059,Upper-Middle,1404938,Self-Employed,24,E,472,West,22
B016060,Lower-Middle,337626,Salaried,28,D,607,East,42
B016061,Middle,955764,Freelancer,17,E,480,South,52
B016062,Lower-Middle,480152,Salaried,8,E,474,Central,54
B016063,Middle,655030,Freelancer,10,C,715,South,27
B016064,Lower-Middle,444691,Salaried,14,D,554,East,35
B016065,Lower-Middle,311120,Salaried,11,G,333,North,24
B016066,High,1967654,Salaried,27,C,644,Central,35
B016067,Low,177924,Salaried,7,B,734,Central,60
B016068,Upper-Middle,1340896,Self-Employed,22,B,782,Central,32
B016069,Lower-Middle,545347,Self-Employed,18,F,416,South,42
B016070,Low,250713,Business Owner,14,B,739,East,63
B016071,Low,252666,Self-Employed,23,F,348,East,62
B016072,Lower-Middle,322724,Salaried,13,D,576,South,30
B016073,Middle,679505,Salaried,5,D,576,North,39
B016074,Lower-Middle,433135,Self-Employed,8,C,718,West,51
B016075,Middle,975338,Freelancer,23,C,639,North,64
B016076,Middle,850834,Salaried,23,C,664,Central,49
B016077,Low,181499,Salaried,20,E,487,North,54
B016078,Lower-Middle,301703,Salaried,28,E,488,East,41
B016079,Low,159755,Salaried,21,D,564,South,26
B016080,Low,176473,Self-Employed,25,C,657,South,54
B016081,Lower-Middle,488716,Salaried,8,D,576,Central,38
B016082,Middle,657512,Business Owner,13,D,588,North,28
B016083,Middle,616669,Salaried,19,E,512,Central,43
B016084,Upper-Middle,1459767,Salaried,28,A,858,East,24
B016085,Upper-Middle,1142013,Salaried,21,F,386,West,51
B016086,Middle,689550,Salaried,0,D,608,East,49
B016087,Lower-Middle,589727,Business Owner,21,D,588,North,40
B016088,Low,272118,Freelancer,9,C,677,East,32
B016089,Middle,934068,Salaried,4,D,560,North,41
B016090,Lower-Middle,309522,Salaried,23,B,789,East,59
B016091,Lower-Middle,591196,Business Owner,21,D,582,East,33
B016092,High,2858486,Self-Employed,28,C,692,East,46
B016093,Low,163104,Self-Employed,15,C,660,West,45
B016094,Low,197202,Salaried,29,B,741,South,29
B016095,High,2023997,Self-Employed,22,F,362,Central,44
B016096,Lower-Middle,398215,Salaried,15,E,492,East,33
B016097,Lower-Middle,338293,Salaried,28,D,555,West,58
B016098,Low,187510,Freelancer,28,B,735,East,47
B016099,Lower-Middle,320299,Salaried,21,C,692,South,45
B016100,High,2363808,Salaried,18,F,412,East,61
B016101,Middle,736282,Salaried,5,E,468,Central,37
B016102,Middle,965681,Salaried,22,E,422,East,37
B016103,Lower-Middle,356733,Freelancer,12,E,460,North,31
B016104,Lower-Middle,548395,Salaried,16,E,543,West,23
B016105,Middle,927085,Salaried,7,B,763,South,56
B016106,Lower-Middle,468321,Business Owner,8,C,652,West,51
B016107,Low,215642,Salaried,3,E,509,Central,50
B016108,Middle,760376,Salaried,5,B,742,East,45
B016109,Upper-Middle,1728345,Salaried,10,A,825,Central,49
B016110,Upper-Middle,1763034,Salaried,19,E,496,West,54
B016111,Upper-Middle,1560863,Salaried,10,E,492,West,24
B016112,Middle,945504,Self-Employed,25,B,726,Central,43
B016113,Upper-Middle,1627256,Salaried,20,D,572,Central,58
B016114,High,3371516,Self-Employed,18,A,823,West,38
B016115,Low,186175,Freelancer,15,B,768,Central,45
B016116,Lower-Middle,424338,Salaried,17,B,756,West,39
B016117,Lower-Middle,374671,Salaried,17,E,516,Central,58
B016118,High,3457334,Salaried,12,C,639,West,56
B016119,High,2462498,Salaried,12,E,498,East,55
B016120,Upper-Middle,1562960,Salaried,11,A,834,South,38
B016121,Lower-Middle,399232,Salaried,18,A,868,Central,62
B016122,High,1937475,Salaried,27,C,615,Central,41
B016123,Low,283821,Salaried,14,E,520,East,53
B016124,Lower-Middle,424478,Salaried,2,G,332,North,32
B016125,Middle,692016,Self-Employed,23,C,674,Central,28
B016126,Upper-Middle,1428192,Salaried,17,D,620,South,21
B016127,Upper-Middle,1106390,Business Owner,2,A,838,West,33
B016128,Lower-Middle,303360,Self-Employed,4,A,885,South,30
B016129,Lower-Middle,307283,Salaried,24,A,867,Central,63
B016130,Middle,996265,Self-Employed,17,A,845,East,56
B016131,Low,269368,Salaried,12,F,440,South,64
B016132,Upper-Middle,1675867,Self-Employed,10,D,589,West,61
B016133,Lower-Middle,447590,Salaried,26,F,393,West,46
B016134,Lower-Middle,459320,Salaried,2,E,511,South,53
B016135,Lower-Middle,355256,Self-Employed,10,E,481,North,30
B016136,Middle,799208,Self-Employed,1,C,642,Central,40
B016137,Upper-Middle,1464069,Self-Employed,26,B,769,Central,57
B016138,Lower-Middle,546776,Salaried,23,B,768,West,50
B016139,Low,278009,Salaried,8,A,852,North,63
B016140,High,3602356,Salaried,1,B,759,Central,26
B016141,Middle,981207,Salaried,5,A,837,East,41
B016142,Lower-Middle,571467,Salaried,29,D,560,West,25
B016143,Lower-Middle,383273,Self-Employed,27,C,696,West,28
B016144,High,2232856,Self-Employed,9,D,584,East,29
B016145,Middle,750190,Business Owner,8,C,672,South,53
B016146,Lower-Middle,325095,Self-Employed,29,C,635,Central,47
B016147,Low,274576,Business Owner,29,B,780,East,42
B016148,Lower-Middle,439632,Freelancer,12,D,563,Central,39
B016149,Lower-Middle,336041,Salaried,29,F,387,North,57
B016150,Low,218321,Business Owner,23,E,505,West,29
B016151,Lower-Middle,465500,Salaried,5,F,382,North,37
B016152,Low,204220,Salaried,5,C,670,North,45
B016153,Lower-Middle,394516,Freelancer,6,E,493,Central,38
B016154,Middle,776991,Salaried,6,E,495,North,61
B016155,Middle,700044,Freelancer,10,F,404,North,38
B016156,Upper-Middle,1301329,Business Owner,18,C,678,North,45
B016157,Lower-Middle,511713,Freelancer,2,E,513,South,47
B016158,Upper-Middle,1722698,Self-Employed,28,D,587,North,43
B016159,Upper-Middle,1042303,Self-Employed,6,C,708,North,29
B016160,High,3934230,Salaried,27,C,664,East,36
B016161,Lower-Middle,426712,Salaried,2,C,670,South,64
B016162,Lower-Middle,553283,Freelancer,22,F,457,East,21
B016163,Middle,863699,Salaried,15,F,382,North,57
B016164,Low,273542,Salaried,24,D,566,West,31
B016165,Low,173248,Unemployed,10,B,752,East,48
B016166,Low,168829,Salaried,29,C,711,Central,35
B016167,Middle,618825,Business Owner,22,C,683,Central,27
B016168,Upper-Middle,1174146,Salaried,22,D,602,South,40
B016169,Lower-Middle,493574,Salaried,8,A,844,South,40
B016170,High,2906558,Self-Employed,11,D,559,Central,61
B016171,Upper-Middle,1532405,Salaried,2,C,646,South,29
B016172,Low,295877,Business Owner,9,C,663,Central,34
B016173,Lower-Middle,348356,Salaried,7,A,876,North,58
B016174,Low,183258,Salaried,15,A,846,West,34
B016175,High,2294327,Freelancer,22,F,410,East,21
B016176,Upper-Middle,1579380,Salaried,28,D,531,Central,35
B016177,Middle,612607,Salaried,14,D,571,North,41
B016178,Middle,734739,Salaried,0,A,834,Central,30
B016179,Lower-Middle,464710,Freelancer,16,E,496,Central,28
B016180,High,1829840,Freelancer,27,B,802,East,40
B016181,High,3850467,Salaried,9,C,695,West,22
B016182,Upper-Middle,1769289,Salaried,27,D,568,East,53
B016183,Middle,928617,Unemployed,2,B,727,West,38
B016184,Low,220681,Freelancer,3,E,501,East,53
B016185,Low,237708,Self-Employed,26,E,494,West,42
B016186,Low,153810,Self-Employed,0,D,585,East,21
B016187,Middle,921952,Salaried,15,C,657,Central,64
B016188,Upper-Middle,1010136,Salaried,18,B,778,Central,54
B016189,High,3183333,Self-Employed,26,E,484,West,24
B016190,Low,163426,Self-Employed,2,C,638,North,38
B016191,Lower-Middle,537519,Self-Employed,7,E,523,South,49
B016192,Low,229442,Business Owner,21,E,498,South,21
B016193,High,2145653,Salaried,6,C,700,North,29
B016194,Upper-Middle,1053638,Freelancer,10,B,780,Central,64
B016195,Middle,698244,Salaried,4,C,690,South,53
B016196,Middle,987679,Freelancer,8,C,727,West,59
B016197,Middle,648423,Salaried,28,G,330,Central,60
B016198,Lower-Middle,436690,Salaried,7,D,547,South,36
B016199,Lower-Middle,381679,Self-Employed,22,D,555,West,56
B016200,Lower-Middle,498646,Salaried,25,C,663,West,51
B016201,Lower-Middle,530033,Salaried,12,C,634,West,48
B016202,Middle,975259,Business Owner,28,C,639,North,49
B016203,Lower-Middle,439696,Salaried,14,G,343,East,29
B016204,Middle,784926,Business Owner,2,D,601,East,64
B016205,Middle,711649,Salaried,27,B,780,North,27
B016206,Middle,898987,Salaried,3,G,300,Central,28
B016207,High,3982899,Salaried,2,C,648,West,60
B016208,Lower-Middle,406959,Salaried,21,D,573,West,30
B016209,Middle,881116,Salaried,29,F,425,South,24
B016210,Low,265667,Salaried,27,D,576,Central,50
B016211,Upper-Middle,1651250,Salaried,29,F,419,East,34
B016212,Middle,841843,Salaried,27,E,531,North,24
B016213,Lower-Middle,421687,Self-Employed,8,A,842,Central,29
B016214,Low,238668,Salaried,26,D,551,East,57
B016215,Middle,640180,Salaried,26,E,536,East,27
B016216,Middle,987924,Salaried,11,C,683,West,30
B016217,Middle,662414,Freelancer,21,F,377,North,49
B016218,Lower-Middle,365434,Salaried,0,E,471,North,54
B016219,Middle,839483,Freelancer,20,C,696,East,45
B016220,Middle,815780,Salaried,0,B,755,Central,27
B016221,Lower-Middle,319750,Unemployed,9,B,734,Central,34
B016222,Middle,824022,Salaried,0,B,731,South,53
B016223,Middle,865951,Self-Employed,17,D,598,Central,41
B016224,Upper-Middle,1383624,Salaried,15,D,594,Central,24
B016225,Lower-Middle,473164,Freelancer,24,B,801,Central,59
B016226,Lower-Middle,334745,Salaried,8,D,517,South,25
B016227,High,3774113,Business Owner,22,B,763,West,51
B016228,Upper-Middle,1795088,Salaried,29,F,379,Central,23
B016229,Lower-Middle,484312,Self-Employed,18,E,454,East,39
B016230,High,3010366,Business Owner,19,B,756,Central,50
B016231,Low,255116,Salaried,26,B,769,South,28
B016232,Upper-Middle,1707916,Self-Employed,24,F,426,Central,28
B016233,Lower-Middle,355333,Business Owner,20,C,714,North,49
B016234,Lower-Middle,449005,Salaried,27,E,465,West,36
B016235,High,2690211,Salaried,19,A,856,South,33
B016236,Low,174019,Salaried,11,C,657,East,60
B016237,Upper-Middle,1329546,Business Owner,3,D,547,West,34
B016238,Middle,951212,Salaried,3,C,700,East,34
B016239,Low,167056,Self-Employed,28,E,516,Central,56
B016240,High,2198637,Salaried,0,G,319,East,28
B016241,Middle,856615,Freelancer,25,D,593,East,40
B016242,Upper-Middle,1169972,Self-Employed,24,C,660,South,50
B016243,Upper-Middle,1138721,Salaried,28,E,499,West,24
B016244,Low,288570,Business Owner,0,E,494,South,27
B016245,Lower-Middle,431998,Business Owner,27,A,844,West,61
B016246,Lower-Middle,364282,Salaried,17,C,689,East,53
B016247,Middle,802486,Salaried,27,D,565,East,35
B016248,Low,160067,Salaried,15,C,696,East,40
B016249,Lower-Middle,369853,Salaried,24,E,522,North,37
B016250,Upper-Middle,1455925,Salaried,14,F,415,West,62
B016251,Low,177241,Salaried,10,E,494,Central,53
B016252,Middle,969393,Salaried,29,D,574,West,31
B016253,Middle,697836,Salaried,7,E,480,North,24
B016254,Low,192953,Salaried,2,B,769,West,42
B016255,Low,256126,Salaried,11,A,828,North,56
B016256,Low,279909,Salaried,18,D,556,West,58
B016257,Middle,633041,Salaried,14,C,647,East,25
B016258,Low,233540,Salaried,5,F,390,Central,49
B016259,Upper-Middle,1586884,Business Owner,12,E,468,East,41
B016260,Upper-Middle,1692036,Self-Employed,3,C,641,North,30
B016261,Low,163142,Freelancer,0,A,832,Central,44
B016262,Upper-Middle,1795801,Unemployed,18,C,667,East,24
B016263,High,2018033,Self-Employed,14,C,663,Central,23
B016264,Low,270478,Business Owner,12,D,586,North,45
B016265,High,2125133,Salaried,6,F,425,South,28
B016266,Lower-Middle,485163,Self-Employed,1,B,767,North,46
B016267,Middle,736074,Self-Employed,3,E,463,South,64
B016268,Low,201030,Self-Employed,17,E,515,East,30
B016269,Upper-Middle,1296257,Salaried,18,C,667,West,52
B016270,Upper-Middle,1575565,Freelancer,29,A,856,South,55
B016271,High,2653409,Salaried,15,A,859,East,26
B016272,High,3853808,Business Owner,0,D,586,West,31
B016273,Low,179896,Unemployed,18,E,535,East,30
B016274,Middle,602002,Freelancer,8,D,577,Central,63
B016275,Lower-Middle,352635,Salaried,28,E,515,North,46
B016276,Low,293867,Salaried,20,D,581,West,52
B016277,Low,246165,Self-Employed,27,C,672,Central,26
B016278,High,3152116,Self-Employed,24,A,842,East,47
B016279,Middle,991031,Salaried,21,E,452,South,45
B016280,Low,218001,Self-Employed,16,C,685,North,49
B016281,High,2488183,Freelancer,9,F,418,Central,40
B016282,Upper-Middle,1008099,Salaried,10,C,601,North,21
B016283,Lower-Middle,383726,Salaried,2,C,669,North,50
B016284,Middle,790966,Self-Employed,4,D,583,North,36
B016285,Middle,600635,Self-Employed,28,D,580,North,32
B016286,Middle,944418,Freelancer,4,E,501,South,59
B016287,Middle,818769,Business Owner,4,A,840,South,28
B016288,Middle,951675,Salaried,28,A,855,East,61
B016289,Low,256369,Self-Employed,16,D,624,Central,42
B016290,Middle,850567,Freelancer,0,D,538,South,29
B016291,Lower-Middle,513199,Salaried,13,A,863,North,58
B016292,Lower-Middle,521979,Salaried,19,C,662,North,60
B016293,Lower-Middle,420239,Self-Employed,14,D,567,Central,62
B016294,Middle,886978,Salaried,17,D,613,North,37
B016295,Lower-Middle,560125,Freelancer,14,B,762,Central,61
B016296,Lower-Middle,525428,Salaried,23,F,395,North,51
B016297,Low,251205,Salaried,3,A,853,North,38
B016298,High,3637274,Freelancer,3,C,642,North,59
B016299,Lower-Middle,362987,Salaried,9,A,882,Central,43
B016300,Lower-Middle,397240,Salaried,18,C,684,North,30
B016301,Lower-Middle,472942,Salaried,28,D,564,Central,53
B016302,Middle,681378,Unemployed,18,A,838,North,26
B016303,Lower-Middle,508368,Unemployed,6,A,851,West,33
B016304,Lower-Middle,526206,Salaried,24,B,782,East,41
B016305,Upper-Middle,1020619,Business Owner,26,A,828,South,47
B016306,Upper-Middle,1528064,Business Owner,29,C,650,West,48
B016307,Middle,612192,Salaried,25,B,774,West,57
B016308,Middle,618910,Salaried,20,C,656,East,45
B016309,High,2127814,Freelancer,11,E,481,North,43
B016310,High,2304375,Salaried,19,C,678,South,50
B016311,Middle,945359,Self-Employed,20,A,811,North,43
B016312,Upper-Middle,1445901,Salaried,5,D,601,West,61
B016313,Upper-Middle,1044005,Self-Employed,5,B,743,South,38
B016314,High,3915167,Salaried,14,A,899,West,26
B016315,Low,220036,Salaried,0,C,716,East,48
B016316,High,3011028,Salaried,22,C,705,West,63
B016317,Middle,882908,Unemployed,28,B,741,East,29
B016318,Middle,935533,Salaried,28,C,644,South,28
B016319,Lower-Middle,476863,Salaried,11,D,574,West,39
B016320,Lower-Middle,487587,Salaried,6,B,781,Central,62
B016321,Upper-Middle,1068633,Salaried,7,A,870,West,33
B016322,Middle,621567,Business Owner,1,F,396,North,54
B016323,Lower-Middle,377922,Salaried,24,D,519,South,32
B016324,Middle,819400,Self-Employed,23,E,494,Central,56
B016325,Low,284520,Self-Employed,0,C,631,West,32
B016326,Middle,669443,Freelancer,4,D,587,West,59
B016327,Middle,975970,Business Owner,4,E,490,West,42
B016328,Middle,705694,Salaried,19,C,644,South,25
B016329,Low,272936,Business Owner,1,E,535,Central,62
B016330,Low,192780,Business Owner,7,E,492,North,50
B016331,Lower-Middle,421494,Freelancer,8,C,688,Central,21
B016332,Middle,881031,Freelancer,28,C,697,South,36
B016333,High,3740751,Business Owner,28,B,741,South,60
B016334,Upper-Middle,1196663,Salaried,24,D,587,West,37
B016335,Upper-Middle,1617735,Salaried,5,E,454,East,62
B016336,Lower-Middle,598040,Freelancer,17,D,577,Central,44
B016337,Low,209907,Freelancer,1,C,652,Central,26
B016338,Upper-Middle,1078193,Salaried,3,C,668,Central,47
B016339,Middle,828464,Self-Employed,15,D,576,East,23
B016340,Low,185741,Salaried,17,D,560,Central,51
B016341,Middle,636969,Salaried,22,D,603,West,24
B016342,Middle,841545,Salaried,1,D,593,South,47
B016343,Lower-Middle,405540,Salaried,20,E,487,East,28
B016344,Low,195375,Self-Employed,2,D,644,South,30
B016345,Middle,963991,Salaried,21,D,552,South,29
B016346,Low,166535,Self-Employed,20,D,549,West,36
B016347,Lower-Middle,433952,Self-Employed,27,F,437,East,47
B016348,Upper-Middle,1570737,Business Owner,4,E,513,South,58
B016349,High,3165183,Salaried,27,D,609,Central,49
B016350,Lower-Middle,492231,Salaried,2,F,436,South,52
B016351,Low,270751,Self-Employed,29,F,435,West,58
B016352,Middle,735728,Self-Employed,13,C,650,South,41
B016353,Lower-Middle,435627,Salaried,20,E,487,South,25
B016354,Upper-Middle,1262966,Salaried,29,G,328,East,31
B016355,Middle,702470,Freelancer,9,B,727,East,64
B016356,Lower-Middle,409897,Salaried,22,C,653,West,57
B016357,Upper-Middle,1269986,Salaried,23,C,715,South,64
B016358,Lower-Middle,426971,Freelancer,15,D,551,North,31
B016359,Middle,942617,Business Owner,13,G,323,North,27
B016360,High,2567058,Salaried,5,C,672,North,60
B016361,Lower-Middle,433313,Freelancer,16,E,502,Central,64
B016362,Lower-Middle,429316,Salaried,7,E,459,North,40
B016363,Upper-Middle,1226574,Business Owner,7,D,593,Central,64
B016364,Middle,792531,Self-Employed,24,D,538,West,50
B016365,Lower-Middle,560050,Salaried,19,D,572,North,58
B016366,Low,191304,Freelancer,1,C,667,South,30
B016367,Lower-Middle,446020,Business Owner,9,B,766,West,46
B016368,Middle,793256,Salaried,16,C,701,East,27
B016369,Lower-Middle,507733,Self-Employed,22,B,738,Central,54
B016370,Lower-Middle,450154,Business Owner,27,D,603,East,31
B016371,Lower-Middle,367957,Self-Employed,12,E,526,South,58
B016372,Middle,747428,Salaried,13,B,742,South,45
B016373,Upper-Middle,1139008,Salaried,5,D,539,West,51
B016374,Middle,635112,Unemployed,27,B,752,West,51
B016375,Middle,665484,Salaried,7,C,699,West,60
B016376,Upper-Middle,1078917,Salaried,22,B,792,North,42
B016377,Low,163779,Self-Employed,25,C,652,South,38
B016378,Lower-Middle,342476,Salaried,21,E,494,West,55
B016379,Low,206152,Salaried,16,C,689,South,38
B016380,Lower-Middle,342861,Salaried,12,B,785,West,27
B016381,High,2872058,Salaried,15,B,779,Central,48
B016382,Lower-Middle,376830,Freelancer,5,E,526,South,62
B016383,Upper-Middle,1670047,Salaried,24,C,690,South,49
B016384,Low,167344,Salaried,7,F,399,West,47
B016385,Middle,886226,Self-Employed,16,D,587,West,32
B016386,Lower-Middle,321912,Freelancer,4,D,586,South,35
B016387,Lower-Middle,590685,Salaried,27,C,687,East,47
B016388,Lower-Middle,513490,Salaried,21,E,455,East,45
B016389,Middle,945021,Self-Employed,16,E,475,Central,62
B016390,Middle,636846,Salaried,17,B,769,West,40
B016391,Upper-Middle,1487551,Self-Employed,7,C,692,North,50
B016392,Upper-Middle,1005635,Salaried,17,C,694,North,56
B016393,Middle,748377,Freelancer,1,F,341,Central,50
B016394,High,3961264,Self-Employed,9,E,521,West,33
B016395,Low,204909,Business Owner,23,C,674,Central,57
B016396,Lower-Middle,472620,Freelancer,7,C,632,North,48
B016397,Lower-Middle,455002,Business Owner,23,C,653,East,42
B016398,Middle,724890,Salaried,22,F,360,North,53
B016399,Middle,623270,Self-Employed,9,C,679,East,57
B016400,Middle,948259,Self-Employed,6,A,841,South,63
B016401,Upper-Middle,1532828,Salaried,21,E,478,South,53
B016402,Lower-Middle,593119,Salaried,3,A,900,South,24
B016403,Upper-Middle,1494567,Salaried,6,D,594,North,47
B016404,Middle,642407,Freelancer,14,D,606,North,48
B016405,Middle,777248,Business Owner,10,E,484,East,24
B016406,Lower-Middle,379402,Self-Employed,21,D,581,South,36
B016407,Lower-Middle,580945,Business Owner,2,B,758,South,24
B016408,Lower-Middle,363676,Self-Employed,0,F,424,West,38
B016409,Upper-Middle,1355752,Freelancer,5,F,424,East,40
B016410,Middle,977984,Salaried,7,C,673,Central,39
B016411,Low,162969,Salaried,11,D,559,West,54
B016412,Upper-Middle,1595736,Self-Employed,20,D,614,Central,35
B016413,Middle,856651,Business Owner,11,D,583,West,37
B016414,High,2750280,Business Owner,12,A,805,Central,44
B016415,Middle,640427,Unemployed,26,D,642,West,27
B016416,Middle,934969,Business Owner,0,B,770,West,31
B016417,Middle,610925,Salaried,17,E,493,South,48
B016418,Middle,913976,Salaried,21,E,444,West,58
B016419,Lower-Middle,481340,Salaried,17,A,871,East,50
B016420,Low,178918,Self-Employed,6,E,456,South,57
B016421,High,3033531,Salaried,5,B,805,North,29
B016422,Middle,877604,Salaried,8,A,794,Central,25
B016423,Middle,755281,Salaried,19,A,871,South,56
B016424,Middle,920259,Business Owner,14,C,708,South,24
B016425,Middle,982539,Salaried,26,E,496,West,60
B016426,Low,261408,Self-Employed,27,C,673,West,39
B016427,Lower-Middle,300637,Salaried,24,F,408,West,22
B016428,Low,201308,Self-Employed,13,C,626,West,50
B016429,Low,286920,Self-Employed,8,B,746,Central,64
B016430,Low,200707,Salaried,2,C,677,Central,47
B016431,Upper-Middle,1152061,Business Owner,13,D,602,East,56
B016432,Lower-Middle,343207,Self-Employed,13,D,602,North,30
B016433,Upper-Middle,1641185,Salaried,13,C,645,North,61
B016434,Upper-Middle,1194868,Freelancer,10,B,780,South,45
B016435,Low,218649,Business Owner,18,D,598,East,54
B016436,Middle,801209,Self-Employed,3,C,619,East,21
B016437,Middle,985021,Salaried,2,G,300,West,36
B016438,High,3224645,Salaried,4,C,694,West,28
B016439,Middle,983856,Salaried,0,B,760,West,61
B016440,Lower-Middle,362625,Salaried,17,E,519,West,33
B016441,Lower-Middle,558248,Self-Employed,13,B,809,Central,45
B016442,Upper-Middle,1164684,Freelancer,29,B,792,North,53
B016443,Lower-Middle,382866,Salaried,21,E,478,South,32
B016444,Upper-Middle,1782694,Business Owner,26,C,660,Central,54
B016445,Lower-Middle,448506,Self-Employed,1,C,668,North,49
B016446,Middle,744391,Self-Employed,24,C,685,East,26
B016447,Middle,861125,Business Owner,11,E,521,West,32
B016448,Low,266897,Salaried,7,D,538,Central,28
B016449,Low,218002,Self-Employed,15,E,494,Central,30
B016450,Lower-Middle,550796,Salaried,17,G,334,Central,29
B016451,Upper-Middle,1512491,Salaried,2,E,522,North,47
B016452,Middle,943627,Salaried,4,C,702,Central,46
B016453,Lower-Middle,584642,Salaried,26,E,448,East,42
B016454,Middle,856461,Salaried,12,E,447,West,24
B016455,Low,256816,Salaried,28,C,683,South,53
B016456,Middle,632181,Salaried,22,D,624,West,55
B016457,Upper-Middle,1635536,Salaried,4,D,587,North,54
B016458,Upper-Middle,1780431,Salaried,6,B,760,East,50
B016459,Upper-Middle,1377931,Salaried,5,E,461,North,46
B016460,Lower-Middle,421801,Self-Employed,25,C,653,East,52
B016461,Lower-Middle,509756,Self-Employed,9,C,647,Central,37
B016462,Upper-Middle,1169614,Freelancer,22,C,664,East,33
B016463,Low,167627,Freelancer,17,D,565,North,46
B016464,Low,289196,Freelancer,19,E,505,East,45
B016465,Lower-Middle,320217,Self-Employed,15,F,432,South,27
B016466,Upper-Middle,1556360,Salaried,26,D,573,South,34
B016467,Middle,720584,Salaried,27,G,300,East,28
B016468,High,1823267,Freelancer,8,B,746,South,39
B016469,Lower-Middle,371628,Freelancer,1,B,805,South,55
B016470,Lower-Middle,548726,Salaried,28,E,463,North,24
B016471,Lower-Middle,306108,Self-Employed,14,D,584,West,48
B016472,Upper-Middle,1170205,Salaried,11,F,372,West,29
B016473,Lower-Middle,521217,Salaried,8,D,533,Central,45
B016474,High,3962759,Self-Employed,12,A,840,East,24
B016475,Middle,865738,Salaried,27,D,582,North,29
B016476,Upper-Middle,1427181,Salaried,24,B,737,South,48
B016477,Upper-Middle,1311713,Business Owner,26,C,645,Central,63
B016478,Middle,892789,Business Owner,25,D,550,West,56
B016479,Upper-Middle,1170581,Freelancer,17,D,573,East,64
B016480,Lower-Middle,324656,Salaried,21,C,665,Central,64
B016481,Upper-Middle,1561189,Salaried,22,E,526,South,45
B016482,Upper-Middle,1725873,Self-Employed,11,F,422,North,51
B016483,Middle,948870,Self-Employed,25,B,759,West,39
B016484,Lower-Middle,413099,Unemployed,26,B,728,Central,58
B016485,High,3864627,Salaried,8,B,730,North,29
B016486,High,1977805,Salaried,23,C,683,North,36
B016487,Middle,626053,Salaried,8,C,727,West,62
B016488,High,2997693,Salaried,13,C,664,West,56
B016489,Middle,876761,Salaried,1,A,807,North,24
B016490,Lower-Middle,382247,Salaried,11,B,777,Central,30
B016491,Middle,834741,Salaried,12,C,699,Central,56
B016492,Low,158463,Salaried,15,F,408,South,45
B016493,Middle,959550,Self-Employed,16,C,668,Central,55
B016494,Middle,823752,Salaried,26,A,831,Central,37
B016495,Low,291651,Freelancer,12,C,647,East,55
B016496,Lower-Middle,474453,Self-Employed,24,F,411,West,51
B016497,Middle,939071,Salaried,5,C,647,East,45
B016498,Upper-Middle,1760045,Salaried,1,E,498,Central,46
B016499,High,2833844,Salaried,7,C,650,North,23
B016500,Lower-Middle,398973,Salaried,20,B,783,North,55
B016501,Upper-Middle,1258225,Self-Employed,15,D,570,South,47
B016502,Low,205495,Freelancer,14,E,487,North,31
B016503,Low,189661,Salaried,2,E,501,North,25
B016504,Middle,976422,Salaried,4,B,790,West,60
B016505,Lower-Middle,458294,Freelancer,6,G,329,East,40
B016506,Upper-Middle,1484640,Salaried,0,D,582,East,34
B016507,Lower-Middle,320628,Salaried,9,D,581,West,59
B016508,Lower-Middle,564735,Salaried,12,E,462,Central,24
B016509,Middle,632124,Salaried,28,C,664,South,59
B016510,Low,227310,Salaried,7,E,526,East,38
B016511,Lower-Middle,559726,Freelancer,16,D,583,West,55
B016512,Low,165721,Self-Employed,7,B,741,North,22
B016513,Lower-Middle,549388,Salaried,10,A,869,East,54
B016514,Upper-Middle,1572231,Freelancer,18,F,405,East,49
B016515,Low,231077,Salaried,20,F,352,South,59
B016516,Middle,733789,Salaried,14,G,300,West,29
B016517,Middle,889710,Freelancer,7,D,550,South,25
B016518,Middle,976322,Self-Employed,6,D,554,South,53
B016519,Middle,665429,Business Owner,13,B,744,West,50
B016520,Middle,602412,Salaried,26,D,596,East,60
B016521,Upper-Middle,1003490,Salaried,10,D,556,North,55
B016522,Low,298234,Freelancer,15,C,637,West,46
B016523,Upper-Middle,1445806,Salaried,20,D,598,South,57
B016524,Low,226009,Freelancer,3,A,847,West,50
B016525,Middle,676052,Business Owner,7,D,601,East,27
B016526,Middle,722313,Salaried,5,E,493,South,39
B016527,Lower-Middle,482430,Freelancer,2,E,583,North,30
B016528,Low,172310,Freelancer,29,D,576,South,24
B016529,Low,225055,Freelancer,29,C,649,West,28
B016530,Low,152482,Salaried,14,D,586,West,39
B016531,Middle,897340,Self-Employed,7,B,752,Central,45
B016532,Low,180043,Salaried,22,A,858,South,39
B016533,Upper-Middle,1783051,Salaried,21,E,482,Central,63
B016534,Upper-Middle,1769613,Freelancer,29,B,790,West,37
B016535,Lower-Middle,327761,Unemployed,25,C,701,South,42
B016536,Low,221652,Salaried,9,C,655,South,48
B016537,Lower-Middle,385712,Self-Employed,7,G,328,East,31
B016538,Upper-Middle,1441085,Freelancer,0,E,512,West,43
B016539,Lower-Middle,471599,Self-Employed,25,E,516,East,30
B016540,Low,263703,Salaried,17,D,545,North,61
B016541,High,3209008,Salaried,23,C,680,West,41
B016542,Middle,668311,Salaried,0,C,644,East,54
B016543,Lower-Middle,458144,Freelancer,6,B,747,North,40
B016544,Upper-Middle,1750402,Salaried,11,D,582,North,52
B016545,High,1871833,Salaried,7,A,835,East,26
B016546,Middle,617397,Business Owner,5,F,400,East,60
B016547,Lower-Middle,374003,Business Owner,28,B,781,North,34
B016548,Middle,905611,Freelancer,25,B,768,West,42
B016549,Lower-Middle,599745,Business Owner,14,D,568,West,54
B016550,Middle,672482,Self-Employed,2,C,674,East,61
B016551,Lower-Middle,387276,Freelancer,15,B,765,North,44
B016552,Middle,944877,Self-Employed,26,G,324,North,39
B016553,Upper-Middle,1521410,Self-Employed,9,C,646,North,41
B016554,High,2484828,Salaried,12,E,483,Central,33
B016555,Upper-Middle,1559008,Salaried,19,E,490,South,38
B016556,Low,176898,Salaried,14,B,800,North,55
B016557,Lower-Middle,513340,Freelancer,29,C,650,South,51
B016558,Middle,643845,Salaried,0,D,587,West,56
B016559,Lower-Middle,471848,Salaried,8,F,388,South,34
B016560,Low,223333,Unemployed,21,E,464,West,39
B016561,Upper-Middle,1349452,Business Owner,14,C,680,North,25
B016562,Lower-Middle,463966,Business Owner,21,A,836,Central,48
B016563,Low,298277,Self-Employed,29,D,605,East,51
B016564,Middle,813859,Salaried,19,C,650,Central,59
B016565,High,2136510,Salaried,18,C,668,West,59
B016566,Middle,676386,Business Owner,5,D,587,North,22
B016567,Low,186088,Freelancer,16,G,310,West,28
B016568,Middle,892419,Salaried,13,F,365,Central,54
B016569,Upper-Middle,1147840,Salaried,13,D,547,East,41
B016570,Low,181077,Salaried,24,G,322,North,36
B016571,Middle,991206,Self-Employed,6,C,701,East,41
B016572,Middle,902807,Salaried,0,B,729,East,61
B016573,Middle,752082,Salaried,1,C,611,West,63
B016574,Low,237675,Salaried,22,D,590,North,27
B016575,Upper-Middle,1373109,Self-Employed,18,E,504,West,49
B016576,Lower-Middle,485124,Self-Employed,22,F,421,South,49
B016577,Low,293065,Salaried,11,D,590,South,40
B016578,Low,267851,Salaried,28,C,687,West,54
B016579,Middle,809254,Salaried,3,C,719,East,29
B016580,Low,171984,Self-Employed,17,D,564,Central,27
B016581,Upper-Middle,1050451,Salaried,20,D,609,South,36
B016582,Upper-Middle,1389641,Freelancer,9,D,626,South,59
B016583,Low,159905,Salaried,11,B,763,Central,22
B016584,Upper-Middle,1784003,Business Owner,1,C,665,East,38
B016585,High,2911714,Salaried,15,A,835,South,48
B016586,Low,174285,Self-Employed,25,D,547,Central,22
B016587,Middle,693463,Self-Employed,17,B,684,North,32
B016588,High,2300369,Salaried,16,F,429,East,49
B016589,Upper-Middle,1410220,Salaried,23,E,479,South,55
B016590,Middle,776038,Salaried,9,E,486,Central,21
B016591,Upper-Middle,1501996,Salaried,15,B,735,North,50
B016592,Middle,760641,Freelancer,25,C,666,South,62
B016593,Lower-Middle,502567,Self-Employed,17,B,787,North,42
B016594,Lower-Middle,412880,Self-Employed,21,A,834,North,43
B016595,Middle,722753,Salaried,15,C,717,South,55
B016596,Lower-Middle,312164,Salaried,2,C,665,East,59
B016597,Lower-Middle,538639,Business Owner,18,F,403,East,33
B016598,Low,225336,Salaried,19,F,425,East,50
B016599,Upper-Middle,1158590,Salaried,2,F,422,Central,52
B016600,Middle,783257,Salaried,25,A,872,Central,62
B016601,Lower-Middle,398828,Salaried,24,D,644,South,39
B016602,Lower-Middle,364686,Freelancer,7,A,872,North,44
B016603,Low,249714,Salaried,12,D,584,West,37
B016604,Low,219651,Salaried,6,D,602,North,35
B016605,Middle,772315,Salaried,26,C,650,West,35
B016606,Low,220205,Salaried,28,A,855,North,24
B016607,High,3234634,Salaried,14,B,816,North,53
B016608,Lower-Middle,539509,Salaried,21,C,660,West,32
B016609,Low,219387,Salaried,5,B,779,West,46
B016610,Upper-Middle,1433986,Salaried,26,B,746,South,60
B016611,Lower-Middle,493639,Business Owner,11,E,469,South,39
B016612,Lower-Middle,352519,Self-Employed,10,A,837,North,64
B016613,Low,265677,Business Owner,5,B,803,Central,23
B016614,Middle,613229,Salaried,27,F,410,Central,22
B016615,Lower-Middle,371207,Salaried,1,F,394,North,35
B016616,Upper-Middle,1787960,Unemployed,17,C,664,West,32
B016617,Middle,849792,Salaried,12,E,484,Central,54
B016618,Upper-Middle,1337558,Salaried,16,B,764,Central,29
B016619,Middle,894510,Salaried,25,D,558,East,57
B016620,Upper-Middle,1312241,Salaried,7,F,413,North,43
B016621,Middle,744560,Self-Employed,15,C,697,East,31
B016622,Middle,900149,Self-Employed,0,B,758,South,41
B016623,Middle,787045,Salaried,19,D,547,South,49
B016624,Middle,788398,Salaried,15,E,496,West,64
B016625,Low,166724,Salaried,16,F,369,East,23
B016626,Middle,930064,Salaried,29,C,634,North,36
B016627,Lower-Middle,403824,Business Owner,11,C,688,West,40
B016628,Middle,825962,Self-Employed,11,D,521,Central,47
B016629,Low,211477,Salaried,19,B,764,North,59
B016630,Low,241255,Salaried,28,B,782,Central,56
B016631,Low,229048,Business Owner,8,B,814,North,43
B016632,Low,293783,Salaried,1,C,628,East,21
B016633,Low,293662,Freelancer,12,C,661,North,31
B016634,Low,175583,Business Owner,6,E,470,Central,55
B016635,Middle,957269,Salaried,13,B,772,West,42
B016636,Lower-Middle,431522,Business Owner,8,C,645,Central,51
B016637,High,2830086,Salaried,11,D,635,North,51
B016638,Upper-Middle,1590775,Salaried,11,D,556,West,60
B016639,Low,226009,Freelancer,6,E,492,Central,33
B016640,Lower-Middle,515940,Business Owner,16,F,416,North,63
B016641,Lower-Middle,425737,Salaried,3,B,774,Central,52
B016642,Lower-Middle,517174,Business Owner,25,F,394,North,45
B016643,Middle,796461,Salaried,18,F,358,North,26
B016644,Middle,644763,Business Owner,17,C,663,South,53
B016645,Middle,839470,Freelancer,7,E,451,Central,62
B016646,Lower-Middle,502556,Business Owner,3,D,578,Central,64
B016647,Middle,698881,Salaried,9,E,498,East,32
B016648,Lower-Middle,499867,Salaried,1,E,477,East,58
B016649,Upper-Middle,1796246,Freelancer,8,G,300,North,62
B016650,High,2862833,Salaried,20,B,732,Central,46
B016651,Lower-Middle,393694,Freelancer,21,E,557,North,24
B016652,Upper-Middle,1136097,Salaried,21,A,864,West,27
B016653,Upper-Middle,1157810,Salaried,11,F,369,South,51
B016654,Middle,690713,Salaried,0,B,733,Central,37
B016655,Low,204164,Salaried,24,C,681,North,43
B016656,Upper-Middle,1020420,Salaried,2,E,441,South,59
B016657,Lower-Middle,443159,Salaried,12,C,650,West,47
B016658,Lower-Middle,565835,Freelancer,26,D,601,West,24
B016659,Middle,786532,Salaried,24,C,694,North,39
B016660,Lower-Middle,452798,Self-Employed,17,D,587,North,60
B016661,Low,235736,Salaried,18,E,490,South,57
B016662,High,3944806,Self-Employed,13,F,440,West,48
B016663,Lower-Middle,387304,Salaried,12,C,642,West,42
B016664,Middle,983738,Freelancer,2,E,473,East,56
B016665,Middle,905166,Salaried,25,C,712,East,44
B016666,Low,216495,Salaried,8,F,397,South,38
B016667,Upper-Middle,1673814,Salaried,16,E,503,East,27
B016668,Middle,982208,Salaried,21,C,673,West,34
B016669,Middle,975924,Salaried,25,D,650,South,56
B016670,Middle,780544,Self-Employed,17,B,747,North,63
B016671,High,3800725,Salaried,1,F,424,South,47
B016672,High,3348777,Business Owner,16,B,716,West,46
B016673,Low,161698,Salaried,13,B,767,Central,49
B016674,Lower-Middle,310997,Self-Employed,23,C,699,East,51
B016675,Middle,759747,Salaried,13,E,512,Central,47
B016676,High,3218590,Self-Employed,21,D,593,East,61
B016677,Upper-Middle,1715362,Freelancer,12,B,780,West,59
B016678,Lower-Middle,311217,Salaried,8,C,654,East,41
B016679,Upper-Middle,1216182,Salaried,19,B,781,North,33
B016680,Lower-Middle,524272,Self-Employed,27,D,630,South,24
B016681,Lower-Middle,409000,Salaried,9,G,300,West,47
B016682,Middle,841195,Salaried,18,F,442,West,31
B016683,Lower-Middle,419522,Salaried,23,D,583,West,29
B016684,Middle,682938,Salaried,3,C,681,South,48
B016685,Lower-Middle,318136,Freelancer,0,C,609,North,53
B016686,Upper-Middle,1430002,Salaried,15,E,460,Central,54
B016687,High,2208070,Salaried,27,D,579,South,37
B016688,Lower-Middle,320813,Salaried,12,A,879,West,43
B016689,Middle,723801,Salaried,5,A,837,North,41
B016690,Middle,970430,Self-Employed,24,D,562,Central,49
B016691,Low,234018,Business Owner,24,D,568,Central,37
B016692,Upper-Middle,1191976,Freelancer,27,G,362,West,50
B016693,Middle,847663,Salaried,24,B,786,South,30
B016694,Low,265579,Salaried,6,E,484,North,22
B016695,Upper-Middle,1680003,Salaried,11,F,400,South,40
B016696,Lower-Middle,597139,Self-Employed,21,C,616,East,41
B016697,Low,242615,Business Owner,20,B,735,Central,45
B016698,Lower-Middle,429741,Business Owner,16,B,735,West,59
B016699,Upper-Middle,1543526,Freelancer,14,D,574,East,34
B016700,High,2042180,Salaried,27,A,881,West,23
B016701,Lower-Middle,521255,Unemployed,24,F,392,West,33
B016702,Low,191807,Freelancer,2,E,461,West,50
B016703,Low,249938,Salaried,19,E,480,North,63
B016704,Middle,786378,Salaried,21,E,482,East,45
B016705,Lower-Middle,375918,Business Owner,14,B,755,Central,33
B016706,Lower-Middle,530911,Salaried,29,E,488,West,52
B016707,Lower-Middle,563224,Salaried,9,D,592,South,33
B016708,Middle,828272,Salaried,17,A,825,East,60
B016709,Middle,935396,Self-Employed,0,C,706,West,27
B016710,Middle,935920,Freelancer,9,C,649,North,60
B016711,Low,186398,Business Owner,29,D,590,North,47
B016712,Middle,843967,Freelancer,19,B,734,East,57
B016713,Middle,997277,Salaried,20,D,555,North,48
B016714,Middle,645899,Business Owner,0,G,338,East,40
B016715,Low,246992,Salaried,2,C,690,West,51
B016716,Low,205013,Salaried,16,B,790,East,28
B016717,Middle,755166,Freelancer,3,C,696,Central,34
B016718,Lower-Middle,318169,Business Owner,11,C,621,North,52
B016719,Middle,712351,Self-Employed,11,F,414,East,22
B016720,Lower-Middle,556487,Salaried,3,C,674,Central,54
B016721,Lower-Middle,317815,Salaried,28,B,734,West,25
B016722,Middle,722685,Self-Employed,27,B,742,Central,27
B016723,Lower-Middle,595973,Salaried,26,A,824,East,25
B016724,Low,171823,Salaried,14,E,502,North,53
B016725,Upper-Middle,1609803,Business Owner,3,C,696,South,21
B016726,Lower-Middle,598330,Salaried,26,E,491,Central,53
B016727,High,3757309,Salaried,27,D,534,South,57
B016728,Lower-Middle,556572,Salaried,7,E,485,Central,44
B016729,Upper-Middle,1797649,Salaried,21,B,720,West,25
B016730,Upper-Middle,1217830,Salaried,9,B,817,West,58
B016731,Low,294097,Salaried,25,C,696,Central,31
B016732,Middle,816377,Salaried,29,C,693,Central,60
B016733,Middle,642553,Salaried,10,D,542,East,48
B016734,Middle,946193,Salaried,16,E,515,West,28
B016735,Lower-Middle,339248,Freelancer,18,F,406,North,24
B016736,High,2189588,Salaried,11,D,575,North,28
B016737,Middle,600245,Self-Employed,29,B,771,Central,46
B016738,High,2631279,Self-Employed,22,C,614,North,25
B016739,Upper-Middle,1333187,Salaried,12,F,404,North,40
B016740,Upper-Middle,1207276,Salaried,1,B,752,North,61
B016741,Middle,928081,Freelancer,7,A,834,North,64
B016742,Middle,952469,Salaried,23,F,377,East,28
B016743,Upper-Middle,1235639,Self-Employed,0,A,838,North,48
B016744,Middle,807885,Self-Employed,4,E,481,North,44
B016745,Low,291281,Business Owner,13,B,771,Central,41
B016746,Middle,672212,Self-Employed,0,D,571,North,25
B016747,Low,182816,Salaried,6,B,687,North,37
B016748,High,2627949,Salaried,29,F,386,East,47
B016749,Middle,696714,Business Owner,28,A,847,South,49
B016750,Middle,614710,Salaried,6,C,668,South,39
B016751,Lower-Middle,569561,Freelancer,12,E,535,East,61
B016752,Middle,621068,Business Owner,26,D,556,North,31
B016753,Lower-Middle,409523,Salaried,2,C,633,West,44
B016754,Middle,638124,Salaried,15,C,692,West,50
B016755,Middle,739178,Freelancer,25,D,583,North,30
B016756,Middle,643298,Salaried,4,G,333,East,41
B016757,Lower-Middle,333366,Salaried,28,D,523,South,25
B016758,Middle,856412,Salaried,15,D,563,East,42
B016759,Middle,777189,Salaried,0,C,683,West,49
B016760,Upper-Middle,1218303,Salaried,5,D,564,South,63
B016761,Upper-Middle,1763841,Business Owner,27,F,434,West,22
B016762,Upper-Middle,1776338,Self-Employed,2,B,733,West,34
B016763,Lower-Middle,483810,Salaried,22,C,717,Central,34
B016764,Low,180599,Self-Employed,9,A,840,North,64
B016765,High,3847502,Salaried,5,D,590,East,59
B016766,High,2605601,Self-Employed,14,E,467,East,57
B016767,Low,222635,Salaried,22,D,571,Central,58
B016768,Middle,895052,Unemployed,19,E,534,South,28
B016769,Lower-Middle,522512,Business Owner,9,E,473,South,29
B016770,Low,218894,Self-Employed,10,G,309,West,36
B016771,High,2984953,Salaried,14,C,704,South,50
B016772,High,3940210,Self-Employed,8,A,829,North,34
B016773,High,2889849,Salaried,18,D,601,East,56
B016774,Low,255937,Business Owner,13,E,482,Central,53
B016775,Middle,684924,Freelancer,2,C,630,South,52
B016776,Upper-Middle,1495400,Unemployed,13,C,693,North,32
B016777,Middle,671239,Self-Employed,4,E,552,East,44
B016778,Lower-Middle,409855,Self-Employed,24,A,881,East,33
B016779,Middle,779426,Salaried,13,D,588,South,48
B016780,Low,250667,Salaried,3,E,476,West,53
B016781,Middle,632583,Self-Employed,7,G,317,North,40
B016782,Upper-Middle,1080228,Freelancer,2,E,511,East,55
B016783,Low,157810,Freelancer,4,B,729,North,33
B016784,Low,207194,Freelancer,15,D,521,Central,53
B016785,Middle,680596,Salaried,2,C,630,East,30
B016786,Middle,907781,Self-Employed,17,C,651,West,42
B016787,Lower-Middle,547551,Self-Employed,27,E,481,West,59
B016788,Low,186700,Self-Employed,8,D,568,West,53
B016789,Upper-Middle,1492046,Salaried,1,E,488,West,42
B016790,Lower-Middle,446868,Self-Employed,6,E,465,Central,47
B016791,Middle,680217,Salaried,24,D,584,West,49
B016792,Middle,854481,Self-Employed,25,E,481,North,58
B016793,Lower-Middle,521128,Freelancer,14,B,745,South,34
B016794,Middle,935008,Business Owner,6,A,849,East,52
B016795,Middle,720812,Salaried,11,B,744,Central,62
B016796,Middle,661731,Salaried,19,E,525,East,47
B016797,Middle,972705,Self-Employed,9,G,300,Central,52
B016798,Lower-Middle,579283,Business Owner,21,F,397,West,48
B016799,Lower-Middle,385793,Salaried,22,A,888,South,62
B016800,Middle,622529,Self-Employed,17,G,300,Central,33
B016801,Middle,883481,Freelancer,15,F,424,East,62
B016802,Lower-Middle,409514,Salaried,11,B,747,East,47
B016803,Lower-Middle,527590,Business Owner,14,D,633,North,47
B016804,Middle,628664,Freelancer,24,G,300,North,63
B016805,Low,218857,Business Owner,4,C,641,East,23
B016806,Upper-Middle,1265908,Freelancer,13,G,338,West,62
B016807,Middle,857062,Business Owner,10,D,636,Central,62
B016808,Low,256417,Salaried,2,C,684,West,26
B016809,Middle,979493,Salaried,1,B,752,East,48
B016810,Lower-Middle,404329,Salaried,0,B,726,South,38
B016811,High,2084176,Salaried,20,E,497,East,30
B016812,High,3914538,Self-Employed,27,C,713,North,31
B016813,Upper-Middle,1456145,Salaried,2,C,687,East,21
B016814,Middle,973367,Salaried,24,F,392,North,54
B016815,High,3627256,Business Owner,8,B,749,West,33
B016816,Middle,796328,Salaried,26,C,678,North,45
B016817,Upper-Middle,1070847,Salaried,1,F,375,East,39
B016818,Low,194889,Self-Employed,7,F,407,South,60
B016819,Upper-Middle,1559360,Salaried,12,E,517,West,27
B016820,Middle,893656,Salaried,8,C,682,West,26
B016821,Lower-Middle,375455,Salaried,29,B,764,South,52
B016822,High,3209454,Business Owner,17,E,463,South,48
B016823,Middle,641137,Self-Employed,11,E,501,Central,46
B016824,Upper-Middle,1170812,Self-Employed,26,E,467,Central,42
B016825,Low,168381,Salaried,29,C,690,Central,44
B016826,Middle,681336,Business Owner,26,D,600,South,46
B016827,Middle,666201,Salaried,22,E,455,North,62
B016828,Low,257926,Self-Employed,9,F,378,West,56
B016829,Upper-Middle,1732411,Salaried,22,B,756,South,61
B016830,Middle,986564,Salaried,25,C,654,South,58
B016831,Lower-Middle,417360,Salaried,13,C,656,West,30
B016832,Middle,943801,Salaried,11,E,509,North,21
B016833,Low,163717,Salaried,24,F,417,Central,45
B016834,Upper-Middle,1455243,Salaried,5,C,688,South,58
B016835,Upper-Middle,1484254,Freelancer,28,D,597,South,39
B016836,Middle,764049,Self-Employed,4,D,625,West,64
B016837,Middle,609008,Self-Employed,21,B,754,West,32
B016838,Lower-Middle,399078,Salaried,17,E,507,West,54
B016839,Lower-Middle,301500,Salaried,3,C,613,East,26
B016840,Upper-Middle,1646675,Freelancer,2,F,365,West,29
B016841,Lower-Middle,599672,Salaried,7,D,596,South,60
B016842,Lower-Middle,362384,Business Owner,16,E,491,East,34
B016843,Lower-Middle,531464,Self-Employed,17,A,850,North,62
B016844,Middle,956593,Salaried,0,C,666,East,25
B016845,Upper-Middle,1230745,Business Owner,16,C,618,South,60
B016846,Low,247257,Business Owner,6,B,736,Central,64
B016847,Lower-Middle,374739,Freelancer,11,D,579,Central,64
B016848,Low,159929,Self-Employed,26,E,523,North,39
B016849,Low,236592,Salaried,21,D,586,West,40
B016850,Lower-Middle,387234,Self-Employed,27,E,486,North,60
B016851,Upper-Middle,1690007,Salaried,20,C,668,South,27
B016852,Middle,983224,Salaried,20,C,652,East,54
B016853,Low,176596,Self-Employed,26,B,797,South,25
B016854,Middle,660008,Salaried,2,E,484,Central,36
B016855,Upper-Middle,1160206,Freelancer,13,B,801,North,55
B016856,Lower-Middle,439599,Unemployed,27,B,752,Central,32
B016857,Lower-Middle,395432,Salaried,17,A,848,Central,24
B016858,Upper-Middle,1512583,Salaried,7,C,667,West,41
B016859,Low,219716,Salaried,20,C,677,Central,49
B016860,Upper-Middle,1017534,Salaried,2,C,635,South,35
B016861,Upper-Middle,1599340,Salaried,24,E,491,West,49
B016862,Upper-Middle,1282456,Freelancer,10,C,654,West,45
B016863,Low,249566,Salaried,12,A,848,South,51
B016864,Low,276015,Salaried,4,D,570,South,22
B016865,Upper-Middle,1086981,Salaried,7,B,717,South,29
B016866,Middle,838290,Salaried,21,A,841,North,48
B016867,Lower-Middle,579639,Business Owner,2,E,513,East,38
B016868,Middle,653940,Business Owner,9,B,756,North,60
B016869,Low,240926,Salaried,28,E,476,South,32
B016870,Middle,686616,Salaried,17,D,527,Central,30
B016871,High,2739420,Freelancer,29,F,390,North,22
B016872,Middle,892271,Self-Employed,28,C,678,West,36
B016873,Middle,936644,Self-Employed,3,D,611,South,23
B016874,High,3836150,Salaried,13,D,502,North,61
B016875,Middle,921461,Self-Employed,28,E,522,East,43
B016876,Low,280340,Salaried,9,C,685,South,51
B016877,Middle,636281,Salaried,0,D,576,West,47
B016878,Low,255126,Self-Employed,17,D,561,Central,21
B016879,Lower-Middle,509007,Salaried,12,A,873,West,46
B016880,Middle,634542,Self-Employed,18,A,853,West,39
B016881,Lower-Middle,400858,Business Owner,12,F,362,West,56
B016882,Low,202971,Business Owner,16,D,602,South,26
B016883,Middle,858832,Self-Employed,3,D,589,East,40
B016884,Lower-Middle,462980,Salaried,3,E,526,Central,31
B016885,Middle,974881,Self-Employed,2,A,860,East,36
B016886,Lower-Middle,342748,Business Owner,0,B,803,East,54
B016887,Middle,837140,Salaried,20,D,618,West,25
B016888,Upper-Middle,1105847,Freelancer,25,E,479,East,24
B016889,Low,278876,Freelancer,11,D,615,North,55
B016890,Upper-Middle,1305084,Self-Employed,5,C,647,East,35
B016891,Low,191954,Salaried,22,D,540,North,23
B016892,Lower-Middle,385155,Self-Employed,1,D,569,West,27
B016893,Lower-Middle,335600,Salaried,1,C,708,Central,24
B016894,Lower-Middle,362601,Salaried,17,D,590,South,54
B016895,Low,207637,Salaried,0,A,855,South,55
B016896,Upper-Middle,1027477,Business Owner,4,B,782,North,38
B016897,Upper-Middle,1404910,Self-Employed,8,E,465,South,43
B016898,High,2206673,Salaried,28,C,661,West,42
B016899,High,3010991,Salaried,14,E,495,North,38
B016900,Lower-Middle,340907,Salaried,20,D,586,East,26
B016901,Low,188578,Salaried,9,C,670,Central,26
B016902,Low,268727,Salaried,29,E,448,Central,60
B016903,Middle,997733,Salaried,26,B,741,North,31
B016904,Upper-Middle,1278551,Salaried,24,B,754,Central,59
B016905,Lower-Middle,441816,Salaried,8,C,641,Central,54
B016906,Lower-Middle,432320,Business Owner,9,D,552,West,55
B016907,Lower-Middle,407496,Self-Employed,4,C,680,Central,30
B016908,Upper-Middle,1206652,Business Owner,20,C,631,East,57
B016909,Middle,857132,Salaried,23,F,366,East,44
B016910,Middle,694126,Salaried,12,F,383,West,64
B016911,Middle,779692,Salaried,0,F,437,Central,62
B016912,Lower-Middle,418668,Salaried,7,A,880,North,44
B016913,Lower-Middle,524047,Salaried,16,E,448,West,44
B016914,Upper-Middle,1653793,Business Owner,16,E,478,South,59
B016915,Upper-Middle,1017588,Salaried,12,B,782,Central,45
B016916,Lower-Middle,469897,Salaried,28,B,798,West,59
B016917,Lower-Middle,334356,Salaried,3,A,828,North,58
B016918,Low,163481,Salaried,0,E,500,East,42
B016919,Low,200885,Self-Employed,9,D,557,Central,64
B016920,Low,160635,Salaried,27,A,874,West,28
B016921,Low,289414,Salaried,28,B,750,West,39
B016922,Middle,877206,Business Owner,7,E,485,North,45
B016923,Upper-Middle,1516401,Salaried,16,D,544,Central,57
B016924,Upper-Middle,1134851,Salaried,2,E,511,West,55
B016925,Middle,940298,Self-Employed,10,B,770,Central,24
B016926,High,2373647,Salaried,29,G,316,Central,50
B016927,High,2379903,Freelancer,14,B,749,Central,31
B016928,Lower-Middle,567003,Business Owner,3,C,657,West,52
B016929,Low,243778,Salaried,21,F,414,East,57
B016930,Low,250181,Salaried,29,C,655,North,29
B016931,Upper-Middle,1778157,Salaried,9,D,601,North,36
B016932,Low,209907,Business Owner,18,C,700,West,25
B016933,Lower-Middle,382242,Salaried,19,E,479,Central,26
B016934,Middle,706413,Self-Employed,25,C,671,Central,34
B016935,Middle,679577,Salaried,28,C,624,Central,29
B016936,Middle,934677,Business Owner,19,A,845,North,44
B016937,Upper-Middle,1230532,Unemployed,21,F,396,East,31
B016938,Middle,646505,Salaried,1,F,407,West,30
B016939,Upper-Middle,1619995,Salaried,9,E,508,West,62
B016940,Low,294473,Self-Employed,22,F,409,East,29
B016941,Upper-Middle,1613256,Self-Employed,27,D,607,Central,50
B016942,Middle,732956,Salaried,22,A,851,South,64
B016943,Lower-Middle,351793,Self-Employed,9,A,824,Central,62
B016944,High,3531455,Business Owner,5,E,520,East,54
B016945,High,3258856,Freelancer,17,D,551,West,59
B016946,Upper-Middle,1157626,Business Owner,2,C,647,East,36
B016947,High,3884556,Self-Employed,23,A,848,South,61
B016948,Lower-Middle,477642,Salaried,11,G,300,East,26
B016949,Lower-Middle,477504,Salaried,20,A,842,East,38
B016950,Lower-Middle,418865,Self-Employed,0,C,631,West,27
B016951,Upper-Middle,1164167,Self-Employed,8,D,566,North,47
B016952,Upper-Middle,1467061,Business Owner,0,D,543,North,38
B016953,High,2724924,Salaried,9,B,773,South,56
B016954,Upper-Middle,1130889,Salaried,25,D,584,South,30
B016955,Middle,607748,Salaried,10,C,641,West,32
B016956,Low,282691,Salaried,24,B,727,West,22
B016957,Low,289775,Salaried,15,D,566,North,29
B016958,Middle,640252,Salaried,13,F,392,North,56
B016959,Upper-Middle,1234768,Salaried,20,E,509,Central,31
B016960,Low,258834,Salaried,13,B,724,West,32
B016961,High,3221743,Salaried,17,B,784,Central,26
B016962,Middle,759084,Freelancer,11,C,658,West,58
B016963,Lower-Middle,396902,Freelancer,29,A,837,East,41
B016964,Upper-Middle,1790066,Salaried,4,A,818,South,62
B016965,Middle,644303,Business Owner,25,B,751,Central,28
B016966,Upper-Middle,1657499,Salaried,19,B,729,Central,42
B016967,Lower-Middle,415529,Freelancer,17,D,581,East,51
B016968,Lower-Middle,303838,Self-Employed,9,A,877,East,32
B016969,Low,269794,Salaried,7,B,813,South,54
B016970,Middle,990159,Salaried,8,A,848,Central,49
B016971,Upper-Middle,1663930,Freelancer,11,D,586,North,55
B016972,High,3168213,Freelancer,2,C,676,North,62
B016973,Upper-Middle,1596063,Salaried,3,A,894,Central,56
B016974,Low,191932,Self-Employed,16,C,670,Central,54
B016975,High,2411526,Self-Employed,23,A,828,South,41
B016976,Low,278853,Business Owner,29,E,485,East,27
B016977,Low,238573,Salaried,11,C,638,South,32
B016978,Upper-Middle,1357724,Salaried,27,D,622,Central,57
B016979,Upper-Middle,1504953,Salaried,22,E,501,North,25
B016980,High,2639764,Self-Employed,5,D,605,East,45
B016981,Upper-Middle,1720652,Salaried,7,D,562,East,55
B016982,Lower-Middle,387570,Business Owner,13,C,682,Central,41
B016983,Low,174045,Freelancer,5,C,667,East,47
B016984,Low,177071,Salaried,14,C,624,South,29
B016985,Middle,969732,Freelancer,5,A,820,East,57
B016986,Middle,723191,Self-Employed,11,C,678,West,44
B016987,Low,296588,Self-Employed,10,C,730,Central,32
B016988,Middle,616226,Salaried,7,B,782,North,53
B016989,Middle,619729,Salaried,3,F,416,West,56
B016990,Middle,928173,Unemployed,22,A,888,East,37
B016991,Lower-Middle,421296,Self-Employed,0,B,745,North,52
B016992,Lower-Middle,511156,Self-Employed,11,D,595,South,62
B016993,Middle,837090,Salaried,22,E,461,East,56
B016994,Middle,874863,Salaried,23,C,670,Central,28
B016995,Lower-Middle,457605,Salaried,11,D,563,Central,37
B016996,Low,255496,Self-Employed,2,C,692,East,21
B016997,High,3053707,Freelancer,22,G,300,West,57
B016998,Upper-Middle,1322561,Salaried,26,D,555,East,43
B016999,Lower-Middle,509375,Salaried,5,B,797,West,28
B017000,Middle,648614,Salaried,22,E,514,Central,28
B017001,Middle,707160,Salaried,16,B,762,North,21
B017002,Low,178134,Salaried,9,C,683,Central,49
B017003,Lower-Middle,552071,Salaried,28,D,588,North,34
B017004,High,3169057,Business Owner,21,E,549,Central,40
B017005,Middle,600594,Salaried,6,G,316,East,31
B017006,Lower-Middle,547547,Freelancer,17,C,681,North,39
B017007,Upper-Middle,1220295,Freelancer,6,D,567,North,38
B017008,Middle,604367,Salaried,8,D,582,Central,41
B017009,Middle,632161,Self-Employed,21,B,725,West,38
B017010,Lower-Middle,466233,Salaried,10,D,586,East,26
B017011,Low,177345,Salaried,9,F,412,Central,58
B017012,Low,244355,Salaried,17,D,587,Central,33
B017013,High,3682207,Salaried,7,C,701,North,21
B017014,Middle,763600,Self-Employed,15,D,614,East,40
B017015,Upper-Middle,1696946,Self-Employed,4,E,526,West,34
B017016,Low,182075,Self-Employed,6,B,732,West,54
B017017,Upper-Middle,1512809,Self-Employed,9,B,782,East,36
B017018,Middle,956982,Business Owner,25,D,595,South,59
B017019,Middle,819995,Business Owner,8,A,874,South,34
B017020,Lower-Middle,534008,Freelancer,28,E,485,North,32
B017021,Middle,842015,Self-Employed,8,C,673,East,24
B017022,Low,174027,Salaried,20,B,742,East,27
B017023,Low,287875,Self-Employed,23,E,524,Central,34
B017024,Upper-Middle,1163812,Salaried,18,B,762,North,37
B017025,Low,267759,Salaried,13,C,713,East,32
B017026,Low,163989,Business Owner,21,C,642,West,37
B017027,High,2876541,Freelancer,22,E,494,East,23
B017028,Lower-Middle,474707,Unemployed,6,C,672,North,40
B017029,Middle,870088,Salaried,11,D,538,West,24
B017030,Upper-Middle,1561482,Salaried,8,G,328,North,47
B017031,Upper-Middle,1044016,Salaried,4,D,608,West,31
B017032,Low,198431,Business Owner,0,B,742,South,39
B017033,Middle,867236,Self-Employed,9,C,671,West,42
B017034,Middle,749882,Business Owner,1,D,560,North,32
B017035,Lower-Middle,433968,Freelancer,14,C,703,West,28
B017036,Upper-Middle,1078471,Salaried,8,D,537,North,24
B017037,High,3121093,Salaried,3,D,530,South,61
B017038,Low,199149,Business Owner,3,E,510,West,56
B017039,Low,167020,Salaried,8,D,593,South,22
B017040,Upper-Middle,1403721,Salaried,11,D,596,East,53
B017041,Middle,760817,Salaried,12,B,767,East,40
B017042,Upper-Middle,1504096,Self-Employed,8,C,695,South,58
B017043,Low,184336,Unemployed,25,E,491,East,37
B017044,Low,172775,Salaried,25,E,481,South,29
B017045,Middle,736953,Salaried,8,B,809,East,54
B017046,High,3822135,Freelancer,29,A,860,West,58
B017047,Low,182090,Salaried,7,D,571,West,22
B017048,Upper-Middle,1236647,Business Owner,7,C,667,South,60
B017049,Lower-Middle,535319,Freelancer,7,C,643,West,37
B017050,Low,263974,Salaried,5,A,886,West,58
B017051,Middle,757981,Salaried,9,C,645,East,47
B017052,Lower-Middle,543492,Salaried,7,B,760,West,22
B017053,Middle,899048,Salaried,1,A,860,East,62
B017054,Lower-Middle,385400,Salaried,2,C,624,North,36
B017055,Middle,848245,Salaried,2,E,482,East,26
B017056,Lower-Middle,378388,Salaried,16,F,401,Central,63
B017057,Upper-Middle,1416953,Business Owner,19,B,742,East,36
B017058,High,2775568,Salaried,25,C,660,East,44
B017059,Lower-Middle,442980,Salaried,13,A,865,West,42
B017060,Lower-Middle,586266,Salaried,9,F,429,Central,54
B017061,High,3543427,Self-Employed,24,A,858,East,34
B017062,Low,242776,Salaried,22,F,360,South,34
B017063,Upper-Middle,1041268,Salaried,23,D,566,West,62
B017064,Middle,651094,Freelancer,27,E,474,West,40
B017065,Upper-Middle,1511812,Business Owner,22,B,729,West,28
B017066,Lower-Middle,575560,Self-Employed,0,D,543,West,37
B017067,Lower-Middle,314578,Business Owner,7,B,765,Central,38
B017068,Lower-Middle,596934,Salaried,17,D,564,South,56
B017069,Low,220618,Salaried,11,D,597,South,26
B017070,Low,207176,Salaried,8,E,518,Central,27
B017071,High,3300596,Business Owner,4,D,525,North,47
B017072,Lower-Middle,596854,Freelancer,18,G,357,Central,41
B017073,Low,180607,Self-Employed,27,D,594,South,23
B017074,Lower-Middle,588852,Salaried,1,D,594,West,60
B017075,Lower-Middle,337217,Self-Employed,7,A,865,Central,21
B017076,Middle,924183,Self-Employed,0,B,756,Central,59
B017077,Low,255529,Salaried,27,B,727,West,48
B017078,Upper-Middle,1390058,Salaried,2,B,757,South,56
B017079,Upper-Middle,1437545,Salaried,9,B,689,South,59
B017080,Lower-Middle,593063,Salaried,23,C,713,West,25
B017081,Upper-Middle,1612450,Business Owner,8,C,652,West,47
B017082,Lower-Middle,596881,Salaried,11,D,586,South,46
B017083,Lower-Middle,334065,Self-Employed,9,D,546,East,39
B017084,High,2673124,Salaried,25,F,430,Central,35
B017085,Upper-Middle,1198952,Salaried,28,C,671,North,49
B017086,Lower-Middle,397846,Business Owner,7,A,879,East,63
B017087,Middle,986804,Self-Employed,11,E,518,East,64
B017088,Lower-Middle,466182,Business Owner,7,E,448,Central,46
B017089,Middle,933530,Self-Employed,3,C,664,South,42
B017090,Middle,603708,Business Owner,4,A,839,North,60
B017091,Low,228327,Salaried,27,F,376,East,28
B017092,High,3904044,Self-Employed,26,F,420,South,28
B017093,Middle,736652,Salaried,18,G,309,Central,31
B017094,Low,224101,Business Owner,22,C,676,West,57
B017095,Upper-Middle,1239855,Self-Employed,28,B,755,South,30
B017096,Upper-Middle,1569080,Salaried,1,C,673,South,39
B017097,Lower-Middle,302660,Self-Employed,21,D,568,North,28
B017098,Middle,828204,Business Owner,23,A,878,North,42
B017099,Upper-Middle,1089265,Salaried,15,C,678,East,39
B017100,High,2796281,Self-Employed,23,F,362,West,57
B017101,Lower-Middle,451279,Business Owner,6,A,856,West,24
B017102,Middle,763116,Salaried,2,B,756,North,29
B017103,Upper-Middle,1040533,Self-Employed,7,D,592,North,53
B017104,High,3027235,Freelancer,3,G,308,East,28
B017105,Low,187599,Salaried,27,F,405,North,38
B017106,Middle,776414,Salaried,20,B,774,Central,23
B017107,Upper-Middle,1072558,Self-Employed,4,D,611,East,48
B017108,Low,174462,Self-Employed,6,G,311,East,44
B017109,Lower-Middle,484718,Business Owner,1,D,586,West,43
B017110,Middle,997443,Self-Employed,0,B,803,East,51
B017111,Middle,992438,Self-Employed,0,D,595,North,35
B017112,Upper-Middle,1091871,Salaried,21,D,485,South,61
B017113,Low,236979,Salaried,27,D,553,South,63
B017114,Upper-Middle,1723027,Self-Employed,21,D,579,North,54
B017115,Lower-Middle,419733,Salaried,2,B,777,East,60
B017116,Upper-Middle,1643332,Unemployed,2,E,523,North,48
B017117,Lower-Middle,342700,Salaried,19,C,628,North,61
B017118,Low,297880,Salaried,5,B,741,Central,43
B017119,High,3214730,Business Owner,2,C,677,North,55
B017120,Upper-Middle,1494037,Salaried,5,D,571,North,41
B017121,Lower-Middle,474307,Salaried,22,D,580,East,53
B017122,Lower-Middle,570790,Freelancer,20,E,484,Central,40
B017123,Middle,723538,Business Owner,18,E,500,South,35
B017124,High,2270526,Salaried,8,D,621,South,56
B017125,Lower-Middle,460282,Salaried,9,D,573,West,27
B017126,High,3966293,Self-Employed,8,D,570,Central,36
B017127,Lower-Middle,594875,Salaried,28,C,678,South,62
B017128,Middle,636657,Salaried,14,C,672,North,34
B017129,Lower-Middle,314371,Salaried,5,D,641,South,45
B017130,Low,271237,Business Owner,8,E,482,Central,60
B017131,High,3214541,Salaried,16,E,505,South,61
B017132,Low,243767,Business Owner,19,B,745,Central,59
B017133,High,3338502,Salaried,3,G,301,East,29
B017134,Low,154696,Self-Employed,1,G,300,East,53
B017135,Lower-Middle,423116,Salaried,9,C,677,West,54
B017136,High,2854782,Salaried,17,G,300,Central,49
B017137,Middle,863567,Self-Employed,25,D,581,West,56
B017138,Lower-Middle,474094,Salaried,4,B,789,South,37
B017139,Middle,902217,Freelancer,23,E,506,South,54
B017140,Lower-Middle,462820,Business Owner,0,A,847,North,54
B017141,Upper-Middle,1505904,Salaried,22,D,629,East,58
B017142,Low,150760,Self-Employed,10,E,471,Central,55
B017143,Middle,854756,Freelancer,2,C,710,South,46
B017144,Low,226730,Salaried,25,C,653,South,43
B017145,Middle,765296,Salaried,21,C,683,Central,46
B017146,High,3332961,Business Owner,6,C,651,North,38
B017147,Upper-Middle,1001676,Salaried,19,D,588,South,64
B017148,Lower-Middle,530735,Self-Employed,5,E,522,South,26
B017149,Lower-Middle,566016,Salaried,27,F,388,Central,62
B017150,Low,166951,Self-Employed,15,D,617,Central,46
B017151,Upper-Middle,1283639,Salaried,28,C,667,Central,33
B017152,Low,280293,Salaried,17,C,653,Central,43
B017153,Middle,624858,Freelancer,13,D,617,North,26
B017154,Lower-Middle,368168,Self-Employed,17,B,742,North,49
B017155,High,3572581,Salaried,5,C,622,Central,64
B017156,Middle,742854,Self-Employed,18,D,537,South,21
B017157,Middle,735590,Salaried,5,D,595,North,42
B017158,High,2676558,Salaried,17,A,827,East,48
B017159,High,3927495,Self-Employed,3,C,663,Central,47
B017160,Middle,623136,Freelancer,4,E,481,West,57
B017161,Upper-Middle,1293734,Salaried,4,E,521,East,52
B017162,Middle,744709,Freelancer,15,D,596,North,46
B017163,Lower-Middle,593735,Self-Employed,7,F,416,West,62
B017164,Low,193180,Salaried,6,E,502,North,40
B017165,Middle,977618,Business Owner,11,E,481,North,31
B017166,Middle,761340,Salaried,14,E,467,West,64
B017167,Low,218484,Business Owner,27,E,461,North,53
B017168,Lower-Middle,503057,Self-Employed,3,E,500,North,48
B017169,Upper-Middle,1384163,Salaried,17,A,839,Central,36
B017170,Low,182530,Salaried,17,D,601,East,56
B017171,Middle,935790,Salaried,13,E,485,West,24
B017172,Middle,712856,Salaried,23,B,774,West,30
B017173,Lower-Middle,557162,Freelancer,22,B,801,Central,60
B017174,Lower-Middle,590433,Business Owner,27,C,722,West,29
B017175,Lower-Middle,460139,Business Owner,29,D,576,West,22
B017176,Lower-Middle,352326,Self-Employed,25,E,506,East,61
B017177,Middle,665032,Salaried,10,D,538,North,36
B017178,Upper-Middle,1681431,Business Owner,5,B,733,West,61
B017179,Upper-Middle,1226912,Salaried,15,E,493,East,21
B017180,Low,224116,Salaried,13,C,689,East,26
B017181,Middle,913629,Salaried,13,E,475,South,44
B017182,Lower-Middle,316665,Freelancer,0,D,559,Central,63
B017183,Upper-Middle,1346660,Business Owner,26,A,830,West,40
B017184,Low,250601,Salaried,11,C,690,East,53
B017185,Middle,829911,Freelancer,16,D,583,North,21
B017186,Middle,762657,Business Owner,16,F,408,East,34
B017187,Lower-Middle,405840,Self-Employed,28,D,587,South,43
B017188,High,1974933,Salaried,22,G,324,East,30
B017189,Low,240802,Salaried,6,C,670,North,29
B017190,Low,158711,Salaried,8,B,769,East,49
B017191,Middle,808539,Self-Employed,8,C,678,Central,31
B017192,Middle,653529,Self-Employed,12,D,534,South,25
B017193,Lower-Middle,311983,Salaried,15,A,865,East,30
B017194,Lower-Middle,446153,Salaried,25,A,855,East,52
B017195,Low,195897,Salaried,6,D,582,Central,47
B017196,Upper-Middle,1390723,Business Owner,19,C,645,Central,57
B017197,Middle,665503,Salaried,11,E,482,Central,22
B017198,Lower-Middle,589955,Business Owner,16,C,667,East,43
B017199,Lower-Middle,304194,Unemployed,2,C,613,East,62
B017200,Upper-Middle,1108552,Business Owner,14,D,579,West,57
B017201,Upper-Middle,1568922,Salaried,19,F,396,North,47
B017202,Low,289527,Business Owner,15,A,861,West,50
B017203,Middle,618306,Freelancer,0,B,753,South,24
B017204,Low,153349,Business Owner,9,A,843,East,46
B017205,Lower-Middle,467525,Salaried,9,G,309,West,25
B017206,Upper-Middle,1352632,Salaried,1,B,716,East,39
B017207,Upper-Middle,1163606,Salaried,10,E,473,South,35
B017208,Low,169845,Salaried,17,D,583,North,49
B017209,Upper-Middle,1682498,Self-Employed,12,E,455,East,55
B017210,Middle,649586,Salaried,26,C,666,North,63
B017211,Upper-Middle,1556280,Business Owner,15,C,651,Central,63
B017212,Upper-Middle,1661609,Self-Employed,29,G,300,Central,26
B017213,Middle,608931,Self-Employed,22,A,863,West,22
B017214,High,3438009,Salaried,2,D,547,South,28
B017215,Lower-Middle,504982,Salaried,18,G,300,West,56
B017216,Middle,817214,Salaried,6,B,717,East,50
B017217,Lower-Middle,323815,Freelancer,11,E,477,South,47
B017218,Upper-Middle,1726294,Salaried,21,C,619,East,64
B017219,Low,286270,Salaried,26,B,762,North,41
B017220,Lower-Middle,402435,Salaried,16,B,786,North,42
B017221,Upper-Middle,1269001,Self-Employed,14,E,482,South,51
B017222,Lower-Middle,464165,Self-Employed,26,A,853,North,38
B017223,Lower-Middle,562662,Unemployed,20,C,649,Central,28
B017224,Lower-Middle,579668,Salaried,10,D,563,Central,63
B017225,Middle,699733,Salaried,6,B,771,South,63
B017226,Lower-Middle,466904,Business Owner,17,B,737,South,33
B017227,Lower-Middle,409331,Salaried,0,B,736,West,26
B017228,Middle,687240,Salaried,27,A,797,South,35
B017229,High,1806348,Freelancer,27,C,642,West,38
B017230,Upper-Middle,1234775,Self-Employed,20,D,564,North,39
B017231,Lower-Middle,398422,Salaried,8,F,358,East,63
B017232,Upper-Middle,1523657,Freelancer,6,E,485,North,43
B017233,Upper-Middle,1515124,Salaried,19,G,315,West,56
B017234,Upper-Middle,1782801,Salaried,23,E,468,West,23
B017235,Middle,865227,Salaried,19,G,308,East,28
B017236,Low,172967,Salaried,4,B,746,Central,38
B017237,Middle,835854,Salaried,28,B,795,West,24
B017238,Middle,666209,Business Owner,3,C,627,South,46
B017239,Lower-Middle,346182,Unemployed,1,D,599,East,31
B017240,Low,289084,Self-Employed,10,E,497,East,26
B017241,Lower-Middle,353593,Freelancer,6,D,552,West,26
B017242,Middle,790845,Salaried,14,G,307,West,41
B017243,Low,286098,Salaried,17,C,674,West,35
B017244,Middle,842744,Salaried,20,D,606,North,34
B017245,Upper-Middle,1367657,Salaried,6,D,585,North,34
B017246,Lower-Middle,400516,Salaried,23,B,716,South,25
B017247,Low,168868,Salaried,6,E,490,North,26
B017248,Low,278819,Freelancer,19,D,597,East,61
B017249,Lower-Middle,540877,Salaried,19,B,809,South,25
B017250,Upper-Middle,1734686,Business Owner,22,C,648,West,36
B017251,Middle,909828,Salaried,21,D,621,West,30
B017252,Upper-Middle,1392026,Self-Employed,29,E,492,Central,42
B017253,High,2226376,Self-Employed,6,C,625,North,53
B017254,Lower-Middle,564323,Salaried,0,E,529,East,44
B017255,Middle,681686,Salaried,0,C,649,West,54
B017256,Middle,787310,Self-Employed,25,C,690,South,28
B017257,Middle,863473,Self-Employed,24,A,823,Central,48
B017258,Lower-Middle,554593,Salaried,16,D,607,West,45
B017259,Lower-Middle,553134,Salaried,26,B,766,East,21
B017260,Middle,745832,Salaried,11,D,564,North,31
B017261,Middle,648709,Salaried,9,G,300,East,43
B017262,Lower-Middle,446937,Freelancer,5,G,300,North,47
B017263,Low,280941,Salaried,11,C,650,South,30
B017264,Middle,715709,Salaried,29,E,449,South,26
B017265,Upper-Middle,1430484,Self-Employed,24,G,300,North,27
B017266,Middle,663140,Business Owner,18,D,630,North,55
B017267,Low,261475,Salaried,20,C,659,Central,25
B017268,Lower-Middle,482082,Self-Employed,18,B,765,East,58
B017269,Upper-Middle,1591779,Self-Employed,3,B,744,North,27
B017270,Upper-Middle,1231985,Salaried,4,E,517,South,64
B017271,Low,251465,Salaried,0,B,780,East,48
B017272,Middle,668360,Business Owner,24,C,656,Central,60
B017273,Lower-Middle,425753,Salaried,18,E,468,East,40
B017274,Middle,936503,Salaried,14,E,460,North,50
B017275,Low,226702,Self-Employed,9,B,739,East,36
B017276,Middle,959728,Salaried,3,D,593,West,27
B017277,High,3597429,Salaried,3,C,659,North,53
B017278,Lower-Middle,458233,Salaried,2,C,648,West,24
B017279,Lower-Middle,402063,Salaried,26,D,562,South,39
B017280,Low,262128,Self-Employed,29,E,521,Central,24
B017281,Low,262585,Salaried,2,A,837,East,43
B017282,High,2942303,Salaried,0,A,862,East,57
B017283,High,2102044,Self-Employed,0,F,407,West,28
B017284,Low,197998,Business Owner,26,G,312,Central,54
B017285,Upper-Middle,1383117,Salaried,29,D,566,North,34
B017286,Low,291590,Salaried,3,B,792,South,30
B017287,Middle,909507,Salaried,25,A,861,North,60
B017288,Middle,910923,Freelancer,20,B,755,North,31
B017289,Lower-Middle,361304,Salaried,18,C,651,East,46
B017290,Middle,662001,Salaried,6,D,559,East,25
B017291,Middle,988811,Self-Employed,19,B,789,West,27
B017292,Lower-Middle,386248,Business Owner,16,B,779,West,63
B017293,High,3241613,Freelancer,12,E,536,Central,39
B017294,Lower-Middle,525991,Salaried,0,B,766,South,32
B017295,Low,228402,Unemployed,7,B,773,East,59
B017296,High,1963740,Salaried,25,D,523,North,58
B017297,Lower-Middle,400725,Business Owner,10,A,864,East,31
B017298,Lower-Middle,579469,Salaried,7,D,603,North,54
B017299,Lower-Middle,467343,Freelancer,27,A,886,Central,33
B017300,Low,292631,Freelancer,23,B,698,East,56
B017301,Lower-Middle,348512,Business Owner,28,C,628,North,34
B017302,Lower-Middle,320413,Self-Employed,26,D,594,South,48
B017303,Middle,863815,Salaried,2,B,765,West,63
B017304,Middle,711305,Salaried,14,F,362,West,30
B017305,Upper-Middle,1457441,Salaried,5,F,411,West,30
B017306,High,2605997,Self-Employed,28,D,572,West,30
B017307,Lower-Middle,374760,Salaried,16,C,648,Central,42
B017308,High,1994252,Salaried,19,B,735,Central,62
B017309,Upper-Middle,1441717,Salaried,26,F,379,East,58
B017310,High,1918788,Business Owner,6,B,739,Central,45
B017311,Middle,887274,Salaried,8,C,628,West,41
B017312,Lower-Middle,378897,Self-Employed,13,C,713,North,50
B017313,Lower-Middle,342467,Salaried,21,C,708,West,57
B017314,Upper-Middle,1664201,Salaried,8,A,877,South,44
B017315,Middle,960712,Salaried,7,B,756,Central,44
B017316,Upper-Middle,1101335,Salaried,22,E,468,South,36
B017317,Middle,980548,Self-Employed,1,B,715,East,61
B017318,Lower-Middle,440800,Salaried,24,E,507,Central,51
B017319,Lower-Middle,335864,Unemployed,25,C,660,West,48
B017320,High,2612283,Salaried,3,A,893,North,58
B017321,Low,232404,Salaried,18,E,491,Central,48
B017322,Middle,705057,Freelancer,6,D,580,East,31
B017323,High,3517803,Freelancer,6,D,556,East,51
B017324,Low,167621,Salaried,1,B,805,North,28
B017325,Lower-Middle,565342,Salaried,21,D,525,North,28
B017326,Middle,766943,Salaried,20,E,489,East,23
B017327,Upper-Middle,1781574,Self-Employed,7,G,300,South,26
B017328,Middle,779113,Salaried,18,D,602,North,60
B017329,Low,152465,Salaried,0,C,670,North,22
B017330,Low,208519,Self-Employed,7,E,469,West,51
B017331,Lower-Middle,418236,Salaried,10,A,855,East,60
B017332,Lower-Middle,407561,Freelancer,19,C,701,East,52
B017333,Lower-Middle,525812,Salaried,19,E,498,East,31
B017334,Upper-Middle,1468245,Unemployed,13,C,685,Central,23
B017335,Low,285802,Self-Employed,9,A,875,East,41
B017336,Upper-Middle,1500212,Unemployed,20,B,750,Central,38
B017337,High,3085967,Business Owner,13,B,801,South,54
B017338,Middle,708797,Salaried,24,E,489,West,23
B017339,Middle,864633,Salaried,15,E,488,West,55
B017340,Low,255161,Salaried,5,E,539,South,51
B017341,Middle,617800,Business Owner,24,F,394,North,35
B017342,Lower-Middle,315566,Salaried,19,C,687,North,36
B017343,Lower-Middle,362971,Self-Employed,24,E,446,West,51
B017344,Middle,833589,Freelancer,17,C,635,North,64
B017345,Low,245377,Salaried,25,E,515,West,36
B017346,Lower-Middle,406856,Self-Employed,12,D,564,West,52
B017347,Middle,697818,Freelancer,9,G,328,West,47
B017348,Middle,665917,Business Owner,10,E,525,North,27
B017349,Low,195234,Salaried,24,A,822,North,57
B017350,Low,218021,Salaried,29,D,641,South,29
B017351,Lower-Middle,479917,Self-Employed,8,B,736,East,24
B017352,Middle,948298,Salaried,1,D,590,North,26
B017353,Middle,853793,Salaried,1,B,788,East,38
B017354,Low,231941,Freelancer,19,D,589,North,31
B017355,Middle,738317,Salaried,17,E,507,North,40
B017356,High,2748226,Salaried,26,C,654,South,63
B017357,Middle,857924,Salaried,28,B,751,East,24
B017358,Middle,854809,Freelancer,27,C,679,East,64
B017359,Middle,684508,Salaried,22,B,777,West,34
B017360,Upper-Middle,1647932,Salaried,21,B,728,North,33
B017361,High,3625439,Self-Employed,17,D,593,North,24
B017362,Low,297241,Salaried,12,E,477,Central,31
B017363,Lower-Middle,568202,Salaried,1,D,562,East,64
B017364,Low,165228,Self-Employed,1,B,792,West,32
B017365,Upper-Middle,1347974,Self-Employed,2,D,575,West,56
B017366,Low,158619,Salaried,19,F,399,South,43
B017367,Upper-Middle,1615045,Salaried,19,C,683,North,22
B017368,Low,280881,Business Owner,23,C,685,Central,42
B017369,Middle,795782,Salaried,13,D,579,West,24
B017370,Lower-Middle,355786,Unemployed,9,B,760,East,40
B017371,Middle,783755,Salaried,20,B,740,Central,42
B017372,Lower-Middle,339322,Salaried,13,D,585,East,24
B017373,Upper-Middle,1072306,Self-Employed,27,B,768,North,47
B017374,Middle,648950,Self-Employed,4,D,605,West,32
B017375,Lower-Middle,330467,Salaried,1,C,699,Central,56
B017376,Upper-Middle,1714239,Salaried,5,C,654,South,40
B017377,High,1867555,Freelancer,22,D,606,North,59
B017378,Upper-Middle,1226001,Salaried,23,B,734,Central,30
B017379,Upper-Middle,1164605,Salaried,8,C,677,North,49
B017380,Middle,778057,Salaried,7,D,610,North,48
B017381,Upper-Middle,1204021,Salaried,10,D,613,Central,21
B017382,Middle,700027,Salaried,18,E,504,South,27
B017383,High,3763619,Business Owner,7,E,519,West,33
B017384,Upper-Middle,1528943,Freelancer,10,D,590,East,36
B017385,Low,194427,Freelancer,9,A,838,Central,59
B017386,Low,198208,Salaried,14,B,791,Central,54
B017387,Upper-Middle,1295416,Salaried,3,A,791,East,29
B017388,Middle,758387,Salaried,17,B,774,West,47
B017389,Middle,675138,Salaried,29,A,839,North,23
B017390,High,2569926,Self-Employed,23,E,491,Central,61
B017391,Middle,949642,Salaried,18,D,638,Central,51
B017392,Lower-Middle,515848,Salaried,9,A,866,South,33
B017393,Middle,615372,Business Owner,24,D,565,East,50
B017394,Low,271459,Business Owner,4,E,445,Central,21
B017395,Middle,762552,Freelancer,2,A,830,South,32
B017396,Upper-Middle,1579602,Salaried,11,B,784,North,43
B017397,Low,208967,Freelancer,16,C,658,Central,48
B017398,Upper-Middle,1620481,Salaried,22,A,847,North,30
B017399,Upper-Middle,1531069,Salaried,20,A,843,North,46
B017400,Low,250846,Salaried,4,D,557,East,26
B017401,Upper-Middle,1705341,Self-Employed,19,D,625,East,27
B017402,Upper-Middle,1660438,Salaried,1,E,495,South,21
B017403,Middle,796948,Business Owner,8,A,861,Central,54
B017404,Lower-Middle,498495,Salaried,5,F,446,North,46
B017405,Lower-Middle,413649,Freelancer,21,A,846,Central,30
B017406,Middle,863980,Salaried,29,C,659,West,37
B017407,Lower-Middle,379977,Business Owner,0,A,851,South,55
B017408,Lower-Middle,471720,Freelancer,7,B,726,East,35
B017409,High,3591542,Self-Employed,20,E,496,North,32
B017410,Middle,801995,Freelancer,21,B,759,Central,37
B017411,Upper-Middle,1545922,Self-Employed,8,B,755,West,30
B017412,High,2432764,Salaried,29,D,607,Central,54
B017413,Low,272930,Self-Employed,2,A,855,North,59
B017414,Lower-Middle,441750,Self-Employed,12,D,588,Central,31
B017415,Middle,758725,Salaried,1,F,409,Central,61
B017416,Lower-Middle,309075,Salaried,9,A,861,East,43
B017417,Low,164922,Salaried,10,A,844,West,49
B017418,Upper-Middle,1099486,Salaried,16,C,631,South,64
B017419,Low,222851,Unemployed,18,E,469,East,61
B017420,Middle,630901,Freelancer,27,F,393,Central,23
B017421,Middle,848161,Self-Employed,23,E,507,Central,25
B017422,Middle,662581,Salaried,8,D,590,South,49
B017423,Lower-Middle,486774,Salaried,19,C,704,East,48
B017424,Low,226913,Salaried,22,E,491,South,51
B017425,Upper-Middle,1227487,Salaried,2,E,556,South,28
B017426,High,2821325,Business Owner,11,B,791,West,39
B017427,Middle,784297,Salaried,23,E,472,East,42
B017428,Low,169818,Salaried,11,E,487,West,56
B017429,Middle,785334,Salaried,26,F,388,Central,49
B017430,Lower-Middle,492361,Freelancer,4,E,507,North,50
B017431,Lower-Middle,508179,Salaried,1,E,504,East,36
B017432,Low,283898,Salaried,16,F,417,North,52
B017433,Low,258414,Salaried,24,B,710,North,24
B017434,Lower-Middle,460171,Salaried,1,D,561,North,26
B017435,Lower-Middle,389741,Self-Employed,15,F,376,South,39
B017436,Upper-Middle,1373292,Self-Employed,19,D,582,North,45
B017437,Middle,990165,Self-Employed,23,F,374,West,33
B017438,Lower-Middle,583449,Salaried,26,A,835,South,28
B017439,Low,260623,Freelancer,1,B,729,South,43
B017440,Upper-Middle,1026544,Self-Employed,8,B,764,Central,24
B017441,Low,159685,Freelancer,29,A,895,West,30
B017442,Lower-Middle,592508,Salaried,13,D,599,West,39
B017443,Middle,924145,Freelancer,17,C,696,West,43
B017444,Middle,795264,Business Owner,12,B,811,South,25
B017445,Upper-Middle,1320276,Salaried,22,E,510,West,56
B017446,Lower-Middle,354898,Salaried,21,D,592,North,21
B017447,Lower-Middle,455685,Salaried,11,A,806,East,42
B017448,Lower-Middle,495215,Business Owner,24,C,695,Central,63
B017449,Middle,651417,Salaried,13,E,478,South,60
B017450,Lower-Middle,442019,Self-Employed,11,B,770,West,59
B017451,Lower-Middle,406791,Business Owner,27,E,509,North,52
B017452,Low,283214,Business Owner,20,D,575,East,29
B017453,High,3365059,Salaried,19,E,493,North,48
B017454,Low,285456,Freelancer,1,B,720,Central,27
B017455,Lower-Middle,407155,Salaried,29,E,461,East,64
B017456,High,2157430,Business Owner,17,B,760,Central,36
B017457,Upper-Middle,1664409,Salaried,18,F,350,Central,23
B017458,Middle,769470,Salaried,14,B,801,North,25
B017459,Middle,829226,Salaried,14,C,666,East,25
B017460,Low,258239,Business Owner,1,D,588,West,35
B017461,Upper-Middle,1497536,Self-Employed,22,C,632,East,28
B017462,Lower-Middle,540789,Salaried,25,C,652,West,52
B017463,High,2187714,Salaried,12,A,841,East,51
B017464,Lower-Middle,326193,Self-Employed,13,E,439,Central,31
B017465,Middle,734895,Salaried,3,C,678,West,25
B017466,Middle,810738,Salaried,24,C,699,East,55
B017467,Low,263309,Business Owner,21,B,759,Central,23
B017468,Lower-Middle,537202,Salaried,13,D,582,West,61
B017469,Upper-Middle,1454424,Salaried,29,D,575,South,33
B017470,Lower-Middle,531907,Salaried,9,A,829,South,22
B017471,High,3059958,Self-Employed,3,A,851,North,52
B017472,Lower-Middle,373137,Self-Employed,13,D,582,East,44
B017473,Middle,899191,Salaried,23,C,683,East,59
B017474,Middle,838662,Salaried,9,G,300,East,24
B017475,Middle,826965,Salaried,26,B,759,West,39
B017476,Middle,923660,Salaried,4,B,746,South,45
B017477,Upper-Middle,1030606,Salaried,14,A,841,South,35
B017478,Middle,692761,Salaried,16,D,588,West,22
B017479,Middle,874355,Self-Employed,27,C,614,West,26
B017480,Middle,687558,Salaried,1,C,695,East,42
B017481,Lower-Middle,357762,Freelancer,29,B,767,West,44
B017482,Low,292655,Unemployed,0,A,883,Central,39
B017483,Low,289781,Salaried,12,B,701,East,48
B017484,Middle,787657,Self-Employed,14,C,691,West,63
B017485,High,2026626,Self-Employed,17,D,555,South,23
B017486,Low,267784,Salaried,20,B,781,East,28
B017487,Middle,913500,Salaried,6,C,690,South,43
B017488,Lower-Middle,407675,Unemployed,26,G,355,West,25
B017489,Middle,902744,Salaried,14,D,590,South,38
B017490,Upper-Middle,1071226,Self-Employed,8,G,300,Central,24
B017491,Upper-Middle,1364117,Self-Employed,26,A,837,Central,23
B017492,Middle,619513,Salaried,16,C,680,South,27
B017493,Upper-Middle,1705408,Self-Employed,8,B,762,North,25
B017494,Low,202384,Freelancer,27,F,372,West,46
B017495,Middle,667744,Salaried,9,F,417,Central,46
B017496,Lower-Middle,343613,Salaried,2,D,644,Central,63
B017497,High,2036367,Salaried,14,C,672,South,58
B017498,Upper-Middle,1086938,Business Owner,9,D,607,North,47
B017499,Low,221076,Self-Employed,7,F,408,North,61
B017500,Lower-Middle,351692,Salaried,5,D,558,East,49
B017501,Middle,905083,Business Owner,21,E,456,South,62
B017502,High,2920726,Unemployed,18,D,585,North,48
B017503,Low,280792,Salaried,9,A,855,North,58
B017504,Middle,929713,Business Owner,29,E,480,South,28
B017505,Lower-Middle,521325,Salaried,28,B,761,North,63
B017506,Middle,668468,Salaried,19,F,373,Central,62
B017507,Middle,784602,Salaried,6,C,668,Central,23
B017508,Lower-Middle,575141,Salaried,26,D,580,North,64
B017509,Upper-Middle,1611322,Freelancer,25,C,653,East,39
B017510,Low,231659,Salaried,21,A,822,North,27
B017511,Upper-Middle,1438465,Self-Employed,23,E,457,North,53
B017512,Lower-Middle,403571,Salaried,18,E,542,South,31
B017513,Middle,938680,Salaried,19,F,371,Central,50
B017514,Lower-Middle,570103,Freelancer,10,D,584,West,46
B017515,Middle,873461,Business Owner,23,B,780,West,50
B017516,Lower-Middle,599812,Salaried,21,B,788,North,61
B017517,Middle,913091,Salaried,29,C,721,South,51
B017518,Low,273433,Salaried,3,C,636,East,46
B017519,Lower-Middle,451041,Unemployed,5,C,668,South,32
B017520,Upper-Middle,1376042,Salaried,0,B,736,West,37
B017521,Middle,746548,Salaried,1,G,316,East,27
B017522,Middle,795621,Self-Employed,20,A,829,East,37
B017523,Middle,839280,Freelancer,7,E,491,East,21
B017524,Lower-Middle,462364,Salaried,27,D,555,Central,38
B017525,Upper-Middle,1162775,Business Owner,17,D,550,East,21
B017526,Lower-Middle,431894,Salaried,21,D,556,West,61
B017527,High,2893857,Self-Employed,6,F,370,East,32
B017528,Upper-Middle,1432629,Salaried,6,D,588,North,54
B017529,Lower-Middle,316659,Freelancer,25,C,661,East,27
B017530,Lower-Middle,518834,Self-Employed,25,C,673,Central,56
B017531,Middle,987310,Freelancer,4,E,451,West,22
B017532,Upper-Middle,1150722,Salaried,15,C,674,East,22
B017533,Lower-Middle,560156,Freelancer,14,E,480,Central,33
B017534,Lower-Middle,361391,Self-Employed,5,C,702,Central,34
B017535,Low,157939,Salaried,22,E,540,Central,56
B017536,Upper-Middle,1595737,Salaried,18,C,681,Central,55
B017537,Middle,944361,Business Owner,13,D,598,South,44
B017538,Lower-Middle,553250,Salaried,3,F,392,North,26
B017539,Middle,635233,Self-Employed,24,D,588,East,56
B017540,Upper-Middle,1005335,Self-Employed,7,B,751,South,32
B017541,High,3751604,Business Owner,25,D,582,North,50
B017542,Low,188675,Self-Employed,22,A,841,West,57
B017543,Lower-Middle,364751,Self-Employed,2,C,677,North,31
B017544,Lower-Middle,553680,Self-Employed,28,D,591,North,45
B017545,Middle,717124,Self-Employed,16,A,853,North,53
B017546,Low,223908,Salaried,10,C,675,East,44
B017547,Lower-Middle,577587,Business Owner,27,D,624,West,38
B017548,Upper-Middle,1554894,Business Owner,5,B,758,Central,33
B017549,Middle,774213,Salaried,18,B,779,West,50
B017550,Low,225370,Salaried,4,D,575,East,25
B017551,Lower-Middle,398659,Salaried,19,G,329,South,45
B017552,Low,278554,Business Owner,16,C,694,South,59
B017553,Lower-Middle,466033,Freelancer,28,B,786,West,30
B017554,Lower-Middle,545769,Salaried,0,G,331,North,28
B017555,Low,299678,Freelancer,13,E,520,North,46
B017556,Low,220692,Salaried,21,F,377,West,44
B017557,Upper-Middle,1017284,Freelancer,13,A,824,Central,27
B017558,Upper-Middle,1711889,Freelancer,18,F,432,Central,47
B017559,Low,186146,Salaried,11,E,467,West,24
B017560,Middle,702636,Freelancer,20,C,675,Central,41
B017561,Low,200661,Self-Employed,1,D,610,West,23
B017562,Upper-Middle,1774573,Salaried,10,B,755,North,56
B017563,Upper-Middle,1516043,Business Owner,17,C,658,South,63
B017564,Middle,895633,Salaried,3,D,552,North,21
B017565,Middle,654675,Salaried,28,B,769,South,49
B017566,Lower-Middle,412896,Salaried,28,G,314,Central,36
B017567,Lower-Middle,372538,Self-Employed,8,F,440,Central,25
B017568,Middle,607257,Self-Employed,25,F,411,Central,51
B017569,Low,248374,Business Owner,25,B,798,East,59
B017570,Middle,604257,Freelancer,16,D,609,South,23
B017571,Middle,947781,Freelancer,23,F,421,South,27
B017572,Low,248647,Self-Employed,5,B,739,North,61
B017573,Middle,812934,Freelancer,21,D,617,Central,22
B017574,Upper-Middle,1356814,Salaried,28,B,742,East,37
B017575,Middle,774603,Business Owner,18,D,573,North,61
B017576,Middle,725393,Salaried,9,D,565,South,47
B017577,Upper-Middle,1536402,Salaried,13,F,408,East,29
B017578,Low,241136,Salaried,26,D,562,West,21
B017579,Middle,725725,Salaried,13,E,450,Central,44
B017580,Lower-Middle,585312,Freelancer,6,B,833,South,44
B017581,Lower-Middle,414397,Salaried,21,D,548,West,43
B017582,High,3393825,Freelancer,8,F,434,Central,30
B017583,Lower-Middle,433996,Salaried,6,E,517,West,63
B017584,Lower-Middle,333545,Self-Employed,10,F,416,South,35
B017585,Low,286316,Salaried,5,D,576,South,61
B017586,High,3552307,Freelancer,12,D,547,North,62
B017587,Upper-Middle,1141705,Salaried,28,F,407,East,29
B017588,Low,215061,Self-Employed,27,C,702,South,52
B017589,Middle,941010,Freelancer,10,E,508,East,41
B017590,Low,260288,Business Owner,28,D,584,North,49
B017591,Middle,862288,Business Owner,4,E,532,Central,44
B017592,Middle,926485,Salaried,2,D,601,West,64
B017593,Low,197631,Salaried,23,D,577,South,47
B017594,Middle,938779,Salaried,25,A,870,North,28
B017595,High,3795508,Salaried,5,F,400,South,58
B017596,Lower-Middle,317448,Salaried,11,C,635,North,23
B017597,Low,287099,Business Owner,12,D,640,North,52
B017598,High,3922585,Freelancer,18,B,776,West,54
B017599,Low,207965,Self-Employed,6,D,516,North,44
B017600,Middle,955937,Business Owner,4,C,695,East,22
B017601,Middle,621742,Salaried,3,D,615,West,35
B017602,Lower-Middle,509663,Salaried,3,E,513,East,55
B017603,Low,220220,Business Owner,24,D,615,North,58
B017604,Low,223048,Salaried,14,A,866,South,43
B017605,Low,287087,Salaried,28,E,475,North,41
B017606,Middle,849465,Freelancer,20,D,593,Central,30
B017607,Upper-Middle,1715959,Salaried,15,B,798,West,41
B017608,Low,177132,Salaried,27,C,704,Central,49
B017609,Middle,886460,Salaried,12,E,464,North,62
B017610,Lower-Middle,370344,Self-Employed,29,F,438,South,42
B017611,Low,174193,Salaried,14,E,482,South,24
B017612,Middle,947491,Self-Employed,24,F,398,West,29
B017613,Lower-Middle,477390,Salaried,16,D,583,North,42
B017614,Middle,657112,Business Owner,24,C,723,Central,56
B017615,Lower-Middle,462490,Freelancer,2,E,455,East,47
B017616,Middle,859065,Salaried,3,C,662,Central,33
B017617,High,3774153,Business Owner,16,E,509,South,62
B017618,Lower-Middle,357163,Salaried,12,D,585,Central,31
B017619,High,2212220,Salaried,24,B,764,Central,21
B017620,Lower-Middle,516043,Salaried,21,C,699,East,51
B017621,Low,210263,Salaried,26,B,728,Central,23
B017622,Lower-Middle,514155,Unemployed,15,B,750,South,39
B017623,Upper-Middle,1159480,Business Owner,2,C,743,West,27
B017624,Middle,855071,Freelancer,6,B,740,Central,36
B017625,High,2246191,Salaried,2,A,859,North,36
B017626,Middle,767478,Self-Employed,6,B,754,East,45
B017627,Lower-Middle,571950,Self-Employed,1,D,537,North,63
B017628,Upper-Middle,1178326,Salaried,16,E,469,East,50
B017629,High,2281527,Business Owner,2,C,649,South,27
B017630,Upper-Middle,1561252,Freelancer,26,D,608,North,26
B017631,Middle,696044,Freelancer,0,D,562,Central,35
B017632,Upper-Middle,1445815,Freelancer,8,D,615,South,60
B017633,Low,236754,Salaried,24,G,300,West,40
B017634,Upper-Middle,1691221,Freelancer,8,D,596,North,37
B017635,High,1916763,Freelancer,14,D,592,South,32
B017636,Middle,972259,Self-Employed,28,F,404,North,29
B017637,Lower-Middle,502415,Salaried,3,D,605,West,42
B017638,Low,278736,Salaried,8,C,678,South,26
B017639,High,2785398,Salaried,20,E,512,Central,41
B017640,Upper-Middle,1113621,Salaried,2,B,724,East,60
B017641,Upper-Middle,1690244,Freelancer,24,D,552,North,26
B017642,High,2707367,Unemployed,12,E,477,West,23
B017643,Middle,818633,Freelancer,0,D,554,Central,28
B017644,Upper-Middle,1316764,Salaried,21,B,770,West,52
B017645,Low,161428,Self-Employed,15,D,583,West,23
B017646,Lower-Middle,366079,Salaried,29,E,533,Central,21
B017647,Middle,981625,Salaried,19,C,692,North,24
B017648,Lower-Middle,478791,Salaried,10,F,387,South,59
B017649,Lower-Middle,452955,Freelancer,19,A,857,West,21
B017650,Upper-Middle,1031113,Business Owner,0,D,604,West,61
B017651,Low,281494,Business Owner,22,B,780,North,47
B017652,Middle,993592,Salaried,11,D,586,North,32
B017653,Low,159567,Salaried,13,F,380,East,60
B017654,Upper-Middle,1589016,Self-Employed,16,D,583,South,23
B017655,Lower-Middle,587827,Self-Employed,20,C,647,North,29
B017656,Upper-Middle,1744060,Freelancer,6,E,512,East,22
B017657,Middle,861599,Salaried,5,C,692,South,33
B017658,Lower-Middle,462819,Salaried,18,D,568,Central,63
B017659,Lower-Middle,320759,Freelancer,23,C,677,Central,45
B017660,Low,231485,Salaried,5,D,588,North,49
B017661,Lower-Middle,561194,Self-Employed,6,E,495,Central,30
B017662,Lower-Middle,345611,Freelancer,29,D,563,South,62
B017663,Low,172977,Business Owner,8,B,744,North,62
B017664,Upper-Middle,1649636,Business Owner,4,A,870,North,42
B017665,Lower-Middle,590727,Salaried,18,B,773,South,41
B017666,Lower-Middle,325012,Self-Employed,21,E,509,East,56
B017667,Lower-Middle,345697,Salaried,12,G,316,Central,40
B017668,Middle,759854,Self-Employed,22,D,546,South,62
B017669,Middle,974912,Self-Employed,6,E,495,West,33
B017670,Middle,635645,Salaried,16,A,851,North,32
B017671,Middle,615126,Salaried,15,E,476,Central,29
B017672,Middle,969709,Salaried,7,C,626,East,24
B017673,Lower-Middle,428908,Salaried,1,B,726,East,59
B017674,Lower-Middle,472625,Salaried,12,C,651,East,33
B017675,Middle,740958,Freelancer,12,D,580,West,43
B017676,Lower-Middle,489866,Salaried,22,D,601,West,45
B017677,Upper-Middle,1425259,Salaried,6,A,888,South,26
B017678,Middle,607129,Self-Employed,11,C,659,Central,51
B017679,Middle,671133,Self-Employed,12,E,506,North,28
B017680,Middle,621648,Salaried,12,E,499,Central,63
B017681,High,2032229,Salaried,5,B,790,West,42
B017682,Lower-Middle,348351,Salaried,15,B,798,North,55
B017683,Lower-Middle,572511,Salaried,28,D,615,East,45
B017684,Upper-Middle,1167070,Salaried,19,D,601,South,24
B017685,Middle,996224,Self-Employed,28,D,579,North,56
B017686,Lower-Middle,570878,Self-Employed,24,D,584,Central,61
B017687,Lower-Middle,427683,Salaried,26,D,583,Central,44
B017688,Lower-Middle,322411,Self-Employed,27,C,663,East,58
B017689,Upper-Middle,1771341,Salaried,23,E,463,North,35
B017690,Lower-Middle,524437,Freelancer,0,F,350,South,30
B017691,Low,198339,Self-Employed,8,D,541,West,53
B017692,Low,190663,Self-Employed,23,C,664,East,60
B017693,High,3748816,Salaried,7,G,310,East,33
B017694,Middle,912820,Salaried,20,A,861,Central,30
B017695,Middle,683587,Salaried,24,G,313,North,30
B017696,High,2262293,Freelancer,28,D,599,Central,44
B017697,Lower-Middle,539981,Salaried,16,E,487,Central,50
B017698,Upper-Middle,1693685,Salaried,10,C,696,South,54
B017699,Middle,810381,Business Owner,27,C,686,Central,27
B017700,Middle,661382,Self-Employed,27,B,745,South,25
B017701,Upper-Middle,1196177,Self-Employed,12,B,791,West,52
B017702,High,3235071,Freelancer,3,C,663,West,52
B017703,Lower-Middle,351797,Salaried,28,B,758,Central,39
B017704,Low,154910,Salaried,12,D,580,North,43
B017705,Upper-Middle,1239914,Freelancer,14,E,506,East,28
B017706,Lower-Middle,492958,Salaried,12,A,894,Central,43
B017707,Middle,796120,Business Owner,1,E,470,North,34
B017708,Lower-Middle,587030,Salaried,1,C,696,North,48
B017709,Upper-Middle,1107537,Salaried,4,D,623,North,63
B017710,Middle,971156,Salaried,11,D,614,East,24
B017711,High,2840307,Freelancer,17,E,473,East,61
B017712,Middle,977303,Salaried,9,A,881,West,26
B017713,High,2195768,Salaried,6,A,857,East,28
B017714,Middle,704193,Salaried,25,B,730,Central,28
B017715,Middle,744589,Salaried,19,G,300,North,21
B017716,Middle,649827,Salaried,16,C,637,West,27
B017717,Middle,676647,Freelancer,11,D,583,East,55
B017718,Middle,764053,Self-Employed,2,C,677,East,40
B017719,Lower-Middle,467587,Salaried,3,D,583,East,40
B017720,Lower-Middle,472103,Salaried,12,C,647,West,47
B017721,Middle,602735,Salaried,21,B,733,West,30
B017722,Low,270014,Salaried,8,C,679,Central,26
B017723,Middle,721100,Salaried,23,B,778,South,36
B017724,Lower-Middle,521006,Freelancer,5,C,671,North,53
B017725,Lower-Middle,381372,Salaried,23,C,648,North,27
B017726,Middle,713700,Salaried,14,E,478,West,58
B017727,Lower-Middle,478745,Self-Employed,7,B,776,North,21
B017728,High,1837236,Salaried,9,B,741,West,25
B017729,High,2061344,Business Owner,7,B,774,North,35
B017730,Middle,987338,Business Owner,14,E,483,Central,28
B017731,Lower-Middle,437753,Salaried,17,B,755,Central,40
B017732,Low,273918,Freelancer,13,E,518,South,37
B017733,Upper-Middle,1655870,Salaried,1,C,672,Central,43
B017734,Low,150900,Salaried,7,C,651,Central,49
B017735,High,2816430,Self-Employed,2,C,635,Central,30
B017736,High,3169236,Business Owner,5,C,622,West,24
B017737,Low,269099,Salaried,29,C,673,South,23
B017738,Middle,986411,Salaried,18,C,669,South,36
B017739,Middle,656990,Freelancer,16,G,351,South,56
B017740,Middle,881460,Self-Employed,19,D,590,Central,64
B017741,Low,216024,Self-Employed,3,F,414,West,55
B017742,Middle,757644,Salaried,6,F,387,North,43
B017743,Low,150159,Self-Employed,17,C,653,North,43
B017744,Upper-Middle,1792137,Self-Employed,3,E,509,Central,28
B017745,Middle,847226,Salaried,3,C,662,East,34
B017746,Middle,851782,Salaried,23,D,558,East,47
B017747,High,3859414,Self-Employed,14,E,524,Central,22
B017748,Upper-Middle,1187410,Business Owner,23,D,573,East,36
B017749,Middle,881644,Business Owner,25,D,559,East,49
B017750,Lower-Middle,438002,Self-Employed,16,A,900,Central,60
B017751,Middle,795159,Self-Employed,27,G,300,South,58
B017752,Lower-Middle,535350,Salaried,16,A,839,Central,62
B017753,High,2391622,Business Owner,4,B,794,North,49
B017754,Lower-Middle,580944,Freelancer,4,A,900,Central,31
B017755,Lower-Middle,446429,Business Owner,29,D,583,North,30
B017756,Upper-Middle,1413130,Freelancer,25,C,712,East,61
B017757,Lower-Middle,417488,Freelancer,19,F,397,South,51
B017758,Upper-Middle,1060943,Salaried,11,D,558,West,55
B017759,Lower-Middle,466176,Salaried,27,E,464,East,43
B017760,Low,248485,Self-Employed,6,B,796,West,27
B017761,Middle,620296,Salaried,14,C,685,East,47
B017762,Middle,718647,Business Owner,12,D,588,South,57
B017763,High,3625340,Salaried,4,B,742,West,31
B017764,Lower-Middle,448587,Salaried,4,C,661,South,28
B017765,Low,240392,Salaried,20,E,501,South,40
B017766,Lower-Middle,410076,Salaried,7,D,555,Central,21
B017767,Lower-Middle,317152,Salaried,22,F,370,Central,25
B017768,Middle,824156,Salaried,12,D,569,East,55
B017769,Lower-Middle,376461,Salaried,27,B,762,Central,59
B017770,Middle,883966,Salaried,6,F,394,South,36
B017771,Upper-Middle,1316656,Self-Employed,11,G,350,North,24
B017772,Lower-Middle,452621,Self-Employed,7,D,621,Central,61
B017773,Middle,824591,Salaried,11,A,858,Central,61
B017774,Lower-Middle,516704,Unemployed,14,B,736,East,40
B017775,Upper-Middle,1649599,Salaried,22,E,501,Central,62
B017776,Lower-Middle,330266,Self-Employed,21,A,839,Central,47
B017777,Middle,637334,Freelancer,3,C,600,South,50
B017778,Lower-Middle,348214,Freelancer,14,C,715,North,53
B017779,Low,248699,Salaried,4,E,461,West,32
B017780,Lower-Middle,375328,Salaried,29,C,720,Central,58
B017781,Lower-Middle,532080,Business Owner,2,D,580,East,27
B017782,Upper-Middle,1307194,Self-Employed,2,D,613,East,28
B017783,Lower-Middle,425888,Business Owner,7,E,529,South,25
B017784,High,3029054,Salaried,15,C,693,South,29
B017785,Middle,846541,Freelancer,17,B,768,West,55
B017786,Lower-Middle,305475,Freelancer,12,B,764,South,60
B017787,Lower-Middle,424248,Business Owner,21,B,766,East,26
B017788,Lower-Middle,544981,Freelancer,5,B,727,West,33
B017789,Upper-Middle,1488216,Salaried,8,C,653,South,31
B017790,Low,191238,Salaried,0,B,712,South,49
B017791,Upper-Middle,1743689,Self-Employed,17,E,480,West,58
B017792,Low,295276,Self-Employed,0,A,814,West,24
B017793,Lower-Middle,439527,Salaried,23,G,325,West,35
B017794,Low,202080,Salaried,21,A,795,East,50
B017795,Middle,949149,Self-Employed,21,C,663,North,60
B017796,Middle,712816,Salaried,17,E,496,West,29
B017797,High,3401146,Business Owner,27,F,407,North,43
B017798,Lower-Middle,505872,Freelancer,18,A,811,South,56
B017799,Low,245103,Salaried,24,E,524,West,57
B017800,Upper-Middle,1128778,Business Owner,7,E,490,South,53
B017801,Middle,670387,Salaried,8,C,658,Central,54
B017802,Upper-Middle,1310000,Salaried,17,D,552,West,46
B017803,Lower-Middle,462677,Freelancer,21,C,667,Central,22
B017804,Upper-Middle,1291629,Salaried,9,C,631,East,27
B017805,Low,259803,Salaried,14,A,852,East,56
B017806,High,2410515,Freelancer,28,A,806,North,32
B017807,Low,240925,Salaried,18,D,566,Central,51
B017808,Upper-Middle,1196276,Salaried,0,A,841,West,22
B017809,Lower-Middle,432337,Salaried,2,B,741,Central,47
B017810,Upper-Middle,1340053,Salaried,29,A,835,South,34
B017811,Upper-Middle,1407768,Salaried,23,D,565,South,46
B017812,Upper-Middle,1602317,Business Owner,29,D,580,South,37
B017813,Middle,736423,Salaried,25,E,515,East,54
B017814,Lower-Middle,493426,Salaried,28,G,345,Central,41
B017815,Upper-Middle,1717649,Self-Employed,17,G,335,South,55
B017816,Middle,725114,Salaried,25,B,795,South,64
B017817,Middle,805656,Salaried,7,C,697,North,39
B017818,Lower-Middle,390638,Unemployed,10,D,578,East,52
B017819,Lower-Middle,549044,Business Owner,17,A,842,North,41
B017820,Lower-Middle,387069,Self-Employed,26,B,805,North,38
B017821,Middle,994055,Self-Employed,4,E,491,South,51
B017822,Lower-Middle,319940,Business Owner,7,C,642,East,58
B017823,Lower-Middle,568338,Self-Employed,10,D,593,East,34
B017824,Upper-Middle,1641632,Salaried,10,E,532,Central,37
B017825,Middle,661731,Salaried,20,E,512,Central,39
B017826,Upper-Middle,1533535,Salaried,29,F,395,East,36
B017827,Lower-Middle,311130,Freelancer,15,F,429,Central,29
B017828,Lower-Middle,316430,Self-Employed,7,C,644,Central,23
B017829,Middle,826999,Salaried,3,D,591,North,33
B017830,Lower-Middle,476036,Salaried,9,B,753,East,53
B017831,Middle,724041,Freelancer,0,G,300,South,61
B017832,Low,280706,Salaried,23,C,651,North,29
B017833,Middle,842062,Business Owner,3,C,675,West,38
B017834,Low,246509,Business Owner,23,F,400,East,31
B017835,Middle,842940,Freelancer,15,D,605,West,58
B017836,Upper-Middle,1323352,Salaried,10,C,645,South,36
B017837,Low,160339,Business Owner,19,A,900,Central,26
B017838,Middle,825686,Salaried,24,D,586,East,57
B017839,Middle,929938,Freelancer,16,D,590,South,27
B017840,Middle,962451,Salaried,16,D,600,South,58
B017841,Low,170416,Self-Employed,0,B,722,South,44
B017842,Lower-Middle,520016,Salaried,19,E,542,North,45
B017843,Upper-Middle,1168011,Freelancer,28,C,654,Central,41
B017844,Middle,682938,Salaried,26,F,424,South,61
B017845,Upper-Middle,1051928,Salaried,10,D,593,West,29
B017846,Lower-Middle,591752,Business Owner,12,F,392,East,39
B017847,High,3445759,Salaried,26,A,869,North,23
B017848,Low,200808,Salaried,4,F,396,Central,47
B017849,Low,278294,Salaried,4,F,410,Central,48
B017850,Middle,658035,Freelancer,25,D,597,West,61
B017851,Middle,736314,Self-Employed,6,G,311,South,49
B017852,Middle,619764,Self-Employed,17,E,498,North,43
B017853,Lower-Middle,430996,Freelancer,19,G,300,West,51
B017854,Lower-Middle,376259,Business Owner,28,E,468,West,41
B017855,Upper-Middle,1791735,Salaried,27,F,423,Central,62
B017856,Lower-Middle,356883,Salaried,18,B,740,North,22
B017857,Middle,668472,Self-Employed,27,B,798,Central,36
B017858,Middle,619021,Self-Employed,2,D,557,North,59
B017859,Low,225655,Salaried,12,E,491,North,50
B017860,Middle,631682,Freelancer,9,C,686,West,29
B017861,Upper-Middle,1610454,Salaried,28,C,699,West,53
B017862,Upper-Middle,1334404,Salaried,23,B,765,South,41
B017863,Low,299056,Salaried,10,F,452,West,47
B017864,Middle,628065,Freelancer,8,E,450,South,55
B017865,High,2775297,Salaried,24,A,796,North,53
B017866,Middle,988267,Salaried,24,A,812,South,43
B017867,Lower-Middle,429091,Salaried,16,G,300,Central,55
B017868,Lower-Middle,404163,Unemployed,27,C,638,East,55
B017869,Middle,654514,Salaried,12,D,566,West,44
B017870,Upper-Middle,1484386,Salaried,13,F,387,West,57
B017871,High,2489217,Freelancer,18,G,300,West,39
B017872,Upper-Middle,1457491,Self-Employed,24,A,820,West,58
B017873,Lower-Middle,576369,Salaried,14,D,580,North,54
B017874,Middle,830059,Salaried,7,G,329,North,24
B017875,Low,159396,Self-Employed,28,B,748,North,40
B017876,Low,224057,Salaried,12,D,573,North,30
B017877,Low,256049,Salaried,29,E,514,West,30
B017878,High,3116908,Salaried,22,A,870,East,61
B017879,Low,170342,Freelancer,0,C,658,South,56
B017880,Middle,770491,Business Owner,5,B,790,Central,32
B017881,Lower-Middle,459334,Self-Employed,1,A,842,East,48
B017882,Lower-Middle,415754,Salaried,10,A,865,West,52
B017883,Middle,969493,Salaried,11,C,640,West,27
B017884,Low,297748,Unemployed,9,D,560,North,44
B017885,Lower-Middle,528265,Self-Employed,13,G,300,South,49
B017886,Middle,968583,Salaried,28,F,399,South,62
B017887,Upper-Middle,1750144,Business Owner,8,F,387,West,41
B017888,Middle,739457,Salaried,14,E,470,South,32
B017889,Upper-Middle,1272937,Salaried,22,A,856,East,42
B017890,Lower-Middle,312371,Salaried,9,C,693,Central,56
B017891,Low,182421,Freelancer,24,E,486,South,28
B017892,Lower-Middle,346314,Business Owner,9,G,315,Central,39
B017893,High,2169035,Salaried,23,C,668,South,25
B017894,Lower-Middle,347509,Salaried,11,E,466,North,31
B017895,Low,200542,Freelancer,5,G,300,North,25
B017896,High,3228970,Salaried,8,D,615,East,42
B017897,High,3700095,Salaried,14,E,480,North,51
B017898,Low,177315,Freelancer,9,G,359,South,44
B017899,Upper-Middle,1519603,Freelancer,1,E,478,South,25
B017900,Lower-Middle,454631,Salaried,12,B,742,South,25
B017901,Middle,858851,Salaried,9,G,362,North,40
B017902,Middle,602709,Business Owner,20,E,524,East,29
B017903,High,3653031,Salaried,25,C,655,South,27
B017904,Lower-Middle,417289,Self-Employed,7,G,306,West,61
B017905,Upper-Middle,1627184,Self-Employed,25,A,796,East,37
B017906,Low,201246,Self-Employed,17,F,417,East,50
B017907,Middle,984857,Salaried,12,E,476,West,40
B017908,Middle,869222,Business Owner,22,C,667,East,51
B017909,Upper-Middle,1742629,Freelancer,5,F,370,North,35
B017910,High,2711226,Self-Employed,5,A,880,West,36
B017911,Upper-Middle,1237481,Salaried,11,G,300,Central,59
B017912,Upper-Middle,1362885,Unemployed,21,D,589,East,44
B017913,Lower-Middle,343127,Salaried,18,D,577,West,54
B017914,High,2287018,Salaried,18,G,347,West,22
B017915,Middle,751134,Salaried,9,A,870,North,35
B017916,Lower-Middle,401710,Salaried,9,D,582,North,27
B017917,Middle,616894,Salaried,0,E,485,West,22
B017918,Lower-Middle,364348,Business Owner,17,B,732,South,63
B017919,Middle,846861,Salaried,11,A,808,South,56
B017920,Lower-Middle,569127,Salaried,29,D,546,East,30
B017921,Lower-Middle,359775,Freelancer,18,C,677,East,32
B017922,High,2266102,Salaried,15,D,600,Central,42
B017923,High,3439590,Self-Employed,23,D,608,Central,34
B017924,Middle,855201,Freelancer,24,C,669,North,61
B017925,High,3749512,Salaried,5,B,761,East,42
B017926,Lower-Middle,343681,Salaried,20,B,748,West,49
B017927,Lower-Middle,570672,Salaried,0,B,750,South,51
B017928,High,2412274,Self-Employed,23,E,507,East,28
B017929,Middle,710304,Salaried,3,B,742,West,44
B017930,Upper-Middle,1336589,Freelancer,2,G,315,West,40
B017931,Lower-Middle,588703,Self-Employed,11,A,853,Central,53
B017932,Lower-Middle,330884,Self-Employed,27,C,669,North,41
B017933,Low,243157,Freelancer,7,E,488,East,23
B017934,High,3669993,Salaried,5,A,878,East,41
B017935,Lower-Middle,583659,Business Owner,8,D,593,Central,58
B017936,Middle,907954,Business Owner,9,C,678,East,58
B017937,Low,159563,Self-Employed,4,G,327,North,31
B017938,Middle,928648,Self-Employed,20,B,749,South,45
B017939,Lower-Middle,533199,Salaried,6,A,877,Central,49
B017940,Upper-Middle,1756961,Business Owner,10,D,607,North,54
B017941,Middle,672083,Self-Employed,17,C,658,Central,34
B017942,Low,225360,Business Owner,13,F,402,East,37
B017943,Low,209348,Freelancer,7,F,394,South,59
B017944,Lower-Middle,507980,Self-Employed,11,E,507,South,51
B017945,Middle,664329,Freelancer,28,B,770,South,27
B017946,Upper-Middle,1034010,Salaried,27,D,555,Central,39
B017947,Lower-Middle,394811,Salaried,10,A,847,Central,22
B017948,Middle,888846,Salaried,9,A,884,West,54
B017949,Lower-Middle,491624,Salaried,4,B,752,North,36
B017950,Upper-Middle,1238413,Self-Employed,5,D,604,North,53
B017951,High,3107387,Salaried,17,C,710,Central,62
B017952,Upper-Middle,1424893,Self-Employed,4,E,490,South,35
B017953,Low,196857,Freelancer,24,D,613,North,64
B017954,Lower-Middle,305961,Business Owner,2,C,643,South,36
B017955,High,2910079,Salaried,6,B,765,West,35
B017956,Lower-Middle,302831,Unemployed,27,D,591,West,57
B017957,Middle,883094,Business Owner,24,D,567,South,23
B017958,High,2270989,Business Owner,22,B,750,East,47
B017959,Upper-Middle,1253312,Salaried,26,D,594,Central,28
B017960,Middle,645040,Self-Employed,18,F,404,South,48
B017961,Middle,823538,Salaried,19,B,772,North,33
B017962,High,2053135,Salaried,23,E,560,South,63
B017963,Lower-Middle,431718,Salaried,16,G,306,Central,34
B017964,Upper-Middle,1532662,Self-Employed,17,F,368,East,30
B017965,Lower-Middle,590910,Salaried,15,B,741,West,54
B017966,Upper-Middle,1409982,Salaried,26,A,848,South,43
B017967,High,2300887,Self-Employed,18,E,454,Central,50
B017968,Middle,874251,Salaried,7,C,676,North,29
B017969,Lower-Middle,391988,Salaried,15,B,796,North,32
B017970,Low,191721,Freelancer,19,C,711,Central,31
B017971,Upper-Middle,1507570,Freelancer,8,D,581,West,54
B017972,Middle,623366,Freelancer,24,B,774,Central,47
B017973,Lower-Middle,416661,Business Owner,2,A,874,East,35
B017974,Upper-Middle,1294044,Salaried,1,E,559,West,26
B017975,High,2136389,Salaried,16,C,672,East,47
B017976,Upper-Middle,1484912,Salaried,4,B,738,North,27
B017977,Middle,909001,Freelancer,12,G,302,South,63
B017978,High,2475840,Salaried,24,E,470,Central,31
B017979,Upper-Middle,1298823,Salaried,22,C,680,Central,36
B017980,Low,206920,Business Owner,0,C,689,East,43
B017981,High,3082067,Self-Employed,23,E,491,Central,31
B017982,Middle,906778,Salaried,24,E,471,South,63
B017983,High,2118463,Freelancer,10,F,385,South,46
B017984,Upper-Middle,1012277,Self-Employed,17,A,873,West,50
B017985,Middle,896988,Freelancer,0,D,567,North,25
B017986,Lower-Middle,402959,Salaried,17,C,734,North,49
B017987,Low,228546,Salaried,2,G,300,South,55
B017988,Lower-Middle,498996,Salaried,16,A,824,North,37
B017989,Middle,997131,Salaried,5,D,557,East,54
B017990,Upper-Middle,1611876,Salaried,23,E,521,West,24
B017991,Low,198933,Salaried,7,E,483,West,49
B017992,Lower-Middle,355298,Salaried,20,D,571,North,56
B017993,Middle,815342,Salaried,12,C,716,Central,46
B017994,Lower-Middle,450016,Salaried,7,F,336,East,22
B017995,Low,168545,Salaried,0,D,588,South,41
B017996,Low,218687,Salaried,23,D,573,East,53
B017997,Middle,985580,Salaried,21,E,553,North,25
B017998,Middle,816065,Salaried,20,C,658,Central,36
B017999,Upper-Middle,1792622,Freelancer,0,D,561,East,53
B018000,Lower-Middle,359128,Salaried,25,C,687,South,41
